row_id,order_id,order_date,ship_date,ship_mode,customer_name,segment,region,city,category,sub_category,product_name,quantity,discount,sales,profit
1,ORD-1000,2024-07-23,2024-07-30,Standard Class,Liam Novak,Consumer,East,Philadelphia,Office Supplies,Paper,Paper - Model 859,2,0.3,76.72,10.96
2,ORD-1001,2023-05-12,2023-05-18,Standard Class,Liam Chen,Corporate,Central,Houston,Office Supplies,Art,Art - Model 399,1,0.0,37.87,17.04
3,ORD-1001,2023-05-12,2023-05-18,Standard Class,Liam Chen,Corporate,Central,Houston,Office Supplies,Art,Art - Model 177,1,0.0,33.19,14.93
4,ORD-1002,2025-10-22,2025-10-28,Standard Class,Maria Nguyen,Home Office,Central,Chicago,Technology,Machines,Machines - Model 530,3,0.3,1261.48,-54.07
5,ORD-1003,2023-05-15,2023-05-19,Second Class,Priya Diaz,Consumer,Central,Chicago,Office Supplies,Labels,Labels - Model 763,1,0.3,17.69,2.53
6,ORD-1004,2025-05-05,2025-05-05,Same Day,Carlos Garcia,Home Office,South,Charlotte,Furniture,Bookcases,Bookcases - Model 998,1,0.2,201.29,5.03
7,ORD-1005,2025-08-03,2025-08-09,Standard Class,Noah Diaz,Consumer,South,Nashville,Office Supplies,Labels,Labels - Model 981,1,0.1,30.2,11.74
8,ORD-1006,2025-05-27,2025-05-29,First Class,Wei Khan,Home Office,East,Philadelphia,Technology,Copiers,Copiers - Model 727,1,0.1,360.07,88.02
9,ORD-1006,2025-05-27,2025-05-29,First Class,Wei Khan,Home Office,East,Philadelphia,Technology,Copiers,Copiers - Model 503,2,0.2,966.78,145.01
10,ORD-1007,2023-02-28,2023-03-04,Second Class,Ethan Khan,Corporate,Central,Minneapolis,Office Supplies,Storage,Storage - Model 433,3,0.0,100.18,45.08
11,ORD-1008,2023-04-11,2023-04-12,Same Day,Noah Patel,Corporate,West,Seattle,Office Supplies,Paper,Paper - Model 230,2,0.15,52.36,18.48
12,ORD-1008,2023-04-11,2023-04-12,Same Day,Noah Patel,Corporate,West,Seattle,Office Supplies,Paper,Paper - Model 515,4,0.0,123.76,55.69
13,ORD-1008,2023-04-11,2023-04-12,Same Day,Noah Patel,Corporate,West,Seattle,Office Supplies,Paper,Paper - Model 557,2,0.0,78.55,35.35
14,ORD-1009,2025-12-01,2025-12-07,Standard Class,Ivy Silva,Corporate,Central,Dallas,Office Supplies,Art,Art - Model 927,2,0.0,31.06,13.98
15,ORD-1010,2023-02-09,2023-02-15,Standard Class,Wei Müller,Corporate,East,New York,Office Supplies,Paper,Paper - Model 682,3,0.1,114.98,44.72
16,ORD-1011,2024-04-17,2024-04-24,Standard Class,Liam Rossi,Home Office,Central,Houston,Office Supplies,Art,Art - Model 567,3,0.1,108.73,42.28
17,ORD-1012,2023-02-15,2023-02-17,First Class,Wei Kim,Consumer,South,Atlanta,Furniture,Tables,Tables - Model 734,1,0.2,68.93,1.72
18,ORD-1013,2025-07-26,2025-08-01,Standard Class,Fatima Nguyen,Consumer,Central,Houston,Technology,Phones,Phones - Model 994,2,0.15,560.49,112.1
19,ORD-1014,2024-02-29,2024-03-07,Standard Class,Noah Smith,Consumer,Central,Dallas,Technology,Copiers,Copiers - Model 989,5,0.0,1413.08,452.19
20,ORD-1015,2024-07-04,2024-07-10,Standard Class,Ivy Garcia,Consumer,South,Nashville,Furniture,Tables,Tables - Model 273,1,0.0,202.32,44.51
21,ORD-1016,2023-11-16,2023-11-23,Standard Class,Sofia Novak,Consumer,West,Los Angeles,Technology,Copiers,Copiers - Model 673,3,0.0,1120.92,358.69
22,ORD-1017,2025-03-04,2025-03-10,Standard Class,James Brown,Consumer,South,Nashville,Technology,Copiers,Copiers - Model 445,2,0.2,585.49,87.82
23,ORD-1018,2024-01-08,2024-01-15,Standard Class,Aisha Brown,Home Office,East,New York,Office Supplies,Binders,Binders - Model 259,1,0.3,30.84,4.41
24,ORD-1019,2025-01-26,2025-02-01,Standard Class,Aisha Chen,Consumer,Central,Chicago,Office Supplies,Art,Art - Model 685,2,0.15,87.33,30.82
25,ORD-1019,2025-01-26,2025-02-01,Standard Class,Aisha Chen,Consumer,Central,Chicago,Office Supplies,Art,Art - Model 912,5,0.15,23.28,8.21
26,ORD-1019,2025-01-26,2025-02-01,Standard Class,Aisha Chen,Consumer,Central,Chicago,Office Supplies,Art,Art - Model 827,1,0.15,18.59,6.56
27,ORD-1020,2024-04-26,2024-04-30,Second Class,Wei Silva,Consumer,South,Atlanta,Office Supplies,Labels,Labels - Model 774,1,0.15,12.55,4.43
28,ORD-1021,2025-11-20,2025-11-26,Standard Class,Wei Diaz,Consumer,West,Phoenix,Furniture,Furnishings,Furnishings - Model 314,4,0.2,596.88,14.92
29,ORD-1022,2023-02-10,2023-02-16,Standard Class,Liam Novak,Corporate,East,Newark,Technology,Phones,Phones - Model 878,1,0.0,512.43,163.98
30,ORD-1023,2024-11-11,2024-11-17,Standard Class,Wei Garcia,Consumer,Central,Houston,Technology,Machines,Machines - Model 703,1,0.2,51.01,7.65
31,ORD-1024,2025-09-15,2025-09-21,Standard Class,Ethan Garcia,Home Office,East,Boston,Furniture,Chairs,Chairs - Model 673,3,0.4,206.05,-78.98
32,ORD-1025,2023-11-21,2023-11-27,Standard Class,Yuki Diaz,Corporate,Central,Chicago,Office Supplies,Storage,Storage - Model 452,1,0.0,57.64,25.94
33,ORD-1025,2023-11-21,2023-11-27,Standard Class,Yuki Diaz,Corporate,Central,Chicago,Office Supplies,Storage,Storage - Model 371,1,0.0,21.48,9.67
34,ORD-1026,2025-08-22,2025-08-22,Same Day,Noah Rossi,Corporate,South,Nashville,Technology,Accessories,Accessories - Model 984,4,0.1,641.35,156.77
35,ORD-1027,2025-03-23,2025-03-27,Second Class,Wei Novak,Consumer,West,Phoenix,Furniture,Tables,Tables - Model 886,3,0.15,702.0,57.81
36,ORD-1028,2024-11-26,2024-11-26,Same Day,Carlos Diaz,Corporate,Central,Houston,Technology,Copiers,Copiers - Model 386,1,0.15,444.96,88.99
37,ORD-1029,2025-11-12,2025-11-18,Standard Class,Maria Smith,Consumer,East,Newark,Furniture,Chairs,Chairs - Model 321,2,0.0,326.25,71.77
38,ORD-1030,2023-02-22,2023-02-28,Standard Class,Noah Kim,Corporate,South,Atlanta,Office Supplies,Binders,Binders - Model 472,1,0.0,42.93,19.32
39,ORD-1031,2025-08-02,2025-08-08,Standard Class,Priya Patel,Consumer,West,Los Angeles,Technology,Accessories,Accessories - Model 856,1,0.1,514.68,125.81
40,ORD-1032,2025-08-03,2025-08-10,Standard Class,Sofia Diaz,Consumer,East,Newark,Office Supplies,Paper,Paper - Model 180,1,0.3,29.21,4.17
41,ORD-1033,2023-01-11,2023-01-17,Standard Class,Noah Okafor,Consumer,East,Philadelphia,Office Supplies,Binders,Binders - Model 630,4,0.1,130.37,50.7
42,ORD-1033,2023-01-11,2023-01-17,Standard Class,Noah Okafor,Consumer,East,Philadelphia,Office Supplies,Binders,Binders - Model 361,3,0.2,99.18,30.99
43,ORD-1034,2024-09-01,2024-09-01,Same Day,Yuki Brown,Corporate,East,Boston,Technology,Accessories,Accessories - Model 840,1,0.0,589.33,188.59
44,ORD-1035,2023-03-27,2023-04-02,Standard Class,Noah Smith,Corporate,East,Philadelphia,Office Supplies,Binders,Binders - Model 763,2,0.0,76.25,34.31
45,ORD-1036,2023-06-07,2023-06-13,Standard Class,Maria Brown,Consumer,South,Miami,Technology,Machines,Machines - Model 625,4,0.1,1604.52,392.21
46,ORD-1037,2023-07-01,2023-07-08,Standard Class,Carlos Nguyen,Consumer,West,Seattle,Technology,Machines,Machines - Model 854,1,0.2,442.31,66.35
47,ORD-1038,2023-10-05,2023-10-12,Standard Class,Liam Novak,Corporate,West,Phoenix,Office Supplies,Binders,Binders - Model 781,2,0.0,62.18,27.98
48,ORD-1038,2023-10-05,2023-10-12,Standard Class,Liam Novak,Corporate,West,Phoenix,Office Supplies,Binders,Binders - Model 944,2,0.0,55.84,25.13
49,ORD-1038,2023-10-05,2023-10-12,Standard Class,Liam Novak,Corporate,West,Phoenix,Office Supplies,Binders,Binders - Model 184,1,0.15,32.99,11.64
50,ORD-1039,2023-06-13,2023-06-20,Standard Class,Omar Diaz,Consumer,South,Nashville,Office Supplies,Labels,Labels - Model 759,2,0.15,60.14,21.22
51,ORD-1039,2023-06-13,2023-06-20,Standard Class,Omar Diaz,Consumer,South,Nashville,Office Supplies,Labels,Labels - Model 499,3,0.1,10.8,4.2
52,ORD-1040,2025-08-05,2025-08-11,Standard Class,Maria Silva,Home Office,Central,Dallas,Office Supplies,Labels,Labels - Model 746,1,0.1,32.94,12.81
53,ORD-1040,2025-08-05,2025-08-11,Standard Class,Maria Silva,Home Office,Central,Dallas,Office Supplies,Labels,Labels - Model 617,1,0.1,40.89,15.9
54,ORD-1041,2025-10-21,2025-10-27,Standard Class,Aisha Brown,Consumer,West,San Francisco,Furniture,Tables,Tables - Model 715,1,0.0,295.99,65.12
55,ORD-1042,2025-04-05,2025-04-12,Standard Class,Ethan Müller,Consumer,East,Boston,Office Supplies,Storage,Storage - Model 140,2,0.1,78.97,30.71
56,ORD-1043,2025-08-25,2025-08-31,Standard Class,Ethan Diaz,Home Office,West,Phoenix,Technology,Copiers,Copiers - Model 946,1,0.0,241.82,77.38
57,ORD-1043,2025-08-25,2025-08-31,Standard Class,Ethan Diaz,Home Office,West,Phoenix,Technology,Copiers,Copiers - Model 373,1,0.2,278.48,41.77
58,ORD-1043,2025-08-25,2025-08-31,Standard Class,Ethan Diaz,Home Office,West,Phoenix,Technology,Copiers,Copiers - Model 173,2,0.0,580.92,185.9
59,ORD-1044,2023-10-05,2023-10-07,First Class,Liam Silva,Consumer,Central,Houston,Office Supplies,Labels,Labels - Model 463,1,0.3,23.24,3.32
60,ORD-1045,2023-05-13,2023-05-19,Standard Class,Omar Brown,Consumer,South,Charlotte,Office Supplies,Storage,Storage - Model 320,4,0.0,196.72,88.53
61,ORD-1046,2024-08-08,2024-08-15,Standard Class,Wei Diaz,Home Office,West,Los Angeles,Technology,Copiers,Copiers - Model 842,2,0.1,1224.17,299.24
62,ORD-1047,2024-04-20,2024-04-26,Standard Class,Liam Garcia,Home Office,South,Atlanta,Furniture,Tables,Tables - Model 598,1,0.0,232.62,51.18
63,ORD-1048,2023-06-21,2023-06-26,Second Class,Priya Nguyen,Consumer,East,Boston,Furniture,Bookcases,Bookcases - Model 854,3,0.1,734.84,97.98
64,ORD-1048,2023-06-21,2023-06-26,Second Class,Priya Nguyen,Consumer,East,Boston,Furniture,Bookcases,Bookcases - Model 237,1,0.0,280.11,61.62
65,ORD-1048,2023-06-21,2023-06-26,Second Class,Priya Nguyen,Consumer,East,Boston,Furniture,Bookcases,Bookcases - Model 148,3,0.1,958.84,127.85
66,ORD-1049,2023-08-21,2023-08-26,Second Class,Priya Okafor,Consumer,East,Philadelphia,Furniture,Tables,Tables - Model 511,2,0.0,432.49,95.15
67,ORD-1050,2023-06-17,2023-06-22,Second Class,Maria Khan,Corporate,Central,Dallas,Office Supplies,Paper,Paper - Model 986,1,0.15,13.81,4.87
68,ORD-1050,2023-06-17,2023-06-22,Second Class,Maria Khan,Corporate,Central,Dallas,Office Supplies,Paper,Paper - Model 860,2,0.2,68.39,21.37
69,ORD-1050,2023-06-17,2023-06-22,Second Class,Maria Khan,Corporate,Central,Dallas,Office Supplies,Paper,Paper - Model 424,2,0.0,62.59,28.17
70,ORD-1051,2025-11-03,2025-11-07,Second Class,Ethan Rossi,Corporate,West,Phoenix,Office Supplies,Art,Art - Model 915,1,0.0,34.27,15.42
71,ORD-1052,2024-05-23,2024-05-29,Standard Class,Liam Silva,Corporate,West,Seattle,Furniture,Bookcases,Bookcases - Model 775,3,0.2,866.77,21.67
72,ORD-1053,2023-07-08,2023-07-14,Standard Class,Omar Diaz,Corporate,West,San Francisco,Furniture,Furnishings,Furnishings - Model 770,5,0.1,283.19,37.76
73,ORD-1054,2023-12-17,2023-12-22,Second Class,Ivy Silva,Home Office,East,Philadelphia,Office Supplies,Binders,Binders - Model 499,1,0.1,38.97,15.16
74,ORD-1054,2023-12-17,2023-12-22,Second Class,Ivy Silva,Home Office,East,Philadelphia,Office Supplies,Binders,Binders - Model 827,2,0.0,87.11,39.2
75,ORD-1054,2023-12-17,2023-12-22,Second Class,Ivy Silva,Home Office,East,Philadelphia,Office Supplies,Binders,Binders - Model 319,4,0.2,90.92,28.41
76,ORD-1055,2025-12-07,2025-12-11,Second Class,Fatima Müller,Consumer,West,Seattle,Office Supplies,Art,Art - Model 360,1,0.0,40.45,18.2
77,ORD-1056,2024-12-20,2024-12-27,Standard Class,Wei Rossi,Consumer,West,Los Angeles,Technology,Copiers,Copiers - Model 505,1,0.0,381.75,122.16
78,ORD-1057,2025-12-29,2026-01-04,Standard Class,Noah Okafor,Home Office,West,San Francisco,Technology,Machines,Machines - Model 162,1,0.2,377.66,56.65
79,ORD-1058,2023-09-02,2023-09-05,First Class,Ethan Khan,Consumer,Central,Chicago,Office Supplies,Paper,Paper - Model 128,5,0.4,111.63,0.0
80,ORD-1059,2024-07-19,2024-07-23,Second Class,Aisha Patel,Consumer,South,Miami,Office Supplies,Binders,Binders - Model 146,3,0.2,51.74,16.17
81,ORD-1060,2025-09-19,2025-09-26,Standard Class,Noah Smith,Corporate,East,Philadelphia,Technology,Accessories,Accessories - Model 376,1,0.0,421.33,134.82
82,ORD-1061,2024-08-07,2024-08-13,Standard Class,Omar Patel,Corporate,East,New York,Furniture,Tables,Tables - Model 686,1,0.2,185.38,4.63
83,ORD-1061,2024-08-07,2024-08-13,Standard Class,Omar Patel,Corporate,East,New York,Furniture,Tables,Tables - Model 139,2,0.2,263.82,6.6
84,ORD-1062,2023-04-12,2023-04-17,Second Class,James Novak,Consumer,West,San Francisco,Office Supplies,Art,Art - Model 517,1,0.15,8.91,3.15
85,ORD-1063,2025-11-19,2025-11-25,Standard Class,Priya Kim,Home Office,East,New York,Technology,Accessories,Accessories - Model 265,2,0.0,658.85,210.83
86,ORD-1064,2025-11-12,2025-11-19,Standard Class,Maria Müller,Consumer,West,Seattle,Office Supplies,Art,Art - Model 576,3,0.0,195.31,87.89
87,ORD-1065,2024-02-12,2024-02-18,Standard Class,Priya Müller,Home Office,West,Phoenix,Office Supplies,Paper,Paper - Model 674,1,0.1,36.1,14.04
88,ORD-1066,2025-01-10,2025-01-16,Standard Class,Fatima Khan,Corporate,East,Philadelphia,Furniture,Furnishings,Furnishings - Model 900,4,0.0,1298.52,285.67
89,ORD-1067,2024-01-08,2024-01-14,Standard Class,Aisha Khan,Consumer,West,Seattle,Furniture,Chairs,Chairs - Model 262,1,0.2,220.24,5.51
90,ORD-1068,2023-12-17,2023-12-24,Standard Class,Priya Rossi,Corporate,West,San Francisco,Furniture,Furnishings,Furnishings - Model 898,1,0.0,17.26,3.8
91,ORD-1068,2023-12-17,2023-12-24,Standard Class,Priya Rossi,Corporate,West,San Francisco,Furniture,Furnishings,Furnishings - Model 965,1,0.2,40.81,1.02
92,ORD-1069,2024-07-30,2024-08-05,Standard Class,James Rossi,Corporate,West,San Francisco,Technology,Copiers,Copiers - Model 253,2,0.4,288.09,-62.43
93,ORD-1069,2024-07-30,2024-08-05,Standard Class,James Rossi,Corporate,West,San Francisco,Technology,Copiers,Copiers - Model 522,1,0.1,380.17,92.93
94,ORD-1069,2024-07-30,2024-08-05,Standard Class,James Rossi,Corporate,West,San Francisco,Technology,Copiers,Copiers - Model 215,1,0.0,491.87,157.4
95,ORD-1070,2025-05-24,2025-05-31,Standard Class,Wei Khan,Consumer,Central,Dallas,Technology,Machines,Machines - Model 971,1,0.1,346.84,84.78
96,ORD-1070,2025-05-24,2025-05-31,Standard Class,Wei Khan,Consumer,Central,Dallas,Technology,Machines,Machines - Model 610,2,0.1,532.16,130.09
97,ORD-1070,2025-05-24,2025-05-31,Standard Class,Wei Khan,Consumer,Central,Dallas,Technology,Machines,Machines - Model 578,1,0.0,319.81,102.34
98,ORD-1071,2023-04-14,2023-04-19,Second Class,Noah Garcia,Corporate,West,Phoenix,Office Supplies,Paper,Paper - Model 331,2,0.15,73.29,25.87
99,ORD-1071,2023-04-14,2023-04-19,Second Class,Noah Garcia,Corporate,West,Phoenix,Office Supplies,Paper,Paper - Model 193,4,0.0,215.31,96.89
100,ORD-1072,2025-10-08,2025-10-15,Standard Class,Liam Novak,Corporate,East,Newark,Furniture,Tables,Tables - Model 768,2,0.0,141.63,31.16
101,ORD-1072,2025-10-08,2025-10-15,Standard Class,Liam Novak,Corporate,East,Newark,Furniture,Tables,Tables - Model 988,1,0.2,208.83,5.22
102,ORD-1073,2023-03-05,2023-03-09,Second Class,Wei Novak,Corporate,East,Boston,Technology,Copiers,Copiers - Model 621,2,0.2,390.25,58.54
103,ORD-1073,2023-03-05,2023-03-09,Second Class,Wei Novak,Corporate,East,Boston,Technology,Copiers,Copiers - Model 436,3,0.1,120.49,29.46
104,ORD-1074,2024-09-10,2024-09-17,Standard Class,Liam Chen,Consumer,West,Los Angeles,Technology,Phones,Phones - Model 853,4,0.0,1964.57,628.66
105,ORD-1075,2025-10-26,2025-10-31,Second Class,Omar Novak,Corporate,Central,Chicago,Office Supplies,Binders,Binders - Model 502,2,0.0,93.7,42.16
106,ORD-1076,2023-06-02,2023-06-08,Standard Class,James Rossi,Consumer,East,Philadelphia,Technology,Accessories,Accessories - Model 976,4,0.1,1815.86,443.87
107,ORD-1077,2024-01-29,2024-02-04,Standard Class,Ivy Garcia,Home Office,East,Philadelphia,Furniture,Furnishings,Furnishings - Model 379,4,0.0,1267.75,278.9
108,ORD-1078,2025-09-25,2025-09-27,First Class,Wei Diaz,Corporate,South,Atlanta,Office Supplies,Labels,Labels - Model 359,1,0.3,21.26,3.04
109,ORD-1079,2023-12-07,2023-12-13,Standard Class,Noah Khan,Home Office,South,Atlanta,Office Supplies,Paper,Paper - Model 846,4,0.0,159.84,71.93
110,ORD-1079,2023-12-07,2023-12-13,Standard Class,Noah Khan,Home Office,South,Atlanta,Office Supplies,Paper,Paper - Model 967,2,0.1,71.04,27.63
111,ORD-1079,2023-12-07,2023-12-13,Standard Class,Noah Khan,Home Office,South,Atlanta,Office Supplies,Paper,Paper - Model 908,3,0.1,143.24,55.7
112,ORD-1080,2024-05-15,2024-05-21,Standard Class,Priya Diaz,Consumer,East,Boston,Technology,Phones,Phones - Model 383,2,0.0,627.16,200.69
113,ORD-1081,2023-06-22,2023-06-23,Same Day,Yuki Chen,Home Office,East,Boston,Technology,Phones,Phones - Model 312,1,0.0,380.72,121.83
114,ORD-1082,2024-09-14,2024-09-19,Second Class,Wei Khan,Corporate,East,Philadelphia,Technology,Machines,Machines - Model 953,1,0.0,287.72,92.07
115,ORD-1083,2024-11-10,2024-11-15,Second Class,Fatima Kim,Consumer,East,Philadelphia,Office Supplies,Binders,Binders - Model 911,1,0.15,38.33,13.53
116,ORD-1084,2025-04-15,2025-04-21,Standard Class,Ivy Patel,Consumer,Central,Houston,Technology,Accessories,Accessories - Model 759,2,0.0,1141.68,365.34
117,ORD-1085,2024-10-11,2024-10-16,Second Class,Wei Silva,Consumer,East,Philadelphia,Technology,Accessories,Accessories - Model 527,2,0.15,821.39,164.28
118,ORD-1086,2025-04-23,2025-04-28,Second Class,Ivy Okafor,Home Office,South,Charlotte,Office Supplies,Binders,Binders - Model 578,3,0.1,95.83,37.27
119,ORD-1086,2025-04-23,2025-04-28,Second Class,Ivy Okafor,Home Office,South,Charlotte,Office Supplies,Binders,Binders - Model 293,1,0.0,13.35,6.01
120,ORD-1087,2024-11-17,2024-11-24,Standard Class,Maria Novak,Consumer,East,New York,Furniture,Tables,Tables - Model 361,3,0.15,636.54,52.42
121,ORD-1088,2025-07-04,2025-07-10,Standard Class,Carlos Silva,Consumer,South,Atlanta,Furniture,Tables,Tables - Model 315,1,0.1,134.98,18.0
122,ORD-1089,2023-04-30,2023-05-03,First Class,Sofia Okafor,Consumer,West,Los Angeles,Office Supplies,Storage,Storage - Model 265,3,0.0,27.56,12.4
123,ORD-1090,2023-10-26,2023-11-02,Standard Class,Fatima Rossi,Consumer,West,Phoenix,Office Supplies,Storage,Storage - Model 936,4,0.4,74.73,-0.01
124,ORD-1091,2024-11-02,2024-11-06,Second Class,Ethan Silva,Consumer,West,Phoenix,Office Supplies,Paper,Paper - Model 544,2,0.2,62.06,19.39
125,ORD-1092,2025-12-19,2025-12-23,Second Class,Ivy Brown,Home Office,East,Newark,Technology,Copiers,Copiers - Model 665,1,0.1,399.6,97.68
126,ORD-1093,2025-10-24,2025-10-31,Standard Class,Aisha Chen,Consumer,West,Los Angeles,Furniture,Bookcases,Bookcases - Model 953,2,0.0,248.85,54.75
127,ORD-1094,2023-07-12,2023-07-15,First Class,Liam Novak,Corporate,East,Boston,Office Supplies,Labels,Labels - Model 348,2,0.0,73.97,33.29
128,ORD-1094,2023-07-12,2023-07-15,First Class,Liam Novak,Corporate,East,Boston,Office Supplies,Labels,Labels - Model 620,3,0.15,90.03,31.77
129,ORD-1094,2023-07-12,2023-07-15,First Class,Liam Novak,Corporate,East,Boston,Office Supplies,Labels,Labels - Model 440,1,0.0,17.19,7.73
130,ORD-1095,2024-09-17,2024-09-24,Standard Class,James Silva,Consumer,Central,Houston,Office Supplies,Binders,Binders - Model 771,1,0.0,46.55,20.95
131,ORD-1096,2025-01-25,2025-01-31,Standard Class,Carlos Silva,Corporate,South,Atlanta,Office Supplies,Labels,Labels - Model 187,1,0.1,15.83,6.16
132,ORD-1097,2023-11-13,2023-11-16,First Class,Omar Müller,Consumer,West,Seattle,Furniture,Chairs,Chairs - Model 948,3,0.0,1454.39,319.97
133,ORD-1098,2023-10-08,2023-10-12,Second Class,Priya Khan,Consumer,West,Phoenix,Technology,Copiers,Copiers - Model 586,1,0.2,510.58,76.58
134,ORD-1098,2023-10-08,2023-10-12,Second Class,Priya Khan,Consumer,West,Phoenix,Technology,Copiers,Copiers - Model 374,3,0.0,872.35,279.15
135,ORD-1099,2025-12-03,2025-12-09,Standard Class,Sofia Kim,Home Office,South,Charlotte,Office Supplies,Art,Art - Model 554,2,0.1,30.1,11.71
136,ORD-1100,2024-09-29,2024-10-04,Second Class,Carlos Silva,Corporate,South,Nashville,Office Supplies,Binders,Binders - Model 570,5,0.15,168.97,59.63
137,ORD-1101,2025-10-02,2025-10-07,Second Class,Wei Silva,Consumer,West,Los Angeles,Office Supplies,Art,Art - Model 887,1,0.4,15.86,0.0
138,ORD-1102,2024-06-09,2024-06-14,Second Class,Priya Novak,Corporate,East,Boston,Technology,Machines,Machines - Model 644,3,0.1,525.57,128.48
139,ORD-1103,2024-06-26,2024-07-03,Standard Class,Wei Garcia,Consumer,South,Nashville,Technology,Copiers,Copiers - Model 145,4,0.15,1318.25,263.65
140,ORD-1104,2025-03-15,2025-03-22,Standard Class,Ivy Smith,Consumer,West,Phoenix,Furniture,Chairs,Chairs - Model 934,2,0.15,337.54,27.8
141,ORD-1104,2025-03-15,2025-03-22,Standard Class,Ivy Smith,Consumer,West,Phoenix,Furniture,Chairs,Chairs - Model 577,2,0.1,719.72,95.96
142,ORD-1104,2025-03-15,2025-03-22,Standard Class,Ivy Smith,Consumer,West,Phoenix,Furniture,Chairs,Chairs - Model 152,4,0.2,1043.5,26.09
143,ORD-1105,2024-01-18,2024-01-24,Standard Class,Noah Nguyen,Home Office,South,Atlanta,Office Supplies,Labels,Labels - Model 252,1,0.0,47.83,21.52
144,ORD-1106,2023-03-09,2023-03-16,Standard Class,Sofia Novak,Corporate,Central,Minneapolis,Office Supplies,Art,Art - Model 472,2,0.15,58.86,20.78
145,ORD-1106,2023-03-09,2023-03-16,Standard Class,Sofia Novak,Corporate,Central,Minneapolis,Office Supplies,Art,Art - Model 502,2,0.0,92.41,41.59
146,ORD-1107,2024-04-05,2024-04-12,Standard Class,Carlos Patel,Home Office,South,Atlanta,Office Supplies,Binders,Binders - Model 776,3,0.0,83.8,37.71
147,ORD-1107,2024-04-05,2024-04-12,Standard Class,Carlos Patel,Home Office,South,Atlanta,Office Supplies,Binders,Binders - Model 294,4,0.0,102.05,45.92
148,ORD-1108,2025-12-14,2025-12-21,Standard Class,Ethan Chen,Corporate,West,Seattle,Furniture,Bookcases,Bookcases - Model 775,2,0.0,349.36,76.86
149,ORD-1109,2024-05-04,2024-05-11,Standard Class,Ivy Chen,Corporate,East,Boston,Office Supplies,Labels,Labels - Model 845,2,0.1,64.59,25.12
150,ORD-1110,2024-11-09,2024-11-16,Standard Class,Omar Garcia,Consumer,Central,Minneapolis,Office Supplies,Art,Art - Model 532,2,0.3,60.8,8.69
151,ORD-1110,2024-11-09,2024-11-16,Standard Class,Omar Garcia,Consumer,Central,Minneapolis,Office Supplies,Art,Art - Model 229,1,0.0,15.5,6.98
152,ORD-1111,2023-04-15,2023-04-21,Standard Class,Liam Silva,Consumer,South,Charlotte,Office Supplies,Labels,Labels - Model 238,2,0.0,59.15,26.62
153,ORD-1111,2023-04-15,2023-04-21,Standard Class,Liam Silva,Consumer,South,Charlotte,Office Supplies,Labels,Labels - Model 237,1,0.15,26.58,9.38
154,ORD-1111,2023-04-15,2023-04-21,Standard Class,Liam Silva,Consumer,South,Charlotte,Office Supplies,Labels,Labels - Model 307,2,0.15,69.43,24.5
155,ORD-1112,2025-07-19,2025-07-25,Standard Class,Priya Rossi,Corporate,West,Seattle,Technology,Phones,Phones - Model 990,4,0.3,1043.2,-44.7
156,ORD-1113,2023-12-20,2023-12-22,First Class,Wei Novak,Consumer,East,Boston,Technology,Copiers,Copiers - Model 672,1,0.0,517.23,165.51
157,ORD-1113,2023-12-20,2023-12-22,First Class,Wei Novak,Consumer,East,Boston,Technology,Copiers,Copiers - Model 592,2,0.1,887.47,216.94
158,ORD-1114,2024-03-23,2024-03-30,Standard Class,Sofia Müller,Home Office,East,Boston,Office Supplies,Storage,Storage - Model 304,1,0.0,21.3,9.58
159,ORD-1115,2023-07-13,2023-07-19,Standard Class,Wei Nguyen,Consumer,East,Newark,Technology,Phones,Phones - Model 239,2,0.0,1008.16,322.61
160,ORD-1116,2025-05-29,2025-06-05,Standard Class,Liam Nguyen,Consumer,South,Miami,Furniture,Furnishings,Furnishings - Model 693,5,0.1,628.53,83.8
161,ORD-1117,2024-09-04,2024-09-10,Standard Class,Maria Patel,Consumer,Central,Chicago,Office Supplies,Binders,Binders - Model 667,2,0.1,18.73,7.29
162,ORD-1118,2023-08-31,2023-09-07,Standard Class,Omar Brown,Consumer,Central,Houston,Office Supplies,Storage,Storage - Model 610,1,0.2,32.44,10.14
163,ORD-1119,2025-10-10,2025-10-13,First Class,Carlos Chen,Home Office,East,Boston,Furniture,Furnishings,Furnishings - Model 785,5,0.1,1244.6,165.94
164,ORD-1119,2025-10-10,2025-10-13,First Class,Carlos Chen,Home Office,East,Boston,Furniture,Furnishings,Furnishings - Model 943,3,0.1,773.16,103.09
165,ORD-1119,2025-10-10,2025-10-13,First Class,Carlos Chen,Home Office,East,Boston,Furniture,Furnishings,Furnishings - Model 652,2,0.0,376.5,82.83
166,ORD-1120,2024-12-26,2024-12-31,Second Class,Priya Diaz,Consumer,East,Newark,Office Supplies,Paper,Paper - Model 438,1,0.0,22.54,10.14
167,ORD-1120,2024-12-26,2024-12-31,Second Class,Priya Diaz,Consumer,East,Newark,Office Supplies,Paper,Paper - Model 297,4,0.15,102.19,36.07
168,ORD-1120,2024-12-26,2024-12-31,Second Class,Priya Diaz,Consumer,East,Newark,Office Supplies,Paper,Paper - Model 279,4,0.0,73.85,33.24
169,ORD-1121,2025-07-21,2025-07-25,Second Class,Noah Novak,Corporate,South,Atlanta,Technology,Machines,Machines - Model 235,1,0.0,302.06,96.66
170,ORD-1122,2024-06-04,2024-06-10,Standard Class,Ethan Müller,Home Office,South,Charlotte,Office Supplies,Labels,Labels - Model 956,4,0.1,100.16,38.95
171,ORD-1123,2023-11-06,2023-11-10,Second Class,Wei Rossi,Consumer,East,New York,Office Supplies,Storage,Storage - Model 716,1,0.0,32.11,14.45
172,ORD-1124,2024-11-03,2024-11-08,Second Class,Noah Diaz,Consumer,East,Boston,Office Supplies,Binders,Binders - Model 454,2,0.1,63.68,24.76
173,ORD-1124,2024-11-03,2024-11-08,Second Class,Noah Diaz,Consumer,East,Boston,Office Supplies,Binders,Binders - Model 868,2,0.0,62.9,28.31
174,ORD-1125,2024-04-06,2024-04-11,Second Class,Maria Silva,Corporate,South,Miami,Office Supplies,Labels,Labels - Model 356,4,0.4,81.31,0.0
175,ORD-1126,2025-03-18,2025-03-24,Standard Class,Aisha Kim,Consumer,Central,Chicago,Furniture,Furnishings,Furnishings - Model 236,1,0.1,305.87,40.78
176,ORD-1127,2025-12-06,2025-12-12,Standard Class,James Rossi,Consumer,East,Philadelphia,Office Supplies,Storage,Storage - Model 181,2,0.4,49.01,0.01
177,ORD-1128,2025-12-02,2025-12-04,First Class,Liam Chen,Consumer,East,Boston,Office Supplies,Labels,Labels - Model 279,1,0.0,51.03,22.97
178,ORD-1129,2023-02-04,2023-02-11,Standard Class,Sofia Okafor,Corporate,Central,Dallas,Office Supplies,Paper,Paper - Model 419,2,0.0,116.95,52.63
179,ORD-1130,2023-04-21,2023-04-28,Standard Class,Omar Garcia,Consumer,East,Newark,Office Supplies,Storage,Storage - Model 366,3,0.0,210.01,94.5
180,ORD-1131,2025-01-20,2025-01-27,Standard Class,Noah Patel,Corporate,East,Philadelphia,Office Supplies,Storage,Storage - Model 949,1,0.0,41.5,18.67
181,ORD-1132,2023-04-29,2023-05-06,Standard Class,Fatima Silva,Consumer,East,Boston,Office Supplies,Paper,Paper - Model 446,1,0.0,23.79,10.71
182,ORD-1133,2024-01-20,2024-01-27,Standard Class,Aisha Rossi,Corporate,South,Miami,Technology,Copiers,Copiers - Model 787,3,0.2,1265.98,189.9
183,ORD-1133,2024-01-20,2024-01-27,Standard Class,Aisha Rossi,Corporate,South,Miami,Technology,Copiers,Copiers - Model 377,1,0.4,176.73,-38.29
184,ORD-1134,2024-05-02,2024-05-07,Second Class,Omar Garcia,Corporate,East,New York,Office Supplies,Art,Art - Model 865,1,0.0,25.22,11.35
185,ORD-1134,2024-05-02,2024-05-07,Second Class,Omar Garcia,Corporate,East,New York,Office Supplies,Art,Art - Model 138,1,0.0,46.16,20.77
186,ORD-1135,2024-04-10,2024-04-13,First Class,Fatima Garcia,Consumer,West,Phoenix,Office Supplies,Paper,Paper - Model 331,1,0.1,33.63,13.08
187,ORD-1136,2024-03-28,2024-03-28,Same Day,Fatima Okafor,Home Office,South,Miami,Furniture,Furnishings,Furnishings - Model 573,2,0.0,533.61,117.4
188,ORD-1137,2023-07-01,2023-07-08,Standard Class,Priya Patel,Consumer,West,Seattle,Technology,Machines,Machines - Model 440,1,0.15,364.04,72.81
189,ORD-1138,2023-10-14,2023-10-21,Standard Class,Liam Okafor,Corporate,East,Philadelphia,Furniture,Tables,Tables - Model 927,2,0.3,489.02,-90.81
190,ORD-1139,2023-04-07,2023-04-10,First Class,Aisha Patel,Consumer,South,Miami,Office Supplies,Art,Art - Model 474,1,0.15,33.24,11.73
191,ORD-1140,2024-11-01,2024-11-05,Second Class,Noah Kim,Corporate,East,Boston,Technology,Phones,Phones - Model 943,1,0.0,412.49,132.0
192,ORD-1141,2024-05-26,2024-06-01,Standard Class,Sofia Müller,Consumer,Central,Dallas,Office Supplies,Storage,Storage - Model 996,1,0.1,29.13,11.33
193,ORD-1142,2025-04-25,2025-05-01,Standard Class,Ethan Müller,Home Office,South,Miami,Technology,Accessories,Accessories - Model 152,5,0.1,2355.4,575.77
194,ORD-1143,2023-01-21,2023-01-27,Standard Class,Ethan Silva,Consumer,Central,Minneapolis,Technology,Machines,Machines - Model 571,3,0.2,719.38,107.91
195,ORD-1144,2025-08-09,2025-08-16,Standard Class,Ivy Diaz,Corporate,East,New York,Office Supplies,Storage,Storage - Model 269,1,0.0,54.39,24.48
196,ORD-1145,2025-08-30,2025-09-05,Standard Class,Wei Chen,Corporate,South,Atlanta,Office Supplies,Art,Art - Model 368,1,0.0,15.62,7.03
197,ORD-1146,2025-11-12,2025-11-17,Second Class,Carlos Brown,Consumer,East,Boston,Office Supplies,Paper,Paper - Model 655,2,0.2,60.83,19.01
198,ORD-1147,2025-12-25,2025-12-31,Standard Class,Carlos Smith,Consumer,East,Newark,Furniture,Chairs,Chairs - Model 786,1,0.0,201.74,44.38
199,ORD-1148,2023-01-30,2023-02-05,Standard Class,Fatima Nguyen,Consumer,West,Phoenix,Office Supplies,Storage,Storage - Model 376,1,0.2,40.11,12.54
200,ORD-1149,2023-06-01,2023-06-05,Second Class,Fatima Rossi,Corporate,South,Nashville,Furniture,Tables,Tables - Model 253,1,0.15,289.87,23.87
201,ORD-1150,2023-03-24,2023-03-30,Standard Class,Carlos Rossi,Consumer,Central,Minneapolis,Office Supplies,Paper,Paper - Model 460,2,0.4,70.45,0.0
202,ORD-1151,2025-10-31,2025-11-02,First Class,Sofia Nguyen,Corporate,East,Philadelphia,Office Supplies,Binders,Binders - Model 725,2,0.0,63.38,28.52
203,ORD-1152,2023-12-01,2023-12-07,Standard Class,Carlos Brown,Corporate,East,Newark,Furniture,Tables,Tables - Model 723,1,0.0,109.59,24.11
204,ORD-1152,2023-12-01,2023-12-07,Standard Class,Carlos Brown,Corporate,East,Newark,Furniture,Tables,Tables - Model 342,3,0.4,357.68,-137.11
205,ORD-1153,2023-04-27,2023-05-01,Second Class,Noah Silva,Consumer,South,Miami,Technology,Machines,Machines - Model 650,1,0.1,279.66,68.36
206,ORD-1154,2023-08-11,2023-08-17,Standard Class,Noah Brown,Home Office,South,Miami,Technology,Machines,Machines - Model 450,2,0.0,957.86,306.52
207,ORD-1155,2023-09-17,2023-09-24,Standard Class,Fatima Nguyen,Consumer,South,Nashville,Office Supplies,Labels,Labels - Model 187,1,0.15,4.35,1.53
208,ORD-1155,2023-09-17,2023-09-24,Standard Class,Fatima Nguyen,Consumer,South,Nashville,Office Supplies,Labels,Labels - Model 901,3,0.2,85.25,26.64
209,ORD-1156,2023-12-20,2023-12-26,Standard Class,Omar Patel,Corporate,Central,Dallas,Technology,Accessories,Accessories - Model 244,2,0.1,817.76,199.89
210,ORD-1157,2023-03-05,2023-03-11,Standard Class,Noah Okafor,Corporate,South,Charlotte,Office Supplies,Art,Art - Model 858,1,0.0,24.39,10.97
211,ORD-1158,2024-08-30,2024-09-06,Standard Class,Fatima Khan,Corporate,East,New York,Office Supplies,Labels,Labels - Model 132,2,0.2,43.61,13.63
212,ORD-1159,2025-03-03,2025-03-09,Standard Class,James Okafor,Consumer,East,Newark,Office Supplies,Labels,Labels - Model 948,1,0.0,57.32,25.79
213,ORD-1160,2023-02-10,2023-02-15,Second Class,Carlos Chen,Consumer,South,Nashville,Technology,Machines,Machines - Model 683,4,0.2,1769.15,265.37
214,ORD-1161,2024-07-25,2024-08-01,Standard Class,Sofia Diaz,Consumer,South,Charlotte,Office Supplies,Art,Art - Model 954,1,0.3,19.91,2.85
215,ORD-1161,2024-07-25,2024-08-01,Standard Class,Sofia Diaz,Consumer,South,Charlotte,Office Supplies,Art,Art - Model 891,2,0.1,44.75,17.4
216,ORD-1162,2024-05-21,2024-05-27,Standard Class,Ivy Kim,Home Office,East,Philadelphia,Furniture,Chairs,Chairs - Model 303,1,0.1,157.48,21.0
217,ORD-1163,2025-11-03,2025-11-08,Second Class,Priya Nguyen,Corporate,Central,Houston,Technology,Phones,Phones - Model 825,1,0.0,441.2,141.18
218,ORD-1164,2024-07-12,2024-07-19,Standard Class,Carlos Silva,Corporate,West,Phoenix,Office Supplies,Storage,Storage - Model 971,1,0.1,39.94,15.53
219,ORD-1165,2023-12-23,2023-12-29,Standard Class,Carlos Brown,Consumer,East,Boston,Office Supplies,Storage,Storage - Model 390,2,0.1,96.55,37.55
220,ORD-1166,2024-03-09,2024-03-15,Standard Class,Yuki Diaz,Consumer,Central,Chicago,Office Supplies,Art,Art - Model 775,2,0.15,71.06,25.08
221,ORD-1166,2024-03-09,2024-03-15,Standard Class,Yuki Diaz,Consumer,Central,Chicago,Office Supplies,Art,Art - Model 442,1,0.3,39.78,5.68
222,ORD-1167,2024-01-24,2024-01-30,Standard Class,Maria Kim,Consumer,Central,Dallas,Office Supplies,Storage,Storage - Model 875,4,0.15,129.19,45.6
223,ORD-1168,2023-05-17,2023-05-19,First Class,Sofia Rossi,Home Office,East,Boston,Technology,Accessories,Accessories - Model 469,3,0.0,1569.01,502.08
224,ORD-1169,2023-04-22,2023-04-28,Standard Class,Noah Silva,Consumer,South,Charlotte,Technology,Copiers,Copiers - Model 369,1,0.1,419.24,102.48
225,ORD-1170,2025-09-22,2025-09-25,First Class,Aisha Smith,Consumer,South,Charlotte,Office Supplies,Paper,Paper - Model 849,1,0.1,56.56,22.0
226,ORD-1171,2025-02-04,2025-02-11,Standard Class,Ivy Novak,Home Office,Central,Chicago,Office Supplies,Storage,Storage - Model 844,4,0.0,156.65,70.49
227,ORD-1172,2023-03-15,2023-03-18,First Class,Liam Müller,Consumer,West,Seattle,Office Supplies,Labels,Labels - Model 719,1,0.2,38.18,11.93
228,ORD-1173,2024-03-10,2024-03-16,Standard Class,Wei Khan,Home Office,West,Seattle,Furniture,Bookcases,Bookcases - Model 616,2,0.0,618.39,136.05
229,ORD-1174,2024-06-29,2024-07-05,Standard Class,Omar Khan,Corporate,East,Boston,Office Supplies,Art,Art - Model 698,1,0.1,48.45,18.84
230,ORD-1174,2024-06-29,2024-07-05,Standard Class,Omar Khan,Corporate,East,Boston,Office Supplies,Art,Art - Model 356,1,0.15,43.84,15.47
231,ORD-1175,2023-07-07,2023-07-09,First Class,Ivy Kim,Home Office,West,San Francisco,Technology,Copiers,Copiers - Model 941,1,0.0,583.27,186.65
232,ORD-1176,2025-01-07,2025-01-10,First Class,Ethan Khan,Consumer,Central,Houston,Office Supplies,Labels,Labels - Model 370,5,0.0,192.84,86.78
233,ORD-1177,2023-10-01,2023-10-04,First Class,Ethan Okafor,Home Office,East,Boston,Furniture,Tables,Tables - Model 600,1,0.0,277.78,61.11
234,ORD-1178,2023-12-04,2023-12-06,First Class,Omar Rossi,Consumer,South,Atlanta,Office Supplies,Paper,Paper - Model 330,1,0.1,36.85,14.33
235,ORD-1179,2025-12-19,2025-12-25,Standard Class,Carlos Rossi,Consumer,East,Newark,Furniture,Furnishings,Furnishings - Model 131,1,0.0,92.46,20.34
236,ORD-1180,2024-11-02,2024-11-08,Standard Class,Aisha Kim,Consumer,Central,Minneapolis,Technology,Machines,Machines - Model 238,3,0.2,1088.1,163.22
237,ORD-1180,2024-11-02,2024-11-08,Standard Class,Aisha Kim,Consumer,Central,Minneapolis,Technology,Machines,Machines - Model 143,1,0.1,359.34,87.84
238,ORD-1180,2024-11-02,2024-11-08,Standard Class,Aisha Kim,Consumer,Central,Minneapolis,Technology,Machines,Machines - Model 527,1,0.0,419.69,134.3
239,ORD-1181,2023-05-09,2023-05-13,Second Class,Noah Garcia,Corporate,West,San Francisco,Office Supplies,Art,Art - Model 584,3,0.0,98.77,44.45
240,ORD-1181,2023-05-09,2023-05-13,Second Class,Noah Garcia,Corporate,West,San Francisco,Office Supplies,Art,Art - Model 173,5,0.2,82.69,25.84
241,ORD-1181,2023-05-09,2023-05-13,Second Class,Noah Garcia,Corporate,West,San Francisco,Office Supplies,Art,Art - Model 621,1,0.15,29.48,10.4
242,ORD-1182,2025-04-23,2025-04-29,Standard Class,Fatima Nguyen,Consumer,Central,Houston,Office Supplies,Paper,Paper - Model 757,1,0.2,23.4,7.32
243,ORD-1183,2023-08-16,2023-08-23,Standard Class,Sofia Nguyen,Consumer,West,Seattle,Office Supplies,Paper,Paper - Model 889,2,0.0,78.12,35.15
244,ORD-1183,2023-08-16,2023-08-23,Standard Class,Sofia Nguyen,Consumer,West,Seattle,Office Supplies,Paper,Paper - Model 959,3,0.1,41.02,15.95
245,ORD-1184,2023-05-22,2023-05-28,Standard Class,Carlos Smith,Corporate,East,Newark,Office Supplies,Art,Art - Model 442,1,0.15,57.18,20.18
246,ORD-1185,2024-04-19,2024-04-26,Standard Class,Liam Diaz,Consumer,East,Boston,Furniture,Chairs,Chairs - Model 789,2,0.2,376.41,9.41
247,ORD-1186,2023-12-18,2023-12-23,Second Class,Sofia Khan,Consumer,West,Los Angeles,Office Supplies,Art,Art - Model 572,1,0.0,27.12,12.21
248,ORD-1187,2025-07-11,2025-07-13,First Class,Aisha Khan,Corporate,East,New York,Furniture,Tables,Tables - Model 229,1,0.0,192.14,42.27
249,ORD-1188,2024-03-15,2024-03-21,Standard Class,Aisha Kim,Corporate,East,New York,Office Supplies,Paper,Paper - Model 593,4,0.0,154.65,69.59
250,ORD-1189,2025-02-13,2025-02-13,Same Day,Liam Nguyen,Corporate,Central,Houston,Furniture,Furnishings,Furnishings - Model 211,2,0.0,643.04,141.47
251,ORD-1189,2025-02-13,2025-02-13,Same Day,Liam Nguyen,Corporate,Central,Houston,Furniture,Furnishings,Furnishings - Model 445,1,0.4,171.94,-65.91
252,ORD-1189,2025-02-13,2025-02-13,Same Day,Liam Nguyen,Corporate,Central,Houston,Furniture,Furnishings,Furnishings - Model 633,2,0.3,344.87,-64.04
253,ORD-1190,2024-09-13,2024-09-19,Standard Class,Wei Rossi,Consumer,Central,Chicago,Office Supplies,Binders,Binders - Model 868,5,0.0,124.66,56.1
254,ORD-1191,2023-06-26,2023-07-02,Standard Class,Liam Diaz,Consumer,Central,Dallas,Office Supplies,Paper,Paper - Model 634,4,0.15,182.7,64.49
255,ORD-1192,2025-05-11,2025-05-17,Standard Class,Ethan Chen,Consumer,South,Atlanta,Office Supplies,Labels,Labels - Model 212,1,0.0,24.82,11.17
256,ORD-1192,2025-05-11,2025-05-17,Standard Class,Ethan Chen,Consumer,South,Atlanta,Office Supplies,Labels,Labels - Model 391,5,0.2,176.87,55.27
257,ORD-1193,2023-06-18,2023-06-21,First Class,Priya Patel,Consumer,Central,Chicago,Furniture,Tables,Tables - Model 322,5,0.0,921.47,202.73
258,ORD-1193,2023-06-18,2023-06-21,First Class,Priya Patel,Consumer,Central,Chicago,Furniture,Tables,Tables - Model 404,1,0.1,290.0,38.67
259,ORD-1194,2023-12-17,2023-12-24,Standard Class,Carlos Rossi,Corporate,East,Boston,Furniture,Tables,Tables - Model 936,2,0.15,236.77,19.5
260,ORD-1195,2025-06-27,2025-07-01,Second Class,Sofia Diaz,Consumer,East,New York,Office Supplies,Storage,Storage - Model 226,3,0.2,46.58,14.56
261,ORD-1196,2023-12-05,2023-12-11,Standard Class,Yuki Silva,Consumer,West,Phoenix,Technology,Copiers,Copiers - Model 188,1,0.15,256.38,51.27
262,ORD-1196,2023-12-05,2023-12-11,Standard Class,Yuki Silva,Consumer,West,Phoenix,Technology,Copiers,Copiers - Model 580,3,0.1,1657.81,405.24
263,ORD-1197,2023-05-02,2023-05-06,Second Class,Aisha Khan,Corporate,West,San Francisco,Office Supplies,Paper,Paper - Model 350,1,0.0,49.32,22.19
264,ORD-1198,2024-04-22,2024-04-26,Second Class,Omar Brown,Corporate,Central,Dallas,Furniture,Tables,Tables - Model 521,2,0.0,807.76,177.71
265,ORD-1199,2025-05-14,2025-05-20,Standard Class,Wei Silva,Corporate,East,New York,Office Supplies,Labels,Labels - Model 104,1,0.3,24.04,3.43
266,ORD-1200,2025-01-06,2025-01-11,Second Class,Aisha Patel,Consumer,East,Newark,Technology,Machines,Machines - Model 122,1,0.1,357.41,87.37
267,ORD-1201,2025-05-07,2025-05-13,Standard Class,Ethan Chen,Consumer,Central,Chicago,Office Supplies,Binders,Binders - Model 637,4,0.0,219.74,98.88
268,ORD-1202,2023-03-19,2023-03-25,Standard Class,Aisha Patel,Consumer,East,Philadelphia,Technology,Phones,Phones - Model 691,4,0.3,1937.99,-83.06
269,ORD-1202,2023-03-19,2023-03-25,Standard Class,Aisha Patel,Consumer,East,Philadelphia,Technology,Phones,Phones - Model 403,2,0.0,253.55,81.13
270,ORD-1203,2023-09-19,2023-09-23,Second Class,Noah Brown,Corporate,West,Phoenix,Furniture,Tables,Tables - Model 252,4,0.2,1052.17,26.3
271,ORD-1204,2024-03-03,2024-03-10,Standard Class,Noah Okafor,Consumer,West,Los Angeles,Furniture,Tables,Tables - Model 361,5,0.15,535.1,44.07
272,ORD-1204,2024-03-03,2024-03-10,Standard Class,Noah Okafor,Consumer,West,Los Angeles,Furniture,Tables,Tables - Model 676,1,0.1,259.23,34.56
273,ORD-1204,2024-03-03,2024-03-10,Standard Class,Noah Okafor,Consumer,West,Los Angeles,Furniture,Tables,Tables - Model 712,4,0.0,1326.77,291.89
274,ORD-1205,2024-10-13,2024-10-18,Second Class,James Silva,Corporate,East,New York,Office Supplies,Binders,Binders - Model 156,1,0.1,37.26,14.49
275,ORD-1206,2023-07-28,2023-08-03,Standard Class,Carlos Patel,Home Office,East,Philadelphia,Office Supplies,Binders,Binders - Model 910,3,0.15,79.39,28.02
276,ORD-1207,2024-09-17,2024-09-22,Second Class,Ivy Nguyen,Consumer,East,Boston,Technology,Phones,Phones - Model 160,2,0.15,906.56,181.31
277,ORD-1208,2023-11-21,2023-11-27,Standard Class,Aisha Brown,Consumer,West,San Francisco,Office Supplies,Storage,Storage - Model 797,4,0.0,114.4,51.48
278,ORD-1209,2025-12-11,2025-12-17,Standard Class,Noah Müller,Corporate,Central,Chicago,Furniture,Chairs,Chairs - Model 269,5,0.15,615.24,50.66
279,ORD-1210,2023-02-13,2023-02-19,Standard Class,Ivy Patel,Consumer,Central,Houston,Office Supplies,Labels,Labels - Model 256,3,0.2,119.74,37.42
280,ORD-1211,2023-06-07,2023-06-13,Standard Class,Liam Garcia,Corporate,Central,Chicago,Office Supplies,Art,Art - Model 611,1,0.0,43.42,19.54
281,ORD-1212,2023-12-06,2023-12-11,Second Class,Sofia Novak,Consumer,Central,Minneapolis,Furniture,Chairs,Chairs - Model 972,1,0.15,123.68,10.19
282,ORD-1213,2025-05-15,2025-05-22,Standard Class,Carlos Smith,Consumer,Central,Dallas,Office Supplies,Storage,Storage - Model 397,3,0.15,115.35,40.71
283,ORD-1214,2023-08-02,2023-08-08,Standard Class,Yuki Chen,Consumer,East,New York,Furniture,Chairs,Chairs - Model 219,1,0.0,286.6,63.05
284,ORD-1214,2023-08-02,2023-08-08,Standard Class,Yuki Chen,Consumer,East,New York,Furniture,Chairs,Chairs - Model 807,2,0.3,376.04,-69.83
285,ORD-1214,2023-08-02,2023-08-08,Standard Class,Yuki Chen,Consumer,East,New York,Furniture,Chairs,Chairs - Model 369,2,0.0,280.35,61.68
286,ORD-1215,2023-11-05,2023-11-12,Standard Class,Liam Chen,Corporate,East,Newark,Office Supplies,Binders,Binders - Model 346,1,0.0,22.91,10.31
287,ORD-1216,2024-09-11,2024-09-17,Standard Class,Wei Diaz,Consumer,Central,Dallas,Office Supplies,Storage,Storage - Model 305,5,0.0,180.28,81.12
288,ORD-1217,2025-10-24,2025-10-29,Second Class,Maria Nguyen,Corporate,Central,Houston,Office Supplies,Labels,Labels - Model 526,1,0.15,41.25,14.56
289,ORD-1218,2023-02-06,2023-02-12,Standard Class,James Diaz,Corporate,East,Newark,Office Supplies,Storage,Storage - Model 181,3,0.1,109.92,42.74
290,ORD-1219,2024-08-20,2024-08-20,Same Day,Ivy Diaz,Consumer,West,Phoenix,Furniture,Tables,Tables - Model 176,1,0.4,97.91,-37.53
291,ORD-1219,2024-08-20,2024-08-20,Same Day,Ivy Diaz,Consumer,West,Phoenix,Furniture,Tables,Tables - Model 746,1,0.0,291.71,64.18
292,ORD-1219,2024-08-20,2024-08-20,Same Day,Ivy Diaz,Consumer,West,Phoenix,Furniture,Tables,Tables - Model 824,1,0.3,256.78,-47.69
293,ORD-1220,2025-10-22,2025-10-26,Second Class,Aisha Rossi,Corporate,West,San Francisco,Furniture,Chairs,Chairs - Model 176,2,0.15,444.88,36.64
294,ORD-1221,2023-06-05,2023-06-08,First Class,Liam Rossi,Home Office,South,Miami,Office Supplies,Paper,Paper - Model 505,1,0.0,30.46,13.71
295,ORD-1221,2023-06-05,2023-06-08,First Class,Liam Rossi,Home Office,South,Miami,Office Supplies,Paper,Paper - Model 429,2,0.2,38.82,12.13
296,ORD-1221,2023-06-05,2023-06-08,First Class,Liam Rossi,Home Office,South,Miami,Office Supplies,Paper,Paper - Model 766,2,0.0,43.24,19.46
297,ORD-1222,2025-06-18,2025-06-25,Standard Class,Carlos Diaz,Corporate,Central,Dallas,Office Supplies,Labels,Labels - Model 795,1,0.0,30.38,13.67
298,ORD-1223,2023-01-26,2023-02-01,Standard Class,Wei Kim,Consumer,Central,Houston,Office Supplies,Art,Art - Model 212,2,0.1,46.67,18.15
299,ORD-1224,2023-12-11,2023-12-15,Second Class,Yuki Müller,Consumer,Central,Dallas,Technology,Machines,Machines - Model 132,2,0.0,946.92,303.02
300,ORD-1224,2023-12-11,2023-12-15,Second Class,Yuki Müller,Consumer,Central,Dallas,Technology,Machines,Machines - Model 367,4,0.1,1554.29,379.94
301,ORD-1225,2025-11-10,2025-11-12,First Class,Ethan Rossi,Consumer,South,Charlotte,Office Supplies,Labels,Labels - Model 593,1,0.0,42.93,19.32
302,ORD-1225,2025-11-10,2025-11-12,First Class,Ethan Rossi,Consumer,South,Charlotte,Office Supplies,Labels,Labels - Model 322,5,0.0,241.61,108.73
303,ORD-1225,2025-11-10,2025-11-12,First Class,Ethan Rossi,Consumer,South,Charlotte,Office Supplies,Labels,Labels - Model 765,1,0.0,48.91,22.01
304,ORD-1226,2025-01-27,2025-01-29,First Class,Liam Müller,Home Office,Central,Dallas,Technology,Accessories,Accessories - Model 563,1,0.15,344.27,68.85
305,ORD-1227,2025-12-28,2026-01-03,Standard Class,Omar Patel,Consumer,West,San Francisco,Technology,Machines,Machines - Model 345,4,0.0,2608.66,834.77
306,ORD-1228,2024-12-22,2024-12-28,Standard Class,Sofia Novak,Home Office,Central,Houston,Technology,Accessories,Accessories - Model 838,5,0.0,1802.35,576.75
307,ORD-1229,2025-03-29,2025-04-04,Standard Class,Ivy Nguyen,Consumer,West,San Francisco,Office Supplies,Paper,Paper - Model 233,1,0.2,32.76,10.24
308,ORD-1230,2025-02-04,2025-02-07,First Class,James Diaz,Corporate,East,Philadelphia,Furniture,Chairs,Chairs - Model 127,4,0.3,606.33,-112.6
309,ORD-1230,2025-02-04,2025-02-07,First Class,James Diaz,Corporate,East,Philadelphia,Furniture,Chairs,Chairs - Model 118,2,0.15,454.39,37.42
310,ORD-1230,2025-02-04,2025-02-07,First Class,James Diaz,Corporate,East,Philadelphia,Furniture,Chairs,Chairs - Model 182,1,0.15,198.75,16.36
311,ORD-1231,2025-05-18,2025-05-24,Standard Class,Fatima Okafor,Consumer,West,Phoenix,Office Supplies,Art,Art - Model 596,2,0.2,38.28,11.96
312,ORD-1232,2025-09-22,2025-09-28,Standard Class,Aisha Diaz,Corporate,Central,Chicago,Office Supplies,Storage,Storage - Model 774,1,0.1,49.92,19.41
313,ORD-1233,2023-11-18,2023-11-21,First Class,Wei Müller,Consumer,Central,Houston,Office Supplies,Labels,Labels - Model 972,4,0.0,145.64,65.54
314,ORD-1234,2024-09-16,2024-09-21,Second Class,Wei Kim,Consumer,Central,Chicago,Technology,Machines,Machines - Model 712,3,0.4,1222.86,-264.96
315,ORD-1235,2025-11-29,2025-12-04,Second Class,Noah Brown,Corporate,East,New York,Office Supplies,Art,Art - Model 880,2,0.0,71.14,32.01
316,ORD-1236,2025-01-13,2025-01-15,First Class,Noah Rossi,Consumer,South,Miami,Office Supplies,Storage,Storage - Model 740,3,0.0,176.33,79.35
317,ORD-1237,2024-10-10,2024-10-16,Standard Class,Liam Nguyen,Home Office,South,Charlotte,Office Supplies,Storage,Storage - Model 396,5,0.0,205.1,92.29
318,ORD-1238,2025-07-21,2025-07-27,Standard Class,Priya Smith,Corporate,Central,Dallas,Office Supplies,Paper,Paper - Model 932,3,0.1,87.13,33.88
319,ORD-1239,2023-03-25,2023-03-26,Same Day,Noah Diaz,Home Office,West,Phoenix,Technology,Accessories,Accessories - Model 899,1,0.0,422.84,135.31
320,ORD-1240,2024-05-03,2024-05-09,Standard Class,Noah Novak,Corporate,South,Miami,Furniture,Chairs,Chairs - Model 788,3,0.3,461.04,-85.62
321,ORD-1241,2025-09-12,2025-09-19,Standard Class,Noah Kim,Consumer,Central,Minneapolis,Office Supplies,Labels,Labels - Model 609,1,0.4,10.76,0.0
322,ORD-1241,2025-09-12,2025-09-19,Standard Class,Noah Kim,Consumer,Central,Minneapolis,Office Supplies,Labels,Labels - Model 881,5,0.0,167.14,75.21
323,ORD-1242,2025-01-15,2025-01-21,Standard Class,Ethan Diaz,Home Office,South,Atlanta,Furniture,Chairs,Chairs - Model 459,1,0.15,138.28,11.39
324,ORD-1243,2023-12-25,2023-12-28,First Class,Omar Khan,Consumer,Central,Houston,Furniture,Furnishings,Furnishings - Model 388,1,0.1,286.88,38.25
325,ORD-1243,2023-12-25,2023-12-28,First Class,Omar Khan,Consumer,Central,Houston,Furniture,Furnishings,Furnishings - Model 797,2,0.1,308.9,41.19
326,ORD-1243,2023-12-25,2023-12-28,First Class,Omar Khan,Consumer,Central,Houston,Furniture,Furnishings,Furnishings - Model 895,2,0.0,547.96,120.55
327,ORD-1244,2023-04-27,2023-05-03,Standard Class,Priya Kim,Home Office,Central,Dallas,Furniture,Tables,Tables - Model 823,1,0.2,177.78,4.44
328,ORD-1245,2024-12-21,2024-12-25,Second Class,Omar Müller,Consumer,West,San Francisco,Technology,Phones,Phones - Model 785,1,0.0,239.19,76.54
329,ORD-1246,2023-12-14,2023-12-21,Standard Class,Fatima Novak,Consumer,West,Seattle,Furniture,Furnishings,Furnishings - Model 916,1,0.0,286.84,63.11
330,ORD-1246,2023-12-14,2023-12-21,Standard Class,Fatima Novak,Consumer,West,Seattle,Furniture,Furnishings,Furnishings - Model 196,1,0.0,412.58,90.77
331,ORD-1247,2024-09-22,2024-09-27,Second Class,Priya Müller,Corporate,West,Los Angeles,Technology,Accessories,Accessories - Model 389,1,0.15,403.16,80.63
332,ORD-1248,2023-01-02,2023-01-08,Standard Class,Ivy Nguyen,Consumer,East,New York,Technology,Accessories,Accessories - Model 660,1,0.1,378.06,92.42
333,ORD-1249,2023-04-12,2023-04-17,Second Class,Priya Novak,Consumer,West,San Francisco,Furniture,Chairs,Chairs - Model 486,2,0.15,143.43,11.81
334,ORD-1249,2023-04-12,2023-04-17,Second Class,Priya Novak,Consumer,West,San Francisco,Furniture,Chairs,Chairs - Model 316,1,0.0,181.09,39.84
335,ORD-1250,2025-01-03,2025-01-08,Second Class,Omar Chen,Home Office,South,Atlanta,Office Supplies,Labels,Labels - Model 866,3,0.3,89.73,12.82
336,ORD-1250,2025-01-03,2025-01-08,Second Class,Omar Chen,Home Office,South,Atlanta,Office Supplies,Labels,Labels - Model 708,2,0.1,48.61,18.91
337,ORD-1251,2025-07-20,2025-07-23,First Class,Maria Smith,Consumer,South,Nashville,Office Supplies,Storage,Storage - Model 780,2,0.1,56.96,22.15
338,ORD-1251,2025-07-20,2025-07-23,First Class,Maria Smith,Consumer,South,Nashville,Office Supplies,Storage,Storage - Model 527,5,0.0,150.93,67.92
339,ORD-1251,2025-07-20,2025-07-23,First Class,Maria Smith,Consumer,South,Nashville,Office Supplies,Storage,Storage - Model 751,2,0.0,76.29,34.33
340,ORD-1252,2023-07-26,2023-08-01,Standard Class,Maria Müller,Home Office,Central,Chicago,Office Supplies,Paper,Paper - Model 280,2,0.15,55.98,19.76
341,ORD-1253,2024-11-22,2024-11-28,Standard Class,Ivy Kim,Home Office,West,San Francisco,Technology,Phones,Phones - Model 482,1,0.0,693.2,221.82
342,ORD-1254,2025-05-15,2025-05-21,Standard Class,Ivy Müller,Home Office,Central,Dallas,Technology,Accessories,Accessories - Model 711,2,0.15,801.28,160.25
343,ORD-1254,2025-05-15,2025-05-21,Standard Class,Ivy Müller,Home Office,Central,Dallas,Technology,Accessories,Accessories - Model 693,3,0.3,1077.47,-46.18
344,ORD-1255,2023-11-03,2023-11-10,Standard Class,Priya Nguyen,Home Office,Central,Minneapolis,Office Supplies,Storage,Storage - Model 842,1,0.0,25.43,11.44
345,ORD-1256,2023-06-18,2023-06-23,Second Class,James Chen,Consumer,Central,Dallas,Office Supplies,Storage,Storage - Model 114,1,0.0,24.46,11.01
346,ORD-1257,2024-11-06,2024-11-13,Standard Class,Liam Khan,Corporate,South,Atlanta,Office Supplies,Storage,Storage - Model 819,1,0.15,32.32,11.41
347,ORD-1258,2024-04-01,2024-04-08,Standard Class,Carlos Garcia,Corporate,Central,Houston,Office Supplies,Binders,Binders - Model 805,2,0.1,25.33,9.85
348,ORD-1258,2024-04-01,2024-04-08,Standard Class,Carlos Garcia,Corporate,Central,Houston,Office Supplies,Binders,Binders - Model 471,1,0.0,14.58,6.56
349,ORD-1258,2024-04-01,2024-04-08,Standard Class,Carlos Garcia,Corporate,Central,Houston,Office Supplies,Binders,Binders - Model 492,1,0.2,40.73,12.73
350,ORD-1259,2023-11-06,2023-11-11,Second Class,Wei Okafor,Home Office,Central,Chicago,Office Supplies,Binders,Binders - Model 758,1,0.0,13.11,5.9
351,ORD-1260,2024-07-08,2024-07-14,Standard Class,Ivy Novak,Consumer,West,Seattle,Office Supplies,Labels,Labels - Model 897,2,0.0,59.23,26.65
352,ORD-1261,2025-01-10,2025-01-13,First Class,Wei Kim,Consumer,West,San Francisco,Office Supplies,Art,Art - Model 519,1,0.0,23.42,10.54
353,ORD-1262,2024-09-28,2024-10-05,Standard Class,Omar Silva,Consumer,East,Newark,Office Supplies,Paper,Paper - Model 303,2,0.4,52.62,0.01
354,ORD-1262,2024-09-28,2024-10-05,Standard Class,Omar Silva,Consumer,East,Newark,Office Supplies,Paper,Paper - Model 135,3,0.3,30.81,4.4
355,ORD-1263,2024-04-06,2024-04-10,Second Class,Aisha Diaz,Corporate,West,Seattle,Office Supplies,Labels,Labels - Model 485,1,0.0,36.95,16.63
356,ORD-1264,2025-04-10,2025-04-17,Standard Class,Fatima Müller,Corporate,Central,Houston,Office Supplies,Labels,Labels - Model 354,2,0.2,50.11,15.66
357,ORD-1264,2025-04-10,2025-04-17,Standard Class,Fatima Müller,Corporate,Central,Houston,Office Supplies,Labels,Labels - Model 447,1,0.1,29.18,11.35
358,ORD-1265,2024-08-19,2024-08-26,Standard Class,Priya Müller,Home Office,South,Atlanta,Furniture,Tables,Tables - Model 603,1,0.3,202.0,-37.51
359,ORD-1266,2024-12-15,2024-12-22,Standard Class,Wei Diaz,Consumer,Central,Chicago,Office Supplies,Binders,Binders - Model 933,1,0.0,68.56,30.85
360,ORD-1267,2023-07-23,2023-07-28,Second Class,Liam Rossi,Consumer,East,New York,Furniture,Furnishings,Furnishings - Model 887,5,0.3,956.07,-177.56
361,ORD-1268,2025-04-02,2025-04-09,Standard Class,Ivy Brown,Home Office,East,Newark,Office Supplies,Storage,Storage - Model 937,2,0.0,70.43,31.69
362,ORD-1269,2024-01-13,2024-01-20,Standard Class,Omar Patel,Consumer,East,New York,Technology,Machines,Machines - Model 230,1,0.0,611.85,195.79
363,ORD-1270,2025-09-22,2025-09-28,Standard Class,Ivy Nguyen,Consumer,South,Charlotte,Office Supplies,Paper,Paper - Model 220,1,0.0,6.34,2.85
364,ORD-1271,2025-12-26,2026-01-02,Standard Class,Wei Novak,Consumer,West,Los Angeles,Furniture,Furnishings,Furnishings - Model 507,3,0.0,455.94,100.3
365,ORD-1272,2025-10-31,2025-11-07,Standard Class,Ivy Smith,Consumer,Central,Chicago,Furniture,Chairs,Chairs - Model 594,1,0.3,181.02,-33.61
366,ORD-1273,2023-10-05,2023-10-12,Standard Class,Fatima Khan,Corporate,South,Atlanta,Furniture,Chairs,Chairs - Model 491,3,0.3,637.23,-118.34
367,ORD-1274,2024-12-14,2024-12-21,Standard Class,Ethan Khan,Consumer,South,Miami,Office Supplies,Binders,Binders - Model 590,1,0.2,29.94,9.36
368,ORD-1275,2024-02-19,2024-02-24,Second Class,Carlos Chen,Consumer,East,Philadelphia,Office Supplies,Art,Art - Model 317,3,0.3,98.92,14.13
369,ORD-1276,2023-07-18,2023-07-25,Standard Class,Sofia Okafor,Home Office,Central,Minneapolis,Technology,Accessories,Accessories - Model 776,5,0.15,1252.07,250.41
370,ORD-1277,2023-06-26,2023-07-02,Standard Class,Carlos Garcia,Corporate,South,Charlotte,Technology,Copiers,Copiers - Model 262,1,0.0,373.57,119.54
371,ORD-1278,2023-04-17,2023-04-21,Second Class,Ivy Patel,Consumer,West,Seattle,Office Supplies,Paper,Paper - Model 891,1,0.1,44.69,17.38
372,ORD-1279,2025-10-07,2025-10-11,Second Class,Omar Brown,Consumer,East,Philadelphia,Office Supplies,Paper,Paper - Model 851,1,0.1,34.29,13.33
373,ORD-1280,2024-11-11,2024-11-18,Standard Class,Ethan Rossi,Consumer,Central,Dallas,Technology,Machines,Machines - Model 185,4,0.1,2366.01,578.36
374,ORD-1281,2023-12-11,2023-12-15,Second Class,Aisha Patel,Corporate,Central,Houston,Office Supplies,Binders,Binders - Model 593,2,0.3,33.78,4.83
375,ORD-1281,2023-12-11,2023-12-15,Second Class,Aisha Patel,Corporate,Central,Houston,Office Supplies,Binders,Binders - Model 817,1,0.4,19.76,0.0
376,ORD-1282,2024-10-31,2024-11-06,Standard Class,James Diaz,Home Office,Central,Minneapolis,Office Supplies,Art,Art - Model 212,2,0.0,65.74,29.58
377,ORD-1283,2025-02-15,2025-02-22,Standard Class,James Khan,Consumer,East,New York,Office Supplies,Storage,Storage - Model 128,1,0.0,42.01,18.91
378,ORD-1284,2024-06-21,2024-06-28,Standard Class,Sofia Rossi,Consumer,Central,Houston,Furniture,Furnishings,Furnishings - Model 573,2,0.0,374.43,82.38
379,ORD-1285,2025-07-30,2025-08-03,Second Class,Maria Silva,Consumer,East,Philadelphia,Office Supplies,Art,Art - Model 513,5,0.0,124.49,56.02
380,ORD-1285,2025-07-30,2025-08-03,Second Class,Maria Silva,Consumer,East,Philadelphia,Office Supplies,Art,Art - Model 600,2,0.1,54.28,21.11
381,ORD-1285,2025-07-30,2025-08-03,Second Class,Maria Silva,Consumer,East,Philadelphia,Office Supplies,Art,Art - Model 986,4,0.15,122.24,43.14
382,ORD-1286,2023-05-20,2023-05-23,First Class,Maria Patel,Consumer,South,Charlotte,Furniture,Furnishings,Furnishings - Model 543,2,0.2,146.84,3.68
383,ORD-1287,2025-09-14,2025-09-20,Standard Class,Fatima Khan,Consumer,East,Newark,Furniture,Chairs,Chairs - Model 923,2,0.15,62.62,5.16
384,ORD-1287,2025-09-14,2025-09-20,Standard Class,Fatima Khan,Consumer,East,Newark,Furniture,Chairs,Chairs - Model 775,1,0.0,286.94,63.13
385,ORD-1288,2023-08-10,2023-08-16,Standard Class,Wei Kim,Consumer,East,Philadelphia,Office Supplies,Binders,Binders - Model 163,1,0.0,39.37,17.72
386,ORD-1288,2023-08-10,2023-08-16,Standard Class,Wei Kim,Consumer,East,Philadelphia,Office Supplies,Binders,Binders - Model 609,1,0.0,47.37,21.31
387,ORD-1288,2023-08-10,2023-08-16,Standard Class,Wei Kim,Consumer,East,Philadelphia,Office Supplies,Binders,Binders - Model 884,1,0.1,42.71,16.61
388,ORD-1289,2023-10-08,2023-10-12,Second Class,Aisha Rossi,Consumer,South,Charlotte,Office Supplies,Labels,Labels - Model 880,3,0.2,92.38,28.87
389,ORD-1290,2023-05-28,2023-06-01,Second Class,Fatima Brown,Home Office,West,San Francisco,Furniture,Chairs,Chairs - Model 511,1,0.0,169.54,37.3
390,ORD-1290,2023-05-28,2023-06-01,Second Class,Fatima Brown,Home Office,West,San Francisco,Furniture,Chairs,Chairs - Model 577,1,0.0,352.41,77.53
391,ORD-1291,2024-05-24,2024-05-25,Same Day,Carlos Garcia,Corporate,South,Miami,Office Supplies,Art,Art - Model 560,3,0.15,122.41,43.2
392,ORD-1292,2024-07-09,2024-07-12,First Class,Fatima Novak,Consumer,Central,Minneapolis,Office Supplies,Storage,Storage - Model 978,3,0.0,76.13,34.26
393,ORD-1292,2024-07-09,2024-07-12,First Class,Fatima Novak,Consumer,Central,Minneapolis,Office Supplies,Storage,Storage - Model 419,1,0.2,51.09,15.97
394,ORD-1293,2023-06-21,2023-06-22,Same Day,Sofia Novak,Consumer,Central,Chicago,Furniture,Furnishings,Furnishings - Model 630,2,0.1,474.83,63.31
395,ORD-1293,2023-06-21,2023-06-22,Same Day,Sofia Novak,Consumer,Central,Chicago,Furniture,Furnishings,Furnishings - Model 325,2,0.1,480.13,64.02
396,ORD-1294,2023-12-15,2023-12-21,Standard Class,Ethan Diaz,Consumer,West,Seattle,Office Supplies,Labels,Labels - Model 352,1,0.2,33.43,10.45
397,ORD-1295,2023-01-04,2023-01-07,First Class,Aisha Müller,Consumer,South,Atlanta,Technology,Copiers,Copiers - Model 595,1,0.1,214.99,52.55
398,ORD-1296,2023-12-19,2023-12-21,First Class,Liam Patel,Consumer,East,Newark,Furniture,Furnishings,Furnishings - Model 958,1,0.0,343.26,75.51
399,ORD-1297,2023-01-28,2023-01-31,First Class,Fatima Nguyen,Corporate,East,New York,Office Supplies,Paper,Paper - Model 756,4,0.1,135.8,52.81
400,ORD-1297,2023-01-28,2023-01-31,First Class,Fatima Nguyen,Corporate,East,New York,Office Supplies,Paper,Paper - Model 724,1,0.0,41.13,18.51
401,ORD-1297,2023-01-28,2023-01-31,First Class,Fatima Nguyen,Corporate,East,New York,Office Supplies,Paper,Paper - Model 689,4,0.15,100.95,35.63
402,ORD-1298,2025-07-29,2025-08-05,Standard Class,James Novak,Consumer,Central,Houston,Office Supplies,Paper,Paper - Model 494,2,0.1,52.71,20.5
403,ORD-1298,2025-07-29,2025-08-05,Standard Class,James Novak,Consumer,Central,Houston,Office Supplies,Paper,Paper - Model 231,1,0.0,25.21,11.35
404,ORD-1298,2025-07-29,2025-08-05,Standard Class,James Novak,Consumer,Central,Houston,Office Supplies,Paper,Paper - Model 289,1,0.1,29.47,11.46
405,ORD-1299,2023-08-02,2023-08-09,Standard Class,Aisha Silva,Consumer,West,San Francisco,Technology,Machines,Machines - Model 922,3,0.1,948.01,231.73
406,ORD-1300,2023-08-09,2023-08-13,Second Class,Ivy Chen,Consumer,West,Seattle,Office Supplies,Binders,Binders - Model 241,3,0.0,80.76,36.34
407,ORD-1301,2024-10-15,2024-10-21,Standard Class,Fatima Rossi,Consumer,Central,Minneapolis,Furniture,Furnishings,Furnishings - Model 664,3,0.0,804.73,177.04
408,ORD-1302,2025-11-11,2025-11-18,Standard Class,Liam Patel,Consumer,Central,Houston,Office Supplies,Storage,Storage - Model 611,1,0.0,26.23,11.8
409,ORD-1303,2023-06-01,2023-06-08,Standard Class,Noah Nguyen,Home Office,West,Phoenix,Office Supplies,Art,Art - Model 617,1,0.0,53.72,24.17
410,ORD-1304,2024-01-15,2024-01-21,Standard Class,Ethan Rossi,Home Office,East,Newark,Office Supplies,Storage,Storage - Model 217,2,0.0,58.12,26.15
411,ORD-1305,2024-12-16,2024-12-23,Standard Class,Wei Nguyen,Consumer,East,Philadelphia,Technology,Machines,Machines - Model 478,5,0.0,1728.66,553.17
412,ORD-1306,2025-08-05,2025-08-09,Second Class,Aisha Kim,Consumer,South,Nashville,Office Supplies,Labels,Labels - Model 431,2,0.15,74.83,26.41
413,ORD-1307,2024-08-10,2024-08-12,First Class,Fatima Müller,Corporate,South,Miami,Technology,Machines,Machines - Model 317,3,0.0,1364.55,436.66
414,ORD-1307,2024-08-10,2024-08-12,First Class,Fatima Müller,Corporate,South,Miami,Technology,Machines,Machines - Model 879,2,0.1,924.56,226.0
415,ORD-1308,2025-03-27,2025-04-02,Standard Class,Liam Khan,Consumer,South,Miami,Technology,Copiers,Copiers - Model 107,2,0.1,618.04,151.07
416,ORD-1309,2023-05-24,2023-05-31,Standard Class,Omar Chen,Consumer,East,Boston,Office Supplies,Art,Art - Model 563,1,0.0,14.2,6.39
417,ORD-1309,2023-05-24,2023-05-31,Standard Class,Omar Chen,Consumer,East,Boston,Office Supplies,Art,Art - Model 981,1,0.15,37.52,13.24
418,ORD-1310,2023-09-26,2023-10-03,Standard Class,Aisha Müller,Corporate,South,Nashville,Office Supplies,Storage,Storage - Model 751,2,0.15,38.59,13.62
419,ORD-1311,2024-12-01,2024-12-07,Standard Class,Maria Silva,Consumer,Central,Houston,Technology,Machines,Machines - Model 471,1,0.0,683.79,218.81
420,ORD-1312,2025-12-19,2025-12-26,Standard Class,Noah Rossi,Consumer,West,Seattle,Office Supplies,Paper,Paper - Model 355,1,0.15,34.17,12.06
421,ORD-1313,2024-07-21,2024-07-26,Second Class,Yuki Kim,Consumer,Central,Minneapolis,Technology,Accessories,Accessories - Model 669,3,0.0,1394.32,446.18
422,ORD-1314,2024-08-29,2024-09-04,Standard Class,Noah Smith,Consumer,South,Nashville,Technology,Copiers,Copiers - Model 271,2,0.0,1332.47,426.39
423,ORD-1314,2024-08-29,2024-09-04,Standard Class,Noah Smith,Consumer,South,Nashville,Technology,Copiers,Copiers - Model 769,3,0.2,1160.54,174.08
424,ORD-1315,2025-12-10,2025-12-14,Second Class,Omar Diaz,Corporate,Central,Dallas,Technology,Copiers,Copiers - Model 311,1,0.0,259.26,82.96
425,ORD-1316,2023-05-26,2023-06-02,Standard Class,Wei Rossi,Consumer,South,Miami,Technology,Machines,Machines - Model 942,2,0.0,889.0,284.48
426,ORD-1316,2023-05-26,2023-06-02,Standard Class,Wei Rossi,Consumer,South,Miami,Technology,Machines,Machines - Model 870,1,0.4,133.41,-28.91
427,ORD-1316,2023-05-26,2023-06-02,Standard Class,Wei Rossi,Consumer,South,Miami,Technology,Machines,Machines - Model 748,1,0.15,543.85,108.77
428,ORD-1317,2024-05-26,2024-06-02,Standard Class,Liam Nguyen,Consumer,East,Boston,Office Supplies,Binders,Binders - Model 293,4,0.0,132.18,59.48
429,ORD-1317,2024-05-26,2024-06-02,Standard Class,Liam Nguyen,Consumer,East,Boston,Office Supplies,Binders,Binders - Model 428,1,0.0,22.06,9.93
430,ORD-1317,2024-05-26,2024-06-02,Standard Class,Liam Nguyen,Consumer,East,Boston,Office Supplies,Binders,Binders - Model 345,1,0.0,47.73,21.48
431,ORD-1318,2025-02-09,2025-02-16,Standard Class,Noah Rossi,Consumer,East,Philadelphia,Furniture,Chairs,Chairs - Model 613,1,0.0,270.77,59.57
432,ORD-1319,2025-12-25,2026-01-01,Standard Class,Yuki Nguyen,Home Office,West,Phoenix,Technology,Accessories,Accessories - Model 213,4,0.2,1172.49,175.87
433,ORD-1320,2023-05-02,2023-05-08,Standard Class,Sofia Rossi,Home Office,West,Seattle,Furniture,Tables,Tables - Model 452,3,0.0,836.52,184.03
434,ORD-1321,2025-08-16,2025-08-22,Standard Class,Aisha Okafor,Consumer,West,Phoenix,Office Supplies,Art,Art - Model 227,1,0.2,29.75,9.29
435,ORD-1322,2025-02-23,2025-02-28,Second Class,Fatima Garcia,Home Office,West,Seattle,Office Supplies,Binders,Binders - Model 755,3,0.1,129.05,50.19
436,ORD-1323,2025-05-20,2025-05-25,Second Class,Ivy Kim,Consumer,West,San Francisco,Technology,Machines,Machines - Model 332,1,0.0,625.48,200.15
437,ORD-1323,2025-05-20,2025-05-25,Second Class,Ivy Kim,Consumer,West,San Francisco,Technology,Machines,Machines - Model 220,1,0.0,531.76,170.16
438,ORD-1323,2025-05-20,2025-05-25,Second Class,Ivy Kim,Consumer,West,San Francisco,Technology,Machines,Machines - Model 515,1,0.2,294.4,44.16
439,ORD-1324,2023-09-27,2023-09-29,First Class,Omar Rossi,Consumer,Central,Chicago,Office Supplies,Storage,Storage - Model 555,2,0.0,83.66,37.65
440,ORD-1325,2025-11-24,2025-12-01,Standard Class,Priya Kim,Consumer,Central,Minneapolis,Office Supplies,Art,Art - Model 895,1,0.0,28.25,12.71
441,ORD-1326,2025-04-07,2025-04-14,Standard Class,Noah Diaz,Consumer,West,Seattle,Technology,Phones,Phones - Model 623,1,0.0,522.95,167.35
442,ORD-1327,2024-11-06,2024-11-13,Standard Class,Priya Nguyen,Consumer,East,New York,Office Supplies,Labels,Labels - Model 930,5,0.0,137.92,62.07
443,ORD-1328,2025-09-29,2025-10-06,Standard Class,Sofia Kim,Consumer,West,Phoenix,Office Supplies,Paper,Paper - Model 139,1,0.15,19.91,7.02
444,ORD-1329,2024-12-06,2024-12-12,Standard Class,Maria Brown,Consumer,West,Phoenix,Office Supplies,Paper,Paper - Model 173,1,0.4,25.17,0.0
445,ORD-1330,2025-10-07,2025-10-08,Same Day,Wei Chen,Consumer,South,Nashville,Furniture,Bookcases,Bookcases - Model 937,1,0.0,286.89,63.12
446,ORD-1331,2025-11-12,2025-11-19,Standard Class,Ivy Garcia,Home Office,East,Boston,Office Supplies,Paper,Paper - Model 492,2,0.2,43.28,13.53
447,ORD-1332,2025-11-25,2025-12-02,Standard Class,Omar Brown,Corporate,West,San Francisco,Office Supplies,Paper,Paper - Model 299,2,0.0,78.84,35.48
448,ORD-1333,2023-09-16,2023-09-23,Standard Class,Aisha Smith,Consumer,Central,Dallas,Office Supplies,Binders,Binders - Model 732,1,0.0,30.73,13.83
449,ORD-1334,2025-05-11,2025-05-17,Standard Class,Omar Garcia,Consumer,Central,Houston,Technology,Copiers,Copiers - Model 166,1,0.2,12.8,1.92
450,ORD-1335,2024-04-25,2024-05-01,Standard Class,Liam Diaz,Consumer,West,San Francisco,Office Supplies,Storage,Storage - Model 166,1,0.15,26.71,9.43
451,ORD-1336,2025-06-01,2025-06-07,Standard Class,Yuki Nguyen,Corporate,South,Charlotte,Furniture,Bookcases,Bookcases - Model 350,1,0.15,198.4,16.34
452,ORD-1337,2025-07-30,2025-08-06,Standard Class,Omar Diaz,Consumer,West,Los Angeles,Office Supplies,Art,Art - Model 362,2,0.1,102.36,39.81
453,ORD-1338,2024-08-30,2024-09-03,Second Class,Ivy Khan,Consumer,West,Phoenix,Office Supplies,Art,Art - Model 641,3,0.0,68.65,30.89
454,ORD-1339,2023-04-29,2023-04-30,Same Day,Carlos Rossi,Consumer,West,Los Angeles,Office Supplies,Paper,Paper - Model 659,1,0.1,22.13,8.61
455,ORD-1340,2025-02-18,2025-02-24,Standard Class,Priya Okafor,Corporate,South,Nashville,Technology,Machines,Machines - Model 296,1,0.0,493.13,157.8
456,ORD-1341,2024-05-24,2024-05-27,First Class,Omar Silva,Corporate,West,Los Angeles,Office Supplies,Paper,Paper - Model 927,1,0.2,28.25,8.83
457,ORD-1342,2024-12-24,2024-12-30,Standard Class,Liam Kim,Corporate,Central,Dallas,Office Supplies,Binders,Binders - Model 680,1,0.1,27.24,10.6
458,ORD-1343,2023-06-18,2023-06-23,Second Class,Sofia Müller,Home Office,Central,Houston,Furniture,Chairs,Chairs - Model 635,3,0.1,515.14,68.69
459,ORD-1343,2023-06-18,2023-06-23,Second Class,Sofia Müller,Home Office,Central,Houston,Furniture,Chairs,Chairs - Model 621,2,0.15,343.37,28.28
460,ORD-1343,2023-06-18,2023-06-23,Second Class,Sofia Müller,Home Office,Central,Houston,Furniture,Chairs,Chairs - Model 304,1,0.4,77.69,-29.78
461,ORD-1344,2024-11-16,2024-11-18,First Class,Carlos Diaz,Consumer,Central,Chicago,Furniture,Bookcases,Bookcases - Model 408,1,0.0,155.77,34.27
462,ORD-1345,2023-01-11,2023-01-18,Standard Class,Noah Okafor,Corporate,East,Philadelphia,Furniture,Chairs,Chairs - Model 385,1,0.1,82.79,11.04
463,ORD-1345,2023-01-11,2023-01-18,Standard Class,Noah Okafor,Corporate,East,Philadelphia,Furniture,Chairs,Chairs - Model 196,3,0.3,245.42,-45.57
464,ORD-1346,2025-09-24,2025-10-01,Standard Class,Fatima Brown,Consumer,East,New York,Office Supplies,Paper,Paper - Model 270,1,0.2,49.1,15.34
465,ORD-1346,2025-09-24,2025-10-01,Standard Class,Fatima Brown,Consumer,East,New York,Office Supplies,Paper,Paper - Model 386,1,0.1,33.49,13.02
466,ORD-1347,2023-09-02,2023-09-09,Standard Class,Fatima Kim,Consumer,West,Seattle,Office Supplies,Binders,Binders - Model 789,2,0.15,53.7,18.95
467,ORD-1348,2024-12-13,2024-12-20,Standard Class,Maria Kim,Corporate,Central,Chicago,Furniture,Chairs,Chairs - Model 361,2,0.0,583.26,128.32
468,ORD-1349,2024-11-20,2024-11-26,Standard Class,Liam Diaz,Consumer,West,Seattle,Furniture,Furnishings,Furnishings - Model 865,2,0.0,539.96,118.79
469,ORD-1350,2024-02-07,2024-02-10,First Class,Noah Garcia,Consumer,South,Nashville,Office Supplies,Storage,Storage - Model 828,5,0.0,94.45,42.5
470,ORD-1351,2025-06-28,2025-06-29,Same Day,Liam Smith,Corporate,East,Newark,Furniture,Bookcases,Bookcases - Model 834,2,0.1,330.96,44.13
471,ORD-1352,2024-07-10,2024-07-16,Standard Class,Priya Chen,Consumer,South,Miami,Office Supplies,Labels,Labels - Model 438,1,0.1,46.77,18.19
472,ORD-1353,2023-11-19,2023-11-26,Standard Class,Wei Silva,Consumer,Central,Houston,Office Supplies,Paper,Paper - Model 234,1,0.1,38.21,14.86
473,ORD-1354,2024-04-20,2024-04-22,First Class,Wei Silva,Corporate,East,Boston,Technology,Accessories,Accessories - Model 505,3,0.0,1376.19,440.38
474,ORD-1355,2025-06-25,2025-07-02,Standard Class,Fatima Kim,Home Office,East,Newark,Office Supplies,Labels,Labels - Model 248,3,0.0,115.13,51.81
475,ORD-1356,2024-11-01,2024-11-07,Standard Class,Noah Müller,Corporate,South,Atlanta,Furniture,Tables,Tables - Model 555,2,0.1,393.0,52.4
476,ORD-1357,2025-05-22,2025-05-29,Standard Class,Ethan Khan,Home Office,East,New York,Office Supplies,Labels,Labels - Model 974,2,0.2,31.09,9.72
477,ORD-1358,2024-07-01,2024-07-08,Standard Class,Aisha Diaz,Corporate,East,Boston,Office Supplies,Paper,Paper - Model 386,3,0.2,72.22,22.57
478,ORD-1358,2024-07-01,2024-07-08,Standard Class,Aisha Diaz,Corporate,East,Boston,Office Supplies,Paper,Paper - Model 145,4,0.0,16.0,7.2
479,ORD-1359,2024-12-21,2024-12-28,Standard Class,Aisha Rossi,Consumer,East,New York,Office Supplies,Paper,Paper - Model 629,5,0.3,89.44,12.78
480,ORD-1360,2024-07-02,2024-07-06,Second Class,Priya Novak,Consumer,West,Seattle,Furniture,Bookcases,Bookcases - Model 948,2,0.2,242.97,6.07
481,ORD-1361,2023-02-21,2023-02-27,Standard Class,Maria Brown,Consumer,East,Philadelphia,Office Supplies,Paper,Paper - Model 691,2,0.0,70.84,31.88
482,ORD-1362,2023-05-17,2023-05-24,Standard Class,Sofia Khan,Corporate,West,Phoenix,Office Supplies,Art,Art - Model 703,4,0.4,69.94,0.0
483,ORD-1363,2024-04-30,2024-05-04,Second Class,Noah Novak,Consumer,Central,Minneapolis,Furniture,Tables,Tables - Model 512,1,0.3,173.86,-32.29
484,ORD-1364,2023-06-19,2023-06-25,Standard Class,Omar Chen,Home Office,South,Atlanta,Office Supplies,Labels,Labels - Model 163,1,0.0,34.99,15.75
485,ORD-1365,2023-05-15,2023-05-22,Standard Class,Maria Patel,Consumer,East,Boston,Office Supplies,Labels,Labels - Model 223,1,0.2,20.0,6.25
486,ORD-1366,2023-01-21,2023-01-28,Standard Class,Fatima Diaz,Corporate,South,Charlotte,Furniture,Chairs,Chairs - Model 198,1,0.0,307.48,67.65
487,ORD-1367,2023-12-02,2023-12-09,Standard Class,Ethan Khan,Consumer,Central,Chicago,Furniture,Bookcases,Bookcases - Model 838,1,0.2,209.7,5.24
488,ORD-1368,2025-04-03,2025-04-10,Standard Class,Omar Rossi,Corporate,West,Seattle,Office Supplies,Paper,Paper - Model 239,1,0.0,4.0,1.8
489,ORD-1368,2025-04-03,2025-04-10,Standard Class,Omar Rossi,Corporate,West,Seattle,Office Supplies,Paper,Paper - Model 526,4,0.1,51.83,20.15
490,ORD-1369,2025-11-13,2025-11-16,First Class,James Khan,Corporate,South,Miami,Office Supplies,Labels,Labels - Model 746,5,0.0,135.35,60.91
491,ORD-1370,2025-11-27,2025-12-04,Standard Class,Wei Okafor,Corporate,South,Atlanta,Office Supplies,Paper,Paper - Model 453,2,0.2,34.45,10.77
492,ORD-1371,2025-12-18,2025-12-25,Standard Class,Omar Garcia,Consumer,West,San Francisco,Office Supplies,Paper,Paper - Model 133,1,0.1,24.12,9.38
493,ORD-1372,2025-12-29,2026-01-05,Standard Class,Maria Garcia,Consumer,West,San Francisco,Office Supplies,Binders,Binders - Model 673,1,0.3,25.41,3.62
494,ORD-1373,2023-02-09,2023-02-15,Standard Class,Carlos Smith,Home Office,South,Charlotte,Furniture,Chairs,Chairs - Model 231,4,0.0,799.28,175.84
495,ORD-1374,2023-10-14,2023-10-21,Standard Class,Priya Patel,Corporate,West,San Francisco,Office Supplies,Art,Art - Model 652,1,0.0,41.58,18.71
496,ORD-1374,2023-10-14,2023-10-21,Standard Class,Priya Patel,Corporate,West,San Francisco,Office Supplies,Art,Art - Model 881,1,0.0,45.83,20.62
497,ORD-1375,2024-12-21,2024-12-24,First Class,Liam Chen,Consumer,Central,Dallas,Technology,Accessories,Accessories - Model 679,4,0.2,1466.22,219.93
498,ORD-1376,2024-04-12,2024-04-17,Second Class,Ivy Nguyen,Consumer,East,Newark,Technology,Phones,Phones - Model 367,2,0.15,954.25,190.85
499,ORD-1377,2023-08-25,2023-08-30,Second Class,Sofia Müller,Consumer,South,Nashville,Technology,Machines,Machines - Model 177,4,0.1,1732.82,423.58
500,ORD-1378,2024-02-29,2024-03-07,Standard Class,Fatima Brown,Consumer,West,San Francisco,Office Supplies,Storage,Storage - Model 136,1,0.0,12.39,5.58
501,ORD-1379,2024-08-28,2024-09-04,Standard Class,Omar Silva,Consumer,East,Philadelphia,Technology,Machines,Machines - Model 397,2,0.0,1086.12,347.56
502,ORD-1380,2023-05-20,2023-05-27,Standard Class,Sofia Nguyen,Consumer,South,Miami,Furniture,Furnishings,Furnishings - Model 681,5,0.2,1093.5,27.34
503,ORD-1380,2023-05-20,2023-05-27,Standard Class,Sofia Nguyen,Consumer,South,Miami,Furniture,Furnishings,Furnishings - Model 934,1,0.0,340.09,74.82
504,ORD-1380,2023-05-20,2023-05-27,Standard Class,Sofia Nguyen,Consumer,South,Miami,Furniture,Furnishings,Furnishings - Model 339,2,0.15,427.22,35.18
505,ORD-1381,2023-08-12,2023-08-18,Standard Class,Omar Silva,Corporate,South,Atlanta,Technology,Accessories,Accessories - Model 343,2,0.0,381.87,122.2
506,ORD-1381,2023-08-12,2023-08-18,Standard Class,Omar Silva,Corporate,South,Atlanta,Technology,Accessories,Accessories - Model 904,2,0.15,702.29,140.46
507,ORD-1382,2024-11-05,2024-11-10,Second Class,James Diaz,Consumer,West,Los Angeles,Furniture,Bookcases,Bookcases - Model 228,1,0.2,251.97,6.3
508,ORD-1383,2025-05-21,2025-05-28,Standard Class,Fatima Smith,Consumer,East,Boston,Technology,Copiers,Copiers - Model 286,1,0.1,365.15,89.26
509,ORD-1384,2024-09-19,2024-09-25,Standard Class,Ivy Khan,Home Office,West,Phoenix,Technology,Copiers,Copiers - Model 891,3,0.0,1289.25,412.56
510,ORD-1385,2025-09-30,2025-10-07,Standard Class,Omar Diaz,Consumer,West,Phoenix,Office Supplies,Labels,Labels - Model 650,1,0.1,30.78,11.97
511,ORD-1386,2024-01-09,2024-01-16,Standard Class,Sofia Kim,Corporate,West,San Francisco,Furniture,Bookcases,Bookcases - Model 283,1,0.0,271.87,59.81
512,ORD-1387,2025-12-10,2025-12-16,Standard Class,Wei Müller,Consumer,East,Philadelphia,Office Supplies,Binders,Binders - Model 486,4,0.0,154.08,69.34
513,ORD-1388,2024-01-11,2024-01-17,Standard Class,James Novak,Consumer,South,Miami,Office Supplies,Paper,Paper - Model 432,2,0.1,39.07,15.19
514,ORD-1389,2024-04-21,2024-04-28,Standard Class,Sofia Nguyen,Corporate,East,Newark,Office Supplies,Art,Art - Model 305,1,0.0,20.17,9.08
515,ORD-1390,2024-12-25,2025-01-01,Standard Class,Carlos Diaz,Consumer,West,San Francisco,Technology,Accessories,Accessories - Model 427,4,0.0,1821.01,582.73
516,ORD-1391,2024-11-05,2024-11-12,Standard Class,Omar Silva,Consumer,Central,Minneapolis,Office Supplies,Storage,Storage - Model 636,1,0.4,26.35,0.0
517,ORD-1391,2024-11-05,2024-11-12,Standard Class,Omar Silva,Consumer,Central,Minneapolis,Office Supplies,Storage,Storage - Model 708,3,0.15,39.2,13.84
518,ORD-1392,2024-08-18,2024-08-22,Second Class,Priya Chen,Home Office,Central,Houston,Office Supplies,Paper,Paper - Model 348,2,0.2,80.98,25.3
519,ORD-1393,2024-10-02,2024-10-08,Standard Class,Omar Diaz,Consumer,Central,Houston,Office Supplies,Paper,Paper - Model 527,4,0.3,129.71,18.52
520,ORD-1394,2024-08-06,2024-08-13,Standard Class,Priya Novak,Consumer,West,Seattle,Furniture,Bookcases,Bookcases - Model 883,2,0.1,533.4,71.12
521,ORD-1395,2023-09-06,2023-09-09,First Class,Aisha Rossi,Consumer,Central,Minneapolis,Office Supplies,Paper,Paper - Model 676,2,0.15,55.18,19.48
522,ORD-1396,2024-11-07,2024-11-14,Standard Class,Carlos Khan,Consumer,East,Boston,Furniture,Tables,Tables - Model 540,1,0.15,150.99,12.44
523,ORD-1397,2024-02-16,2024-02-23,Standard Class,Omar Patel,Consumer,East,Newark,Technology,Phones,Phones - Model 499,1,0.0,268.29,85.85
524,ORD-1398,2025-09-25,2025-09-30,Second Class,Noah Diaz,Corporate,West,Seattle,Furniture,Chairs,Chairs - Model 288,4,0.15,803.59,66.18
525,ORD-1399,2025-01-28,2025-01-31,First Class,Aisha Silva,Corporate,Central,Dallas,Technology,Machines,Machines - Model 854,3,0.0,711.67,227.73
526,ORD-1400,2025-08-08,2025-08-15,Standard Class,Liam Smith,Consumer,Central,Minneapolis,Furniture,Bookcases,Bookcases - Model 275,2,0.0,507.58,111.67
527,ORD-1401,2023-01-07,2023-01-09,First Class,Priya Müller,Consumer,Central,Minneapolis,Furniture,Furnishings,Furnishings - Model 826,2,0.0,459.11,101.0
528,ORD-1402,2025-04-30,2025-05-04,Second Class,Fatima Okafor,Home Office,South,Charlotte,Furniture,Bookcases,Bookcases - Model 976,5,0.0,1405.95,309.31
529,ORD-1403,2023-12-28,2023-12-30,First Class,Ethan Diaz,Home Office,South,Nashville,Office Supplies,Art,Art - Model 222,1,0.2,32.52,10.16
530,ORD-1403,2023-12-28,2023-12-30,First Class,Ethan Diaz,Home Office,South,Nashville,Office Supplies,Art,Art - Model 712,1,0.3,26.98,3.85
531,ORD-1404,2024-11-01,2024-11-07,Standard Class,James Diaz,Corporate,Central,Chicago,Technology,Accessories,Accessories - Model 711,5,0.3,1087.37,-46.6
532,ORD-1405,2023-02-24,2023-03-03,Standard Class,Omar Rossi,Corporate,West,Phoenix,Office Supplies,Storage,Storage - Model 712,1,0.0,43.12,19.41
533,ORD-1406,2025-03-26,2025-04-02,Standard Class,Fatima Kim,Consumer,West,Phoenix,Office Supplies,Labels,Labels - Model 820,2,0.0,12.43,5.6
534,ORD-1406,2025-03-26,2025-04-02,Standard Class,Fatima Kim,Consumer,West,Phoenix,Office Supplies,Labels,Labels - Model 426,3,0.1,106.54,41.43
535,ORD-1407,2025-03-03,2025-03-04,Same Day,Yuki Nguyen,Home Office,South,Atlanta,Office Supplies,Storage,Storage - Model 763,3,0.1,107.51,41.81
536,ORD-1407,2025-03-03,2025-03-04,Same Day,Yuki Nguyen,Home Office,South,Atlanta,Office Supplies,Storage,Storage - Model 253,2,0.0,84.73,38.13
537,ORD-1408,2023-04-22,2023-04-25,First Class,Aisha Khan,Consumer,Central,Houston,Office Supplies,Paper,Paper - Model 890,2,0.15,66.11,23.33
538,ORD-1409,2023-03-10,2023-03-17,Standard Class,Aisha Smith,Corporate,Central,Houston,Technology,Phones,Phones - Model 369,1,0.15,579.69,115.94
539,ORD-1410,2023-11-28,2023-12-05,Standard Class,Carlos Rossi,Consumer,West,San Francisco,Office Supplies,Art,Art - Model 839,2,0.0,63.41,28.54
540,ORD-1411,2023-12-31,2024-01-06,Standard Class,Carlos Brown,Consumer,East,Newark,Office Supplies,Storage,Storage - Model 278,1,0.1,20.53,7.98
541,ORD-1412,2025-08-16,2025-08-20,Second Class,Maria Patel,Home Office,Central,Minneapolis,Office Supplies,Storage,Storage - Model 501,2,0.1,85.85,33.38
542,ORD-1413,2024-08-30,2024-09-04,Second Class,Liam Patel,Corporate,East,Boston,Office Supplies,Paper,Paper - Model 398,1,0.0,8.57,3.86
543,ORD-1413,2024-08-30,2024-09-04,Second Class,Liam Patel,Corporate,East,Boston,Office Supplies,Paper,Paper - Model 525,1,0.0,35.52,15.98
544,ORD-1414,2023-06-19,2023-06-26,Standard Class,Omar Brown,Corporate,Central,Dallas,Office Supplies,Binders,Binders - Model 380,5,0.1,205.37,79.86
545,ORD-1415,2024-02-21,2024-02-27,Standard Class,Omar Novak,Consumer,Central,Minneapolis,Office Supplies,Labels,Labels - Model 367,1,0.15,20.92,7.38
546,ORD-1416,2024-05-05,2024-05-08,First Class,Noah Patel,Consumer,Central,Chicago,Office Supplies,Art,Art - Model 789,2,0.0,73.66,33.15
547,ORD-1416,2024-05-05,2024-05-08,First Class,Noah Patel,Consumer,Central,Chicago,Office Supplies,Art,Art - Model 220,1,0.1,43.74,17.01
548,ORD-1417,2024-08-27,2024-09-02,Standard Class,Ivy Smith,Corporate,Central,Minneapolis,Office Supplies,Labels,Labels - Model 379,3,0.0,102.94,46.32
549,ORD-1418,2024-09-06,2024-09-09,First Class,Fatima Novak,Consumer,South,Charlotte,Technology,Machines,Machines - Model 322,2,0.0,1472.25,471.12
550,ORD-1419,2023-09-07,2023-09-14,Standard Class,Carlos Rossi,Consumer,West,Phoenix,Furniture,Tables,Tables - Model 314,2,0.0,797.88,175.53
551,ORD-1420,2024-05-14,2024-05-21,Standard Class,James Diaz,Corporate,West,Los Angeles,Furniture,Tables,Tables - Model 700,1,0.1,227.06,30.28
552,ORD-1421,2023-12-06,2023-12-10,Second Class,Noah Okafor,Corporate,West,San Francisco,Office Supplies,Binders,Binders - Model 142,5,0.0,53.81,24.22
553,ORD-1422,2025-01-12,2025-01-19,Standard Class,Yuki Müller,Consumer,East,Philadelphia,Technology,Machines,Machines - Model 462,1,0.0,548.07,175.38
554,ORD-1423,2025-11-10,2025-11-14,Second Class,Noah Rossi,Home Office,Central,Minneapolis,Office Supplies,Paper,Paper - Model 556,4,0.2,163.56,51.11
555,ORD-1424,2024-05-13,2024-05-20,Standard Class,Priya Kim,Consumer,East,Philadelphia,Office Supplies,Labels,Labels - Model 867,3,0.15,152.28,53.75
556,ORD-1425,2023-01-12,2023-01-19,Standard Class,Ethan Nguyen,Corporate,East,Boston,Technology,Accessories,Accessories - Model 980,4,0.2,1288.59,193.29
557,ORD-1425,2023-01-12,2023-01-19,Standard Class,Ethan Nguyen,Corporate,East,Boston,Technology,Accessories,Accessories - Model 610,1,0.0,632.94,202.54
558,ORD-1426,2025-10-08,2025-10-14,Standard Class,Fatima Nguyen,Consumer,West,San Francisco,Technology,Accessories,Accessories - Model 888,1,0.0,492.67,157.66
559,ORD-1426,2025-10-08,2025-10-14,Standard Class,Fatima Nguyen,Consumer,West,San Francisco,Technology,Accessories,Accessories - Model 838,1,0.15,403.94,80.79
560,ORD-1427,2025-12-27,2026-01-03,Standard Class,Noah Khan,Consumer,West,Seattle,Office Supplies,Art,Art - Model 488,1,0.0,51.74,23.28
561,ORD-1428,2024-02-04,2024-02-10,Standard Class,Omar Garcia,Home Office,East,Newark,Office Supplies,Art,Art - Model 376,1,0.2,25.62,8.0
562,ORD-1429,2024-06-16,2024-06-23,Standard Class,Omar Diaz,Consumer,East,Boston,Furniture,Chairs,Chairs - Model 264,2,0.0,438.99,96.58
563,ORD-1429,2024-06-16,2024-06-23,Standard Class,Omar Diaz,Consumer,East,Boston,Furniture,Chairs,Chairs - Model 255,4,0.0,569.8,125.36
564,ORD-1430,2024-12-25,2024-12-27,First Class,Aisha Müller,Consumer,Central,Dallas,Office Supplies,Binders,Binders - Model 258,2,0.1,86.13,33.5
565,ORD-1431,2025-11-30,2025-12-06,Standard Class,James Diaz,Consumer,Central,Chicago,Office Supplies,Art,Art - Model 277,2,0.3,70.29,10.04
566,ORD-1431,2025-11-30,2025-12-06,Standard Class,James Diaz,Consumer,Central,Chicago,Office Supplies,Art,Art - Model 942,1,0.0,54.54,24.54
567,ORD-1432,2024-10-19,2024-10-25,Standard Class,Maria Novak,Consumer,West,Los Angeles,Office Supplies,Paper,Paper - Model 447,1,0.0,50.98,22.94
568,ORD-1433,2024-02-04,2024-02-10,Standard Class,Carlos Silva,Consumer,West,Seattle,Office Supplies,Storage,Storage - Model 204,3,0.0,99.07,44.58
569,ORD-1434,2023-10-29,2023-10-29,Same Day,Sofia Kim,Consumer,Central,Chicago,Furniture,Tables,Tables - Model 719,2,0.1,675.95,90.12
570,ORD-1435,2024-12-12,2024-12-19,Standard Class,Liam Silva,Corporate,South,Nashville,Office Supplies,Storage,Storage - Model 422,1,0.1,36.03,14.01
571,ORD-1436,2024-07-13,2024-07-15,First Class,Carlos Chen,Corporate,East,Philadelphia,Office Supplies,Binders,Binders - Model 971,2,0.1,60.89,23.68
572,ORD-1436,2024-07-13,2024-07-15,First Class,Carlos Chen,Corporate,East,Philadelphia,Office Supplies,Binders,Binders - Model 410,5,0.0,212.58,95.66
573,ORD-1437,2024-09-07,2024-09-13,Standard Class,Liam Diaz,Corporate,East,Newark,Office Supplies,Binders,Binders - Model 654,2,0.2,50.09,15.66
574,ORD-1438,2024-12-24,2024-12-28,Second Class,Priya Rossi,Corporate,Central,Chicago,Office Supplies,Storage,Storage - Model 854,2,0.0,91.48,41.16
575,ORD-1439,2024-03-31,2024-04-07,Standard Class,Ethan Okafor,Consumer,South,Atlanta,Office Supplies,Paper,Paper - Model 267,1,0.0,22.11,9.95
576,ORD-1440,2023-02-04,2023-02-08,Second Class,Ivy Nguyen,Consumer,West,Seattle,Furniture,Bookcases,Bookcases - Model 579,2,0.0,286.29,62.98
577,ORD-1441,2025-09-28,2025-10-04,Standard Class,Aisha Müller,Consumer,Central,Houston,Office Supplies,Paper,Paper - Model 965,4,0.1,62.09,24.15
578,ORD-1442,2025-06-15,2025-06-21,Standard Class,Liam Smith,Corporate,East,Philadelphia,Technology,Accessories,Accessories - Model 608,1,0.2,179.98,26.99
579,ORD-1443,2023-06-06,2023-06-08,First Class,Wei Novak,Corporate,Central,Minneapolis,Technology,Accessories,Accessories - Model 621,1,0.3,230.75,-9.89
580,ORD-1444,2025-06-23,2025-06-29,Standard Class,Maria Khan,Consumer,East,Newark,Office Supplies,Storage,Storage - Model 522,1,0.2,42.23,13.2
581,ORD-1445,2023-02-10,2023-02-16,Standard Class,Liam Diaz,Consumer,East,Philadelphia,Furniture,Tables,Tables - Model 753,3,0.0,843.75,185.63
582,ORD-1446,2024-03-03,2024-03-10,Standard Class,Omar Rossi,Home Office,West,Los Angeles,Office Supplies,Paper,Paper - Model 910,4,0.15,32.18,11.36
583,ORD-1446,2024-03-03,2024-03-10,Standard Class,Omar Rossi,Home Office,West,Los Angeles,Office Supplies,Paper,Paper - Model 934,5,0.0,196.77,88.55
584,ORD-1446,2024-03-03,2024-03-10,Standard Class,Omar Rossi,Home Office,West,Los Angeles,Office Supplies,Paper,Paper - Model 787,3,0.1,126.03,49.01
585,ORD-1447,2023-11-02,2023-11-09,Standard Class,Ethan Müller,Consumer,West,Phoenix,Office Supplies,Labels,Labels - Model 179,1,0.15,48.11,16.98
586,ORD-1448,2023-06-17,2023-06-23,Standard Class,Liam Okafor,Corporate,Central,Minneapolis,Office Supplies,Binders,Binders - Model 440,2,0.0,102.49,46.12
587,ORD-1448,2023-06-17,2023-06-23,Standard Class,Liam Okafor,Corporate,Central,Minneapolis,Office Supplies,Binders,Binders - Model 161,2,0.0,40.56,18.25
588,ORD-1449,2023-10-01,2023-10-01,Same Day,Carlos Rossi,Corporate,Central,Dallas,Office Supplies,Binders,Binders - Model 484,3,0.2,72.79,22.74
589,ORD-1450,2025-12-26,2026-01-02,Standard Class,Fatima Okafor,Corporate,West,San Francisco,Office Supplies,Labels,Labels - Model 192,3,0.3,87.19,12.45
590,ORD-1451,2025-04-15,2025-04-22,Standard Class,Fatima Garcia,Home Office,West,San Francisco,Office Supplies,Labels,Labels - Model 524,2,0.0,73.56,33.1
591,ORD-1452,2025-10-31,2025-11-07,Standard Class,Fatima Nguyen,Corporate,East,New York,Technology,Machines,Machines - Model 677,3,0.0,1752.25,560.72
592,ORD-1453,2023-08-12,2023-08-14,First Class,Yuki Nguyen,Corporate,West,Phoenix,Technology,Accessories,Accessories - Model 692,4,0.0,2075.51,664.16
593,ORD-1454,2023-05-21,2023-05-28,Standard Class,James Garcia,Consumer,Central,Minneapolis,Office Supplies,Storage,Storage - Model 782,2,0.2,52.65,16.45
594,ORD-1455,2025-08-18,2025-08-24,Standard Class,Omar Novak,Consumer,East,Philadelphia,Technology,Machines,Machines - Model 455,1,0.0,338.93,108.46
595,ORD-1456,2025-04-10,2025-04-13,First Class,Sofia Kim,Consumer,Central,Minneapolis,Furniture,Chairs,Chairs - Model 889,2,0.15,267.54,22.03
596,ORD-1457,2024-03-28,2024-04-04,Standard Class,Wei Brown,Consumer,West,Los Angeles,Furniture,Tables,Tables - Model 568,1,0.3,189.96,-35.28
597,ORD-1458,2024-10-18,2024-10-25,Standard Class,Aisha Müller,Corporate,West,Phoenix,Office Supplies,Art,Art - Model 918,1,0.0,42.62,19.18
598,ORD-1458,2024-10-18,2024-10-25,Standard Class,Aisha Müller,Corporate,West,Phoenix,Office Supplies,Art,Art - Model 427,2,0.15,32.83,11.59
599,ORD-1459,2025-04-12,2025-04-19,Standard Class,Omar Müller,Corporate,West,San Francisco,Office Supplies,Art,Art - Model 524,3,0.0,109.11,49.1
600,ORD-1460,2025-03-20,2025-03-26,Standard Class,Carlos Silva,Corporate,South,Miami,Technology,Copiers,Copiers - Model 878,5,0.1,2661.73,650.64
601,ORD-1461,2024-09-22,2024-09-26,Second Class,Liam Smith,Consumer,West,San Francisco,Office Supplies,Binders,Binders - Model 760,3,0.4,42.71,0.0
602,ORD-1462,2025-08-30,2025-09-03,Second Class,Priya Okafor,Consumer,East,Boston,Office Supplies,Binders,Binders - Model 863,1,0.0,52.63,23.68
603,ORD-1463,2023-10-04,2023-10-10,Standard Class,Priya Rossi,Consumer,Central,Minneapolis,Technology,Machines,Machines - Model 711,4,0.0,1155.63,369.8
604,ORD-1464,2024-10-06,2024-10-10,Second Class,Omar Brown,Corporate,East,Newark,Furniture,Chairs,Chairs - Model 522,1,0.0,191.31,42.09
605,ORD-1465,2023-03-13,2023-03-20,Standard Class,Yuki Brown,Consumer,South,Atlanta,Office Supplies,Labels,Labels - Model 481,1,0.0,35.43,15.95
606,ORD-1466,2025-12-22,2025-12-29,Standard Class,Aisha Chen,Consumer,West,Seattle,Office Supplies,Storage,Storage - Model 554,1,0.3,25.73,3.67
607,ORD-1467,2025-02-24,2025-02-27,First Class,Ethan Brown,Corporate,South,Atlanta,Office Supplies,Art,Art - Model 821,3,0.0,159.59,71.81
608,ORD-1467,2025-02-24,2025-02-27,First Class,Ethan Brown,Corporate,South,Atlanta,Office Supplies,Art,Art - Model 243,4,0.0,136.56,61.45
609,ORD-1468,2024-10-01,2024-10-08,Standard Class,Priya Nguyen,Consumer,West,San Francisco,Office Supplies,Labels,Labels - Model 776,2,0.1,41.89,16.29
610,ORD-1469,2024-08-06,2024-08-12,Standard Class,Ivy Chen,Corporate,Central,Chicago,Technology,Phones,Phones - Model 962,3,0.0,793.4,253.89
611,ORD-1469,2024-08-06,2024-08-12,Standard Class,Ivy Chen,Corporate,Central,Chicago,Technology,Phones,Phones - Model 127,1,0.0,681.32,218.02
612,ORD-1470,2025-11-24,2025-12-01,Standard Class,Carlos Patel,Consumer,West,Seattle,Technology,Copiers,Copiers - Model 998,1,0.0,588.25,188.24
613,ORD-1471,2023-03-31,2023-04-06,Standard Class,Ethan Nguyen,Consumer,South,Miami,Furniture,Bookcases,Bookcases - Model 548,1,0.0,359.23,79.03
614,ORD-1471,2023-03-31,2023-04-06,Standard Class,Ethan Nguyen,Consumer,South,Miami,Furniture,Bookcases,Bookcases - Model 742,2,0.0,464.73,102.24
615,ORD-1472,2023-07-19,2023-07-26,Standard Class,Noah Diaz,Consumer,East,Newark,Technology,Accessories,Accessories - Model 280,2,0.0,813.77,260.41
616,ORD-1473,2024-07-25,2024-07-30,Second Class,Ivy Müller,Consumer,Central,Houston,Office Supplies,Labels,Labels - Model 393,1,0.15,31.27,11.04
617,ORD-1474,2025-05-19,2025-05-26,Standard Class,Maria Kim,Consumer,South,Charlotte,Office Supplies,Storage,Storage - Model 189,4,0.0,127.87,57.54
618,ORD-1475,2024-12-24,2024-12-30,Standard Class,Ivy Novak,Corporate,Central,Minneapolis,Technology,Machines,Machines - Model 808,4,0.0,1011.64,323.72
619,ORD-1476,2025-06-22,2025-06-27,Second Class,Ethan Silva,Consumer,South,Nashville,Technology,Phones,Phones - Model 676,2,0.0,1037.59,332.03
620,ORD-1477,2025-01-17,2025-01-24,Standard Class,Aisha Okafor,Consumer,South,Charlotte,Office Supplies,Storage,Storage - Model 898,1,0.0,17.17,7.73
621,ORD-1478,2025-10-28,2025-11-04,Standard Class,Priya Kim,Home Office,West,Phoenix,Technology,Accessories,Accessories - Model 510,1,0.15,503.54,100.71
622,ORD-1479,2024-09-18,2024-09-23,Second Class,Carlos Nguyen,Consumer,West,Phoenix,Office Supplies,Paper,Paper - Model 237,2,0.0,62.2,27.99
623,ORD-1480,2023-12-07,2023-12-10,First Class,Aisha Diaz,Corporate,Central,Dallas,Office Supplies,Labels,Labels - Model 453,1,0.0,26.94,12.12
624,ORD-1481,2023-02-01,2023-02-07,Standard Class,Ivy Brown,Corporate,East,Newark,Office Supplies,Labels,Labels - Model 226,1,0.4,25.34,0.0
625,ORD-1481,2023-02-01,2023-02-07,Standard Class,Ivy Brown,Corporate,East,Newark,Office Supplies,Labels,Labels - Model 113,3,0.0,59.34,26.7
626,ORD-1482,2023-11-14,2023-11-21,Standard Class,Liam Kim,Consumer,South,Atlanta,Office Supplies,Storage,Storage - Model 492,2,0.0,22.25,10.01
627,ORD-1483,2024-10-18,2024-10-25,Standard Class,Carlos Garcia,Home Office,West,Phoenix,Office Supplies,Paper,Paper - Model 693,4,0.15,169.59,59.86
628,ORD-1484,2023-12-14,2023-12-16,First Class,Ethan Nguyen,Consumer,West,San Francisco,Office Supplies,Storage,Storage - Model 624,2,0.0,37.06,16.67
629,ORD-1485,2025-06-28,2025-07-04,Standard Class,Aisha Rossi,Consumer,Central,Houston,Office Supplies,Binders,Binders - Model 676,2,0.1,64.8,25.2
630,ORD-1486,2023-09-22,2023-09-29,Standard Class,James Okafor,Corporate,East,Philadelphia,Office Supplies,Art,Art - Model 538,2,0.0,56.91,25.61
631,ORD-1487,2023-11-20,2023-11-22,First Class,Aisha Kim,Corporate,West,Phoenix,Office Supplies,Labels,Labels - Model 193,1,0.0,32.05,14.42
632,ORD-1488,2023-04-26,2023-05-03,Standard Class,Sofia Müller,Consumer,Central,Houston,Technology,Accessories,Accessories - Model 691,1,0.1,227.73,55.67
633,ORD-1488,2023-04-26,2023-05-03,Standard Class,Sofia Müller,Consumer,Central,Houston,Technology,Accessories,Accessories - Model 753,1,0.2,281.73,42.26
634,ORD-1488,2023-04-26,2023-05-03,Standard Class,Sofia Müller,Consumer,Central,Houston,Technology,Accessories,Accessories - Model 657,2,0.1,1246.04,304.59
635,ORD-1489,2023-10-09,2023-10-15,Standard Class,Fatima Smith,Home Office,East,New York,Technology,Machines,Machines - Model 731,1,0.1,156.39,38.23
636,ORD-1489,2023-10-09,2023-10-15,Standard Class,Fatima Smith,Home Office,East,New York,Technology,Machines,Machines - Model 450,1,0.0,390.29,124.89
637,ORD-1489,2023-10-09,2023-10-15,Standard Class,Fatima Smith,Home Office,East,New York,Technology,Machines,Machines - Model 957,1,0.15,419.24,83.85
638,ORD-1490,2024-05-23,2024-05-29,Standard Class,Ivy Nguyen,Consumer,South,Atlanta,Furniture,Chairs,Chairs - Model 516,1,0.0,276.87,60.91
639,ORD-1491,2024-08-01,2024-08-08,Standard Class,Liam Patel,Corporate,East,Boston,Office Supplies,Binders,Binders - Model 609,1,0.1,49.31,19.18
640,ORD-1492,2025-10-28,2025-11-01,Second Class,Fatima Novak,Consumer,South,Atlanta,Office Supplies,Art,Art - Model 732,5,0.0,114.27,51.42
641,ORD-1492,2025-10-28,2025-11-01,Second Class,Fatima Novak,Consumer,South,Atlanta,Office Supplies,Art,Art - Model 337,2,0.1,20.84,8.1
642,ORD-1493,2024-06-03,2024-06-09,Standard Class,Priya Garcia,Consumer,East,New York,Furniture,Furnishings,Furnishings - Model 744,1,0.1,85.44,11.39
643,ORD-1494,2025-01-31,2025-02-07,Standard Class,Sofia Khan,Corporate,South,Miami,Technology,Machines,Machines - Model 432,2,0.15,1056.39,211.28
644,ORD-1495,2025-03-31,2025-04-04,Second Class,Ivy Nguyen,Corporate,West,Seattle,Technology,Machines,Machines - Model 477,1,0.0,295.44,94.54
645,ORD-1496,2024-07-19,2024-07-20,Same Day,Maria Smith,Corporate,Central,Chicago,Office Supplies,Paper,Paper - Model 680,4,0.1,186.96,72.71
646,ORD-1497,2023-03-16,2023-03-21,Second Class,Liam Nguyen,Corporate,West,Seattle,Office Supplies,Art,Art - Model 795,3,0.2,115.82,36.19
647,ORD-1498,2025-12-12,2025-12-19,Standard Class,Aisha Okafor,Corporate,South,Charlotte,Office Supplies,Paper,Paper - Model 400,4,0.0,53.66,24.15
648,ORD-1499,2023-07-12,2023-07-19,Standard Class,Wei Kim,Corporate,East,Newark,Furniture,Bookcases,Bookcases - Model 637,1,0.0,272.29,59.9
649,ORD-1500,2025-07-13,2025-07-20,Standard Class,Omar Chen,Consumer,Central,Minneapolis,Office Supplies,Art,Art - Model 995,1,0.15,37.85,13.36
650,ORD-1500,2025-07-13,2025-07-20,Standard Class,Omar Chen,Consumer,Central,Minneapolis,Office Supplies,Art,Art - Model 384,2,0.0,71.22,32.05
651,ORD-1500,2025-07-13,2025-07-20,Standard Class,Omar Chen,Consumer,Central,Minneapolis,Office Supplies,Art,Art - Model 164,1,0.0,35.54,15.99
652,ORD-1501,2025-08-07,2025-08-10,First Class,Aisha Kim,Corporate,Central,Houston,Office Supplies,Labels,Labels - Model 207,2,0.2,60.03,18.76
653,ORD-1502,2023-02-28,2023-03-07,Standard Class,Noah Rossi,Consumer,East,Newark,Office Supplies,Art,Art - Model 318,1,0.0,34.27,15.42
654,ORD-1502,2023-02-28,2023-03-07,Standard Class,Noah Rossi,Consumer,East,Newark,Office Supplies,Art,Art - Model 825,5,0.4,94.01,0.01
655,ORD-1502,2023-02-28,2023-03-07,Standard Class,Noah Rossi,Consumer,East,Newark,Office Supplies,Art,Art - Model 403,1,0.1,45.06,17.52
656,ORD-1503,2023-10-25,2023-10-30,Second Class,Noah Müller,Consumer,South,Nashville,Furniture,Chairs,Chairs - Model 824,2,0.0,560.35,123.28
657,ORD-1504,2025-10-11,2025-10-17,Standard Class,Maria Smith,Home Office,East,New York,Office Supplies,Binders,Binders - Model 392,5,0.0,166.66,75.0
658,ORD-1505,2024-08-06,2024-08-12,Standard Class,Aisha Khan,Home Office,East,Boston,Office Supplies,Storage,Storage - Model 229,1,0.0,32.25,14.51
659,ORD-1506,2023-03-09,2023-03-12,First Class,James Rossi,Consumer,Central,Houston,Office Supplies,Storage,Storage - Model 698,3,0.1,97.55,37.94
660,ORD-1507,2023-09-07,2023-09-08,Same Day,Aisha Diaz,Corporate,South,Miami,Furniture,Furnishings,Furnishings - Model 668,1,0.0,435.54,95.82
661,ORD-1508,2025-12-07,2025-12-13,Standard Class,Liam Müller,Corporate,Central,Minneapolis,Office Supplies,Art,Art - Model 852,1,0.0,52.2,23.49
662,ORD-1509,2024-01-07,2024-01-14,Standard Class,Omar Müller,Consumer,East,Newark,Office Supplies,Labels,Labels - Model 610,5,0.1,163.87,63.73
663,ORD-1510,2024-10-14,2024-10-19,Second Class,Sofia Nguyen,Corporate,South,Atlanta,Furniture,Tables,Tables - Model 888,1,0.4,242.56,-92.97
664,ORD-1510,2024-10-14,2024-10-19,Second Class,Sofia Nguyen,Corporate,South,Atlanta,Furniture,Tables,Tables - Model 385,4,0.0,1534.53,337.6
665,ORD-1510,2024-10-14,2024-10-19,Second Class,Sofia Nguyen,Corporate,South,Atlanta,Furniture,Tables,Tables - Model 985,2,0.0,598.67,131.71
666,ORD-1511,2024-04-07,2024-04-12,Second Class,Ivy Kim,Corporate,East,Boston,Furniture,Bookcases,Bookcases - Model 479,1,0.2,212.18,5.3
667,ORD-1512,2024-09-08,2024-09-13,Second Class,Priya Chen,Corporate,West,Seattle,Office Supplies,Paper,Paper - Model 439,3,0.15,106.76,37.68
668,ORD-1512,2024-09-08,2024-09-13,Second Class,Priya Chen,Corporate,West,Seattle,Office Supplies,Paper,Paper - Model 869,1,0.0,54.72,24.63
669,ORD-1512,2024-09-08,2024-09-13,Second Class,Priya Chen,Corporate,West,Seattle,Office Supplies,Paper,Paper - Model 482,2,0.1,36.05,14.02
670,ORD-1513,2024-04-02,2024-04-08,Standard Class,Ethan Okafor,Corporate,East,New York,Office Supplies,Storage,Storage - Model 683,1,0.4,21.56,0.0
671,ORD-1514,2025-12-09,2025-12-16,Standard Class,Fatima Rossi,Corporate,South,Miami,Furniture,Tables,Tables - Model 606,1,0.0,225.25,49.56
672,ORD-1515,2024-12-22,2024-12-29,Standard Class,Liam Okafor,Corporate,Central,Chicago,Technology,Machines,Machines - Model 217,2,0.0,1168.63,373.96
673,ORD-1515,2024-12-22,2024-12-29,Standard Class,Liam Okafor,Corporate,Central,Chicago,Technology,Machines,Machines - Model 887,1,0.4,116.75,-25.3
674,ORD-1516,2024-10-26,2024-11-01,Standard Class,Aisha Chen,Corporate,East,Newark,Office Supplies,Labels,Labels - Model 807,3,0.0,60.42,27.19
675,ORD-1517,2025-01-26,2025-02-01,Standard Class,Omar Rossi,Corporate,East,Boston,Furniture,Bookcases,Bookcases - Model 692,1,0.0,263.01,57.87
676,ORD-1518,2025-05-06,2025-05-13,Standard Class,Sofia Nguyen,Consumer,South,Atlanta,Technology,Machines,Machines - Model 956,2,0.2,662.15,99.32
677,ORD-1519,2024-09-15,2024-09-20,Second Class,Yuki Nguyen,Home Office,South,Atlanta,Technology,Phones,Phones - Model 277,2,0.1,986.27,241.09
678,ORD-1520,2023-11-17,2023-11-24,Standard Class,Aisha Brown,Consumer,Central,Chicago,Office Supplies,Labels,Labels - Model 288,3,0.1,90.03,35.01
679,ORD-1521,2023-01-25,2023-02-01,Standard Class,Ivy Müller,Home Office,West,San Francisco,Office Supplies,Binders,Binders - Model 873,1,0.15,33.19,11.71
680,ORD-1521,2023-01-25,2023-02-01,Standard Class,Ivy Müller,Home Office,West,San Francisco,Office Supplies,Binders,Binders - Model 580,1,0.15,29.28,10.33
681,ORD-1522,2024-11-01,2024-11-05,Second Class,Sofia Kim,Consumer,East,Philadelphia,Technology,Phones,Phones - Model 921,2,0.0,981.09,313.95
682,ORD-1523,2023-07-24,2023-07-26,First Class,Ivy Müller,Corporate,South,Atlanta,Office Supplies,Labels,Labels - Model 775,2,0.1,76.39,29.71
683,ORD-1524,2024-12-23,2024-12-29,Standard Class,Wei Rossi,Consumer,Central,Minneapolis,Technology,Copiers,Copiers - Model 213,1,0.0,382.63,122.44
684,ORD-1525,2025-03-02,2025-03-09,Standard Class,Maria Silva,Home Office,South,Nashville,Office Supplies,Paper,Paper - Model 834,1,0.3,32.3,4.62
685,ORD-1526,2025-03-11,2025-03-11,Same Day,Fatima Silva,Consumer,West,Los Angeles,Furniture,Chairs,Chairs - Model 896,1,0.3,218.01,-40.48
686,ORD-1527,2023-08-06,2023-08-13,Standard Class,Sofia Diaz,Corporate,Central,Minneapolis,Technology,Accessories,Accessories - Model 760,2,0.0,1010.31,323.3
687,ORD-1528,2024-06-06,2024-06-12,Standard Class,Sofia Kim,Home Office,East,Philadelphia,Office Supplies,Storage,Storage - Model 539,1,0.0,42.58,19.16
688,ORD-1529,2023-12-31,2024-01-05,Second Class,Liam Smith,Home Office,Central,Minneapolis,Furniture,Chairs,Chairs - Model 546,4,0.3,537.33,-99.79
689,ORD-1530,2023-11-23,2023-11-29,Standard Class,Liam Nguyen,Consumer,South,Miami,Furniture,Furnishings,Furnishings - Model 960,1,0.0,302.07,66.45
690,ORD-1531,2024-11-20,2024-11-27,Standard Class,James Chen,Corporate,East,Newark,Furniture,Chairs,Chairs - Model 305,1,0.0,254.92,56.08
691,ORD-1532,2025-11-13,2025-11-20,Standard Class,Ivy Patel,Corporate,Central,Minneapolis,Office Supplies,Paper,Paper - Model 118,2,0.0,65.52,29.48
692,ORD-1533,2025-11-16,2025-11-23,Standard Class,Sofia Nguyen,Corporate,East,Newark,Furniture,Chairs,Chairs - Model 634,1,0.2,270.66,6.77
693,ORD-1534,2025-02-13,2025-02-19,Standard Class,Omar Khan,Consumer,Central,Chicago,Office Supplies,Paper,Paper - Model 998,1,0.1,17.03,6.62
694,ORD-1535,2024-12-10,2024-12-16,Standard Class,Aisha Kim,Consumer,West,Phoenix,Office Supplies,Paper,Paper - Model 923,3,0.0,148.48,66.82
695,ORD-1535,2024-12-10,2024-12-16,Standard Class,Aisha Kim,Consumer,West,Phoenix,Office Supplies,Paper,Paper - Model 431,2,0.1,75.24,29.26
696,ORD-1536,2024-01-08,2024-01-14,Standard Class,Liam Silva,Corporate,West,San Francisco,Office Supplies,Labels,Labels - Model 588,1,0.15,23.61,8.33
697,ORD-1537,2024-06-11,2024-06-18,Standard Class,Maria Novak,Consumer,South,Charlotte,Furniture,Chairs,Chairs - Model 261,1,0.2,295.48,7.39
698,ORD-1538,2024-02-03,2024-02-09,Standard Class,Ivy Chen,Consumer,West,Seattle,Office Supplies,Binders,Binders - Model 251,4,0.1,128.16,49.84
699,ORD-1538,2024-02-03,2024-02-09,Standard Class,Ivy Chen,Consumer,West,Seattle,Office Supplies,Binders,Binders - Model 791,3,0.0,82.99,37.34
700,ORD-1539,2025-07-13,2025-07-19,Standard Class,Priya Rossi,Home Office,East,Newark,Furniture,Furnishings,Furnishings - Model 587,1,0.1,151.28,20.17
701,ORD-1539,2025-07-13,2025-07-19,Standard Class,Priya Rossi,Home Office,East,Newark,Furniture,Furnishings,Furnishings - Model 694,2,0.15,338.99,27.91
702,ORD-1540,2024-09-18,2024-09-24,Standard Class,Carlos Diaz,Home Office,Central,Houston,Office Supplies,Labels,Labels - Model 703,2,0.0,104.0,46.8
703,ORD-1541,2025-09-24,2025-09-30,Standard Class,Ivy Patel,Consumer,Central,Dallas,Furniture,Chairs,Chairs - Model 909,3,0.0,888.1,195.38
704,ORD-1542,2023-07-08,2023-07-14,Standard Class,Ethan Novak,Consumer,West,Seattle,Technology,Machines,Machines - Model 556,1,0.3,292.74,-12.54
705,ORD-1542,2023-07-08,2023-07-14,Standard Class,Ethan Novak,Consumer,West,Seattle,Technology,Machines,Machines - Model 529,2,0.4,517.4,-112.1
706,ORD-1543,2024-08-26,2024-09-01,Standard Class,Omar Smith,Consumer,East,Boston,Technology,Machines,Machines - Model 703,2,0.3,845.08,-36.21
707,ORD-1544,2023-01-27,2023-01-29,First Class,Wei Diaz,Home Office,West,Phoenix,Furniture,Tables,Tables - Model 694,4,0.0,873.81,192.24
708,ORD-1545,2024-11-25,2024-11-25,Same Day,James Rossi,Consumer,Central,Chicago,Office Supplies,Storage,Storage - Model 107,1,0.0,33.68,15.16
709,ORD-1545,2024-11-25,2024-11-25,Same Day,James Rossi,Consumer,Central,Chicago,Office Supplies,Storage,Storage - Model 613,1,0.2,14.84,4.63
710,ORD-1545,2024-11-25,2024-11-25,Same Day,James Rossi,Consumer,Central,Chicago,Office Supplies,Storage,Storage - Model 244,2,0.0,92.24,41.51
711,ORD-1546,2023-06-09,2023-06-15,Standard Class,Noah Nguyen,Home Office,West,Seattle,Technology,Phones,Phones - Model 653,3,0.0,1578.61,505.15
712,ORD-1546,2023-06-09,2023-06-15,Standard Class,Noah Nguyen,Home Office,West,Seattle,Technology,Phones,Phones - Model 131,5,0.4,1627.63,-352.66
713,ORD-1547,2024-07-15,2024-07-17,First Class,James Chen,Consumer,South,Charlotte,Office Supplies,Art,Art - Model 906,2,0.0,34.57,15.56
714,ORD-1548,2024-03-17,2024-03-21,Second Class,Maria Rossi,Consumer,Central,Minneapolis,Office Supplies,Paper,Paper - Model 195,1,0.3,18.11,2.59
715,ORD-1549,2024-08-11,2024-08-14,First Class,Ivy Rossi,Corporate,West,Seattle,Office Supplies,Labels,Labels - Model 597,2,0.3,49.13,7.02
716,ORD-1550,2024-09-19,2024-09-26,Standard Class,Fatima Garcia,Corporate,South,Atlanta,Office Supplies,Storage,Storage - Model 328,1,0.15,28.14,9.93
717,ORD-1551,2025-01-28,2025-02-04,Standard Class,Priya Chen,Consumer,South,Atlanta,Technology,Copiers,Copiers - Model 250,2,0.0,928.03,296.97
718,ORD-1552,2025-12-21,2025-12-23,First Class,Wei Rossi,Corporate,East,Philadelphia,Office Supplies,Paper,Paper - Model 668,1,0.3,2.8,0.4
719,ORD-1553,2024-10-28,2024-11-03,Standard Class,Maria Kim,Home Office,West,San Francisco,Technology,Copiers,Copiers - Model 812,2,0.2,406.84,61.02
720,ORD-1553,2024-10-28,2024-11-03,Standard Class,Maria Kim,Home Office,West,San Francisco,Technology,Copiers,Copiers - Model 121,2,0.15,571.73,114.34
721,ORD-1553,2024-10-28,2024-11-03,Standard Class,Maria Kim,Home Office,West,San Francisco,Technology,Copiers,Copiers - Model 174,1,0.0,98.29,31.45
722,ORD-1554,2024-04-09,2024-04-15,Standard Class,Wei Nguyen,Consumer,East,Boston,Technology,Phones,Phones - Model 200,2,0.1,815.74,199.4
723,ORD-1555,2025-10-09,2025-10-16,Standard Class,Wei Müller,Consumer,East,New York,Office Supplies,Binders,Binders - Model 289,2,0.0,81.65,36.74
724,ORD-1556,2023-10-27,2023-11-02,Standard Class,Ethan Diaz,Consumer,South,Nashville,Furniture,Bookcases,Bookcases - Model 876,4,0.0,1112.23,244.69
725,ORD-1557,2025-09-14,2025-09-18,Second Class,Aisha Müller,Corporate,West,Los Angeles,Office Supplies,Paper,Paper - Model 101,1,0.15,32.86,11.6
726,ORD-1558,2024-04-27,2024-05-04,Standard Class,Fatima Müller,Corporate,Central,Minneapolis,Technology,Phones,Phones - Model 807,2,0.0,682.84,218.51
727,ORD-1559,2025-06-07,2025-06-10,First Class,Liam Smith,Home Office,South,Nashville,Furniture,Bookcases,Bookcases - Model 125,1,0.3,205.71,-38.2
728,ORD-1560,2025-03-30,2025-04-03,Second Class,Fatima Nguyen,Corporate,West,Los Angeles,Technology,Accessories,Accessories - Model 709,1,0.0,505.72,161.83
729,ORD-1561,2025-11-09,2025-11-15,Standard Class,Carlos Brown,Consumer,East,Boston,Office Supplies,Storage,Storage - Model 786,1,0.0,34.45,15.5
730,ORD-1562,2025-11-22,2025-11-29,Standard Class,Aisha Smith,Consumer,East,Boston,Furniture,Furnishings,Furnishings - Model 470,1,0.2,113.67,2.84
731,ORD-1563,2023-02-20,2023-02-26,Standard Class,Omar Khan,Consumer,Central,Minneapolis,Office Supplies,Paper,Paper - Model 973,1,0.3,22.31,3.19
732,ORD-1564,2023-02-03,2023-02-10,Standard Class,Maria Müller,Corporate,Central,Houston,Office Supplies,Storage,Storage - Model 598,2,0.1,85.67,33.32
733,ORD-1565,2024-11-10,2024-11-17,Standard Class,Carlos Chen,Consumer,Central,Minneapolis,Furniture,Furnishings,Furnishings - Model 424,5,0.15,1326.8,109.26
734,ORD-1565,2024-11-10,2024-11-17,Standard Class,Carlos Chen,Consumer,Central,Minneapolis,Furniture,Furnishings,Furnishings - Model 181,2,0.0,685.93,150.91
735,ORD-1566,2023-12-07,2023-12-13,Standard Class,Liam Novak,Corporate,Central,Chicago,Office Supplies,Storage,Storage - Model 330,1,0.15,32.15,11.35
736,ORD-1567,2023-07-23,2023-07-30,Standard Class,Priya Smith,Consumer,South,Nashville,Technology,Phones,Phones - Model 906,1,0.0,558.68,178.78
737,ORD-1568,2025-03-31,2025-04-06,Standard Class,Ivy Diaz,Corporate,South,Charlotte,Furniture,Chairs,Chairs - Model 132,2,0.0,166.79,36.7
738,ORD-1569,2024-12-10,2024-12-11,Same Day,Omar Müller,Consumer,South,Atlanta,Office Supplies,Art,Art - Model 736,1,0.0,46.62,20.98
739,ORD-1570,2024-05-17,2024-05-24,Standard Class,Yuki Nguyen,Corporate,South,Miami,Furniture,Bookcases,Bookcases - Model 816,1,0.1,147.59,19.68
740,ORD-1570,2024-05-17,2024-05-24,Standard Class,Yuki Nguyen,Corporate,South,Miami,Furniture,Bookcases,Bookcases - Model 949,5,0.0,905.67,199.25
741,ORD-1570,2024-05-17,2024-05-24,Standard Class,Yuki Nguyen,Corporate,South,Miami,Furniture,Bookcases,Bookcases - Model 243,3,0.1,944.27,125.91
742,ORD-1571,2023-06-18,2023-06-20,First Class,Priya Diaz,Home Office,South,Nashville,Furniture,Furnishings,Furnishings - Model 868,2,0.0,297.84,65.52
743,ORD-1571,2023-06-18,2023-06-20,First Class,Priya Diaz,Home Office,South,Nashville,Furniture,Furnishings,Furnishings - Model 831,3,0.0,475.59,104.63
744,ORD-1572,2023-11-09,2023-11-15,Standard Class,Wei Diaz,Consumer,East,Philadelphia,Furniture,Bookcases,Bookcases - Model 795,1,0.0,32.64,7.18
745,ORD-1573,2023-09-08,2023-09-13,Second Class,Ivy Khan,Corporate,East,Philadelphia,Office Supplies,Paper,Paper - Model 636,1,0.0,38.82,17.47
746,ORD-1574,2025-09-17,2025-09-19,First Class,Aisha Diaz,Corporate,East,Philadelphia,Office Supplies,Paper,Paper - Model 330,1,0.0,17.31,7.79
747,ORD-1575,2023-11-05,2023-11-12,Standard Class,Yuki Garcia,Consumer,East,Newark,Furniture,Furnishings,Furnishings - Model 741,1,0.1,211.11,28.15
748,ORD-1576,2024-03-31,2024-04-07,Standard Class,Aisha Brown,Home Office,East,Newark,Office Supplies,Labels,Labels - Model 529,4,0.15,167.79,59.22
749,ORD-1577,2025-07-27,2025-07-29,First Class,Ethan Garcia,Consumer,East,Boston,Office Supplies,Binders,Binders - Model 221,5,0.1,82.3,32.0
750,ORD-1578,2023-02-12,2023-02-19,Standard Class,Sofia Rossi,Corporate,South,Nashville,Technology,Machines,Machines - Model 177,5,0.15,65.25,13.05
751,ORD-1578,2023-02-12,2023-02-19,Standard Class,Sofia Rossi,Corporate,South,Nashville,Technology,Machines,Machines - Model 708,1,0.0,609.87,195.16
752,ORD-1579,2025-04-16,2025-04-21,Second Class,Priya Rossi,Home Office,East,Philadelphia,Office Supplies,Paper,Paper - Model 320,3,0.3,80.76,11.54
753,ORD-1580,2025-08-05,2025-08-12,Standard Class,Fatima Müller,Consumer,East,Philadelphia,Technology,Phones,Phones - Model 610,1,0.2,241.55,36.23
754,ORD-1581,2023-07-06,2023-07-09,First Class,Yuki Smith,Consumer,West,San Francisco,Office Supplies,Binders,Binders - Model 979,1,0.15,22.02,7.77
755,ORD-1582,2025-11-08,2025-11-11,First Class,Aisha Brown,Corporate,East,Philadelphia,Office Supplies,Binders,Binders - Model 665,1,0.1,29.68,11.54
756,ORD-1582,2025-11-08,2025-11-11,First Class,Aisha Brown,Corporate,East,Philadelphia,Office Supplies,Binders,Binders - Model 779,1,0.0,48.02,21.61
757,ORD-1583,2024-05-02,2024-05-02,Same Day,Carlos Khan,Corporate,East,Boston,Office Supplies,Binders,Binders - Model 566,1,0.0,45.43,20.44
758,ORD-1583,2024-05-02,2024-05-02,Same Day,Carlos Khan,Corporate,East,Boston,Office Supplies,Binders,Binders - Model 979,1,0.1,15.23,5.93
759,ORD-1583,2024-05-02,2024-05-02,Same Day,Carlos Khan,Corporate,East,Boston,Office Supplies,Binders,Binders - Model 584,2,0.0,36.12,16.25
760,ORD-1584,2023-08-21,2023-08-27,Standard Class,Maria Patel,Consumer,East,Boston,Technology,Accessories,Accessories - Model 414,1,0.1,478.26,116.91
761,ORD-1585,2025-05-12,2025-05-16,Second Class,Sofia Diaz,Corporate,East,Philadelphia,Office Supplies,Storage,Storage - Model 685,2,0.0,43.1,19.4
762,ORD-1585,2025-05-12,2025-05-16,Second Class,Sofia Diaz,Corporate,East,Philadelphia,Office Supplies,Storage,Storage - Model 333,3,0.0,126.44,56.9
763,ORD-1586,2025-03-20,2025-03-27,Standard Class,Fatima Rossi,Corporate,East,Boston,Office Supplies,Binders,Binders - Model 471,4,0.0,225.07,101.28
764,ORD-1587,2023-08-22,2023-08-27,Second Class,Sofia Müller,Corporate,South,Nashville,Office Supplies,Labels,Labels - Model 383,1,0.15,37.51,13.24
765,ORD-1588,2023-12-21,2023-12-27,Standard Class,Carlos Nguyen,Corporate,West,Seattle,Office Supplies,Labels,Labels - Model 329,1,0.1,27.14,10.55
766,ORD-1589,2023-08-30,2023-09-02,First Class,Maria Müller,Home Office,East,Philadelphia,Furniture,Furnishings,Furnishings - Model 276,1,0.1,145.38,19.38
767,ORD-1590,2023-09-12,2023-09-18,Standard Class,Carlos Patel,Home Office,Central,Minneapolis,Furniture,Chairs,Chairs - Model 453,2,0.1,339.53,45.27
768,ORD-1590,2023-09-12,2023-09-18,Standard Class,Carlos Patel,Home Office,Central,Minneapolis,Furniture,Chairs,Chairs - Model 315,4,0.1,540.86,72.11
769,ORD-1590,2023-09-12,2023-09-18,Standard Class,Carlos Patel,Home Office,Central,Minneapolis,Furniture,Chairs,Chairs - Model 613,1,0.0,270.07,59.41
770,ORD-1591,2025-11-18,2025-11-25,Standard Class,Carlos Khan,Home Office,Central,Dallas,Office Supplies,Binders,Binders - Model 141,2,0.2,44.54,13.92
771,ORD-1592,2025-07-13,2025-07-18,Second Class,Ivy Rossi,Consumer,South,Atlanta,Furniture,Chairs,Chairs - Model 993,2,0.0,496.65,109.26
772,ORD-1592,2025-07-13,2025-07-18,Second Class,Ivy Rossi,Consumer,South,Atlanta,Furniture,Chairs,Chairs - Model 433,1,0.1,246.61,32.88
773,ORD-1592,2025-07-13,2025-07-18,Second Class,Ivy Rossi,Consumer,South,Atlanta,Furniture,Chairs,Chairs - Model 778,2,0.4,164.37,-63.01
774,ORD-1593,2025-01-01,2025-01-07,Standard Class,Aisha Müller,Corporate,East,Philadelphia,Office Supplies,Art,Art - Model 829,1,0.3,29.77,4.25
775,ORD-1594,2023-08-11,2023-08-15,Second Class,Omar Patel,Home Office,East,New York,Office Supplies,Art,Art - Model 106,2,0.2,53.43,16.7
776,ORD-1595,2023-12-19,2023-12-26,Standard Class,Omar Brown,Home Office,South,Atlanta,Office Supplies,Labels,Labels - Model 548,1,0.0,47.29,21.28
777,ORD-1595,2023-12-19,2023-12-26,Standard Class,Omar Brown,Home Office,South,Atlanta,Office Supplies,Labels,Labels - Model 451,1,0.0,41.8,18.81
778,ORD-1595,2023-12-19,2023-12-26,Standard Class,Omar Brown,Home Office,South,Atlanta,Office Supplies,Labels,Labels - Model 776,3,0.15,69.5,24.53
779,ORD-1596,2023-10-01,2023-10-07,Standard Class,Sofia Chen,Home Office,East,Newark,Office Supplies,Paper,Paper - Model 967,3,0.0,155.67,70.05
780,ORD-1596,2023-10-01,2023-10-07,Standard Class,Sofia Chen,Home Office,East,Newark,Office Supplies,Paper,Paper - Model 743,1,0.4,10.84,0.0
781,ORD-1596,2023-10-01,2023-10-07,Standard Class,Sofia Chen,Home Office,East,Newark,Office Supplies,Paper,Paper - Model 752,1,0.0,34.28,15.43
782,ORD-1597,2025-03-29,2025-04-04,Standard Class,Priya Khan,Consumer,Central,Dallas,Furniture,Bookcases,Bookcases - Model 250,1,0.0,206.2,45.37
783,ORD-1598,2025-12-10,2025-12-17,Standard Class,Noah Chen,Corporate,Central,Chicago,Office Supplies,Paper,Paper - Model 232,1,0.15,29.58,10.44
784,ORD-1599,2024-03-06,2024-03-13,Standard Class,Fatima Nguyen,Corporate,South,Nashville,Office Supplies,Art,Art - Model 433,1,0.0,33.65,15.14
785,ORD-1599,2024-03-06,2024-03-13,Standard Class,Fatima Nguyen,Corporate,South,Nashville,Office Supplies,Art,Art - Model 423,1,0.1,22.33,8.69
786,ORD-1599,2024-03-06,2024-03-13,Standard Class,Fatima Nguyen,Corporate,South,Nashville,Office Supplies,Art,Art - Model 925,1,0.0,21.38,9.62
787,ORD-1600,2025-11-28,2025-12-04,Standard Class,Omar Chen,Home Office,South,Nashville,Office Supplies,Binders,Binders - Model 180,2,0.0,91.07,40.98
788,ORD-1601,2024-12-01,2024-12-07,Standard Class,Carlos Müller,Home Office,East,Boston,Furniture,Chairs,Chairs - Model 459,2,0.15,489.27,40.29
789,ORD-1602,2024-01-24,2024-01-29,Second Class,Maria Silva,Consumer,East,New York,Technology,Accessories,Accessories - Model 893,2,0.2,907.91,136.18
790,ORD-1602,2024-01-24,2024-01-29,Second Class,Maria Silva,Consumer,East,New York,Technology,Accessories,Accessories - Model 121,1,0.2,305.76,45.86
791,ORD-1603,2023-06-25,2023-06-27,First Class,Fatima Rossi,Corporate,West,San Francisco,Technology,Copiers,Copiers - Model 207,1,0.0,247.26,79.12
792,ORD-1604,2024-03-31,2024-04-07,Standard Class,Liam Khan,Corporate,West,Seattle,Technology,Machines,Machines - Model 340,2,0.1,687.51,168.06
793,ORD-1605,2023-04-29,2023-05-05,Standard Class,Carlos Khan,Corporate,West,Los Angeles,Office Supplies,Paper,Paper - Model 608,2,0.15,72.01,25.41
794,ORD-1606,2024-04-03,2024-04-09,Standard Class,Liam Rossi,Home Office,Central,Minneapolis,Office Supplies,Art,Art - Model 977,3,0.3,29.71,4.25
795,ORD-1607,2025-06-22,2025-06-27,Second Class,Liam Novak,Corporate,South,Charlotte,Office Supplies,Binders,Binders - Model 672,3,0.3,47.65,6.81
796,ORD-1608,2025-10-11,2025-10-18,Standard Class,Priya Nguyen,Home Office,East,Boston,Technology,Machines,Machines - Model 607,3,0.0,1620.04,518.41
797,ORD-1609,2025-11-21,2025-11-27,Standard Class,Liam Rossi,Corporate,East,Boston,Office Supplies,Art,Art - Model 804,4,0.0,119.11,53.6
798,ORD-1610,2025-02-23,2025-03-02,Standard Class,James Chen,Home Office,West,San Francisco,Office Supplies,Storage,Storage - Model 341,1,0.0,21.07,9.48
799,ORD-1611,2025-12-02,2025-12-08,Standard Class,Aisha Khan,Corporate,South,Miami,Office Supplies,Storage,Storage - Model 926,3,0.15,97.82,34.52
800,ORD-1612,2024-09-24,2024-10-01,Standard Class,Noah Silva,Consumer,Central,Houston,Technology,Accessories,Accessories - Model 560,1,0.0,479.01,153.28
801,ORD-1613,2025-05-18,2025-05-25,Standard Class,Maria Silva,Consumer,South,Atlanta,Technology,Copiers,Copiers - Model 595,4,0.0,1425.44,456.14
802,ORD-1614,2023-11-18,2023-11-25,Standard Class,Maria Brown,Consumer,Central,Minneapolis,Office Supplies,Labels,Labels - Model 426,4,0.1,133.88,52.07
803,ORD-1615,2023-01-07,2023-01-12,Second Class,Ivy Nguyen,Corporate,East,Newark,Office Supplies,Binders,Binders - Model 611,4,0.0,165.44,74.45
804,ORD-1616,2023-11-06,2023-11-07,Same Day,Noah Okafor,Corporate,Central,Dallas,Furniture,Furnishings,Furnishings - Model 761,2,0.0,560.58,123.33
805,ORD-1617,2025-11-25,2025-12-01,Standard Class,Ethan Nguyen,Corporate,South,Atlanta,Office Supplies,Art,Art - Model 337,1,0.3,26.54,3.79
806,ORD-1618,2023-01-21,2023-01-28,Standard Class,Yuki Brown,Consumer,East,Newark,Furniture,Tables,Tables - Model 574,5,0.0,547.52,120.45
807,ORD-1619,2025-02-16,2025-02-21,Second Class,Priya Novak,Home Office,Central,Dallas,Office Supplies,Paper,Paper - Model 319,1,0.0,60.52,27.23
808,ORD-1619,2025-02-16,2025-02-21,Second Class,Priya Novak,Home Office,Central,Dallas,Office Supplies,Paper,Paper - Model 277,2,0.15,53.28,18.8
809,ORD-1620,2025-10-30,2025-10-30,Same Day,Maria Silva,Consumer,Central,Houston,Office Supplies,Storage,Storage - Model 240,2,0.0,26.1,11.75
810,ORD-1621,2024-08-03,2024-08-10,Standard Class,Fatima Okafor,Consumer,East,Boston,Office Supplies,Art,Art - Model 386,2,0.0,108.36,48.76
811,ORD-1622,2025-06-28,2025-07-05,Standard Class,Maria Kim,Consumer,South,Charlotte,Technology,Accessories,Accessories - Model 687,1,0.15,290.15,58.03
812,ORD-1623,2023-10-13,2023-10-19,Standard Class,James Diaz,Consumer,Central,Houston,Furniture,Furnishings,Furnishings - Model 669,1,0.15,253.28,20.86
813,ORD-1624,2023-04-04,2023-04-11,Standard Class,Ethan Nguyen,Consumer,Central,Houston,Office Supplies,Storage,Storage - Model 399,4,0.1,136.25,52.99
814,ORD-1624,2023-04-04,2023-04-11,Standard Class,Ethan Nguyen,Consumer,Central,Houston,Office Supplies,Storage,Storage - Model 564,2,0.0,71.14,32.02
815,ORD-1625,2023-03-20,2023-03-26,Standard Class,Wei Brown,Consumer,East,Philadelphia,Technology,Accessories,Accessories - Model 670,1,0.0,250.82,80.26
816,ORD-1626,2025-01-19,2025-01-25,Standard Class,James Garcia,Home Office,Central,Dallas,Technology,Accessories,Accessories - Model 207,1,0.1,628.57,153.65
817,ORD-1627,2023-02-11,2023-02-18,Standard Class,Carlos Nguyen,Home Office,West,San Francisco,Furniture,Furnishings,Furnishings - Model 318,2,0.1,351.35,46.85
818,ORD-1628,2025-08-31,2025-09-07,Standard Class,Sofia Okafor,Consumer,South,Miami,Office Supplies,Storage,Storage - Model 798,2,0.0,77.3,34.79
819,ORD-1629,2024-05-06,2024-05-10,Second Class,Aisha Kim,Consumer,South,Miami,Office Supplies,Labels,Labels - Model 623,1,0.2,26.85,8.39
820,ORD-1630,2024-06-20,2024-06-27,Standard Class,Omar Novak,Consumer,East,New York,Office Supplies,Paper,Paper - Model 288,2,0.0,106.45,47.9
821,ORD-1631,2024-09-10,2024-09-16,Standard Class,James Khan,Consumer,Central,Houston,Office Supplies,Art,Art - Model 181,1,0.0,31.1,14.0
822,ORD-1632,2024-08-04,2024-08-06,First Class,Fatima Diaz,Corporate,West,Phoenix,Office Supplies,Paper,Paper - Model 931,1,0.0,23.76,10.69
823,ORD-1632,2024-08-04,2024-08-06,First Class,Fatima Diaz,Corporate,West,Phoenix,Office Supplies,Paper,Paper - Model 768,2,0.0,108.0,48.6
824,ORD-1632,2024-08-04,2024-08-06,First Class,Fatima Diaz,Corporate,West,Phoenix,Office Supplies,Paper,Paper - Model 531,1,0.1,29.35,11.41
825,ORD-1633,2023-01-10,2023-01-15,Second Class,Ivy Silva,Corporate,Central,Houston,Technology,Phones,Phones - Model 800,1,0.15,529.9,105.98
826,ORD-1634,2023-08-15,2023-08-22,Standard Class,Sofia Kim,Consumer,East,Boston,Furniture,Tables,Tables - Model 853,1,0.15,130.1,10.71
827,ORD-1635,2024-03-12,2024-03-17,Second Class,Wei Kim,Consumer,South,Atlanta,Furniture,Tables,Tables - Model 970,2,0.0,485.28,106.76
828,ORD-1636,2023-01-17,2023-01-23,Standard Class,Ivy Garcia,Consumer,Central,Minneapolis,Office Supplies,Art,Art - Model 821,1,0.2,30.92,9.66
829,ORD-1637,2023-12-29,2024-01-04,Standard Class,Noah Müller,Consumer,West,Seattle,Office Supplies,Storage,Storage - Model 259,1,0.15,29.98,10.58
830,ORD-1638,2023-08-09,2023-08-14,Second Class,Yuki Diaz,Home Office,West,Phoenix,Technology,Copiers,Copiers - Model 569,4,0.0,871.33,278.83
831,ORD-1639,2025-04-29,2025-05-06,Standard Class,Omar Garcia,Home Office,Central,Minneapolis,Technology,Phones,Phones - Model 748,5,0.0,1915.32,612.9
832,ORD-1639,2025-04-29,2025-05-06,Standard Class,Omar Garcia,Home Office,Central,Minneapolis,Technology,Phones,Phones - Model 863,1,0.1,468.1,114.42
833,ORD-1639,2025-04-29,2025-05-06,Standard Class,Omar Garcia,Home Office,Central,Minneapolis,Technology,Phones,Phones - Model 450,2,0.15,1038.65,207.73
834,ORD-1640,2023-07-10,2023-07-16,Standard Class,Ivy Nguyen,Corporate,East,Newark,Office Supplies,Art,Art - Model 827,5,0.0,139.24,62.66
835,ORD-1641,2023-07-30,2023-08-05,Standard Class,Priya Novak,Consumer,West,Seattle,Technology,Copiers,Copiers - Model 969,1,0.0,232.68,74.46
836,ORD-1642,2025-07-23,2025-07-30,Standard Class,Aisha Kim,Consumer,West,San Francisco,Office Supplies,Paper,Paper - Model 682,3,0.0,12.0,5.4
837,ORD-1643,2023-11-30,2023-12-06,Standard Class,Priya Diaz,Home Office,West,Los Angeles,Office Supplies,Storage,Storage - Model 122,1,0.1,38.64,15.03
838,ORD-1644,2025-06-26,2025-07-01,Second Class,Noah Garcia,Corporate,East,Philadelphia,Office Supplies,Binders,Binders - Model 883,1,0.0,28.11,12.65
839,ORD-1645,2023-07-11,2023-07-13,First Class,Priya Müller,Home Office,South,Charlotte,Office Supplies,Labels,Labels - Model 465,1,0.0,18.29,8.23
840,ORD-1645,2023-07-11,2023-07-13,First Class,Priya Müller,Home Office,South,Charlotte,Office Supplies,Labels,Labels - Model 804,2,0.0,70.23,31.61
841,ORD-1646,2024-04-17,2024-04-24,Standard Class,Ethan Garcia,Corporate,East,New York,Office Supplies,Art,Art - Model 771,2,0.1,46.69,18.16
842,ORD-1647,2025-03-30,2025-04-06,Standard Class,Carlos Garcia,Consumer,Central,Minneapolis,Technology,Machines,Machines - Model 827,1,0.0,314.95,100.78
843,ORD-1647,2025-03-30,2025-04-06,Standard Class,Carlos Garcia,Consumer,Central,Minneapolis,Technology,Machines,Machines - Model 373,1,0.0,505.62,161.8
844,ORD-1647,2025-03-30,2025-04-06,Standard Class,Carlos Garcia,Consumer,Central,Minneapolis,Technology,Machines,Machines - Model 161,3,0.15,991.95,198.39
845,ORD-1648,2023-02-28,2023-03-06,Standard Class,Ethan Okafor,Consumer,West,Los Angeles,Technology,Machines,Machines - Model 526,2,0.0,1224.1,391.71
846,ORD-1649,2024-11-29,2024-12-06,Standard Class,Liam Patel,Corporate,West,Seattle,Furniture,Tables,Tables - Model 527,4,0.1,1231.32,164.18
847,ORD-1650,2025-08-06,2025-08-09,First Class,Priya Novak,Consumer,East,New York,Furniture,Chairs,Chairs - Model 926,2,0.1,431.75,57.57
848,ORD-1651,2023-12-22,2023-12-29,Standard Class,Noah Nguyen,Consumer,South,Charlotte,Furniture,Furnishings,Furnishings - Model 807,1,0.0,234.56,51.6
849,ORD-1652,2024-02-05,2024-02-07,First Class,Yuki Nguyen,Home Office,South,Miami,Office Supplies,Art,Art - Model 885,1,0.0,47.41,21.34
850,ORD-1653,2025-05-18,2025-05-25,Standard Class,Carlos Patel,Consumer,South,Charlotte,Office Supplies,Paper,Paper - Model 299,5,0.2,122.79,38.37
851,ORD-1653,2025-05-18,2025-05-25,Standard Class,Carlos Patel,Consumer,South,Charlotte,Office Supplies,Paper,Paper - Model 684,3,0.2,76.26,23.83
852,ORD-1654,2023-11-29,2023-12-06,Standard Class,Ethan Müller,Corporate,Central,Chicago,Technology,Copiers,Copiers - Model 120,4,0.0,2069.27,662.17
853,ORD-1655,2023-04-12,2023-04-19,Standard Class,Fatima Novak,Corporate,Central,Minneapolis,Furniture,Tables,Tables - Model 113,1,0.1,207.11,27.61
854,ORD-1656,2023-12-03,2023-12-09,Standard Class,Priya Okafor,Consumer,West,San Francisco,Furniture,Tables,Tables - Model 622,3,0.3,645.51,-119.88
855,ORD-1656,2023-12-03,2023-12-09,Standard Class,Priya Okafor,Consumer,West,San Francisco,Furniture,Tables,Tables - Model 495,5,0.0,1135.63,249.84
856,ORD-1657,2024-08-28,2024-09-02,Second Class,Omar Müller,Corporate,West,Los Angeles,Office Supplies,Binders,Binders - Model 710,1,0.0,20.52,9.23
857,ORD-1658,2024-12-28,2025-01-02,Second Class,Omar Silva,Corporate,East,Boston,Furniture,Furnishings,Furnishings - Model 401,1,0.0,362.85,79.83
858,ORD-1659,2025-08-25,2025-08-31,Standard Class,Omar Garcia,Corporate,Central,Minneapolis,Office Supplies,Paper,Paper - Model 839,1,0.0,37.2,16.74
859,ORD-1660,2024-10-18,2024-10-24,Standard Class,Carlos Khan,Consumer,Central,Dallas,Office Supplies,Storage,Storage - Model 531,3,0.0,131.14,59.01
860,ORD-1661,2024-05-06,2024-05-06,Same Day,Sofia Diaz,Consumer,West,Seattle,Office Supplies,Paper,Paper - Model 860,2,0.2,75.59,23.62
861,ORD-1662,2025-12-13,2025-12-13,Same Day,Aisha Brown,Corporate,Central,Dallas,Office Supplies,Binders,Binders - Model 130,1,0.1,37.73,14.67
862,ORD-1663,2024-06-27,2024-07-04,Standard Class,James Rossi,Consumer,West,Los Angeles,Office Supplies,Paper,Paper - Model 144,2,0.0,95.83,43.12
863,ORD-1664,2023-08-27,2023-09-02,Standard Class,Fatima Diaz,Home Office,Central,Houston,Technology,Accessories,Accessories - Model 141,1,0.0,90.29,28.89
864,ORD-1665,2023-12-23,2023-12-28,Second Class,Liam Okafor,Consumer,Central,Dallas,Office Supplies,Paper,Paper - Model 212,1,0.15,40.56,14.32
865,ORD-1666,2024-04-01,2024-04-03,First Class,Ethan Novak,Consumer,South,Nashville,Technology,Accessories,Accessories - Model 764,1,0.0,461.59,147.71
866,ORD-1667,2025-12-13,2025-12-13,Same Day,Wei Okafor,Corporate,Central,Minneapolis,Office Supplies,Art,Art - Model 517,1,0.1,36.58,14.22
867,ORD-1668,2023-08-28,2023-09-03,Standard Class,Carlos Rossi,Consumer,West,San Francisco,Technology,Phones,Phones - Model 970,1,0.2,16.12,2.42
868,ORD-1669,2024-11-16,2024-11-22,Standard Class,James Rossi,Consumer,Central,Chicago,Furniture,Tables,Tables - Model 198,5,0.4,431.22,-165.31
869,ORD-1670,2023-01-18,2023-01-19,Same Day,Maria Brown,Consumer,South,Miami,Furniture,Bookcases,Bookcases - Model 338,3,0.15,929.51,76.55
870,ORD-1670,2023-01-18,2023-01-19,Same Day,Maria Brown,Consumer,South,Miami,Furniture,Bookcases,Bookcases - Model 450,3,0.1,505.65,67.42
871,ORD-1671,2025-04-19,2025-04-26,Standard Class,Omar Smith,Corporate,West,San Francisco,Technology,Copiers,Copiers - Model 965,1,0.0,508.8,162.81
872,ORD-1672,2024-06-06,2024-06-10,Second Class,Yuki Kim,Consumer,East,Newark,Office Supplies,Binders,Binders - Model 282,1,0.1,45.1,17.54
873,ORD-1673,2025-09-12,2025-09-18,Standard Class,Omar Novak,Corporate,South,Miami,Technology,Accessories,Accessories - Model 235,4,0.3,1335.86,-57.25
874,ORD-1674,2023-11-28,2023-12-03,Second Class,Ivy Okafor,Corporate,South,Nashville,Furniture,Bookcases,Bookcases - Model 601,1,0.3,128.89,-23.94
875,ORD-1674,2023-11-28,2023-12-03,Second Class,Ivy Okafor,Corporate,South,Nashville,Furniture,Bookcases,Bookcases - Model 953,2,0.0,199.7,43.93
876,ORD-1675,2023-08-01,2023-08-03,First Class,Sofia Okafor,Consumer,East,Philadelphia,Office Supplies,Storage,Storage - Model 578,1,0.0,26.64,11.99
877,ORD-1675,2023-08-01,2023-08-03,First Class,Sofia Okafor,Consumer,East,Philadelphia,Office Supplies,Storage,Storage - Model 452,4,0.15,197.06,69.55
878,ORD-1676,2023-04-14,2023-04-21,Standard Class,Noah Diaz,Consumer,Central,Dallas,Technology,Machines,Machines - Model 934,1,0.1,334.87,81.86
879,ORD-1677,2023-04-26,2023-05-02,Standard Class,James Silva,Home Office,East,Newark,Technology,Accessories,Accessories - Model 397,1,0.0,213.81,68.42
880,ORD-1678,2025-01-12,2025-01-18,Standard Class,Priya Kim,Consumer,Central,Minneapolis,Office Supplies,Storage,Storage - Model 660,2,0.15,58.04,20.49
881,ORD-1679,2023-06-27,2023-07-04,Standard Class,Omar Brown,Consumer,East,Philadelphia,Furniture,Chairs,Chairs - Model 100,2,0.1,576.06,76.81
882,ORD-1679,2023-06-27,2023-07-04,Standard Class,Omar Brown,Consumer,East,Philadelphia,Furniture,Chairs,Chairs - Model 459,2,0.0,587.01,129.14
883,ORD-1680,2023-03-12,2023-03-19,Standard Class,Aisha Chen,Corporate,Central,Houston,Technology,Accessories,Accessories - Model 238,1,0.0,565.44,180.94
884,ORD-1681,2024-07-15,2024-07-19,Second Class,Sofia Nguyen,Corporate,South,Nashville,Technology,Copiers,Copiers - Model 175,2,0.0,1187.77,380.09
885,ORD-1682,2024-08-31,2024-09-07,Standard Class,Liam Kim,Consumer,East,New York,Office Supplies,Paper,Paper - Model 402,2,0.2,35.26,11.02
886,ORD-1682,2024-08-31,2024-09-07,Standard Class,Liam Kim,Consumer,East,New York,Office Supplies,Paper,Paper - Model 835,1,0.1,57.49,22.35
887,ORD-1683,2024-03-28,2024-04-04,Standard Class,Priya Müller,Corporate,East,Philadelphia,Technology,Machines,Machines - Model 485,2,0.15,479.93,95.99
888,ORD-1684,2024-07-29,2024-08-02,Second Class,Liam Okafor,Consumer,Central,Minneapolis,Office Supplies,Labels,Labels - Model 680,1,0.3,38.56,5.51
889,ORD-1685,2024-06-26,2024-07-03,Standard Class,Omar Patel,Corporate,West,Seattle,Furniture,Furnishings,Furnishings - Model 955,1,0.1,144.74,19.29
890,ORD-1686,2025-05-05,2025-05-11,Standard Class,Priya Garcia,Consumer,Central,Dallas,Furniture,Furnishings,Furnishings - Model 626,2,0.0,505.17,111.14
891,ORD-1687,2024-08-10,2024-08-17,Standard Class,Ethan Müller,Home Office,East,Philadelphia,Office Supplies,Art,Art - Model 329,2,0.1,53.74,20.9
892,ORD-1688,2023-09-28,2023-09-30,First Class,Wei Khan,Corporate,West,Seattle,Office Supplies,Storage,Storage - Model 223,2,0.4,51.02,0.0
893,ORD-1689,2024-02-27,2024-03-05,Standard Class,Maria Kim,Home Office,East,New York,Furniture,Chairs,Chairs - Model 987,1,0.15,248.97,20.51
894,ORD-1690,2023-04-17,2023-04-24,Standard Class,Noah Rossi,Corporate,West,San Francisco,Office Supplies,Art,Art - Model 389,1,0.4,38.29,0.0
895,ORD-1691,2024-11-30,2024-12-04,Second Class,Maria Smith,Home Office,Central,Chicago,Office Supplies,Paper,Paper - Model 951,1,0.0,23.18,10.43
896,ORD-1691,2024-11-30,2024-12-04,Second Class,Maria Smith,Home Office,Central,Chicago,Office Supplies,Paper,Paper - Model 472,1,0.4,11.67,0.0
897,ORD-1692,2024-11-27,2024-12-04,Standard Class,Wei Müller,Consumer,Central,Dallas,Office Supplies,Storage,Storage - Model 165,1,0.2,31.43,9.83
898,ORD-1693,2024-03-20,2024-03-26,Standard Class,Aisha Müller,Corporate,South,Nashville,Office Supplies,Storage,Storage - Model 578,2,0.0,38.03,17.11
899,ORD-1694,2025-06-12,2025-06-18,Standard Class,Maria Smith,Consumer,Central,Dallas,Technology,Copiers,Copiers - Model 419,3,0.0,423.24,135.44
900,ORD-1694,2025-06-12,2025-06-18,Standard Class,Maria Smith,Consumer,Central,Dallas,Technology,Copiers,Copiers - Model 541,5,0.0,3607.06,1154.26
901,ORD-1695,2024-07-27,2024-08-02,Standard Class,Omar Khan,Corporate,Central,Minneapolis,Furniture,Furnishings,Furnishings - Model 926,1,0.0,246.3,54.19
902,ORD-1696,2023-03-17,2023-03-21,Second Class,Noah Okafor,Corporate,East,Philadelphia,Furniture,Bookcases,Bookcases - Model 501,2,0.1,433.07,57.74
903,ORD-1697,2023-12-18,2023-12-24,Standard Class,Noah Novak,Consumer,East,Philadelphia,Furniture,Bookcases,Bookcases - Model 647,2,0.0,420.28,92.46
904,ORD-1698,2023-09-01,2023-09-03,First Class,Noah Diaz,Home Office,South,Nashville,Office Supplies,Binders,Binders - Model 193,3,0.0,111.65,50.24
905,ORD-1699,2025-11-01,2025-11-07,Standard Class,Liam Nguyen,Corporate,South,Miami,Office Supplies,Paper,Paper - Model 612,1,0.0,43.8,19.71
906,ORD-1700,2025-10-30,2025-11-06,Standard Class,Ivy Khan,Home Office,South,Atlanta,Office Supplies,Labels,Labels - Model 669,2,0.0,46.42,20.89
907,ORD-1701,2025-01-28,2025-02-01,Second Class,Priya Khan,Corporate,East,New York,Office Supplies,Labels,Labels - Model 342,1,0.0,15.79,7.11
908,ORD-1702,2025-11-05,2025-11-10,Second Class,Ivy Kim,Consumer,South,Charlotte,Office Supplies,Binders,Binders - Model 121,2,0.0,95.99,43.19
909,ORD-1703,2025-06-26,2025-06-29,First Class,Sofia Nguyen,Home Office,South,Atlanta,Office Supplies,Paper,Paper - Model 899,2,0.2,33.26,10.39
910,ORD-1704,2025-05-27,2025-05-31,Second Class,Ethan Nguyen,Consumer,South,Miami,Furniture,Bookcases,Bookcases - Model 937,3,0.0,970.2,213.45
911,ORD-1705,2024-03-22,2024-03-27,Second Class,Ivy Novak,Home Office,West,Phoenix,Technology,Copiers,Copiers - Model 165,4,0.1,1049.66,256.59
912,ORD-1706,2024-03-16,2024-03-22,Standard Class,Ivy Silva,Consumer,Central,Dallas,Office Supplies,Binders,Binders - Model 124,1,0.0,39.95,17.98
913,ORD-1706,2024-03-16,2024-03-22,Standard Class,Ivy Silva,Consumer,Central,Dallas,Office Supplies,Binders,Binders - Model 107,4,0.0,225.27,101.37
914,ORD-1706,2024-03-16,2024-03-22,Standard Class,Ivy Silva,Consumer,Central,Dallas,Office Supplies,Binders,Binders - Model 236,1,0.15,15.11,5.33
915,ORD-1707,2025-01-08,2025-01-14,Standard Class,Aisha Rossi,Consumer,South,Miami,Office Supplies,Storage,Storage - Model 549,5,0.0,332.66,149.7
916,ORD-1708,2023-12-03,2023-12-08,Second Class,Noah Chen,Corporate,South,Charlotte,Technology,Machines,Machines - Model 463,1,0.1,463.15,113.21
917,ORD-1708,2023-12-03,2023-12-08,Second Class,Noah Chen,Corporate,South,Charlotte,Technology,Machines,Machines - Model 178,1,0.2,340.57,51.09
918,ORD-1709,2025-07-17,2025-07-24,Standard Class,Aisha Rossi,Corporate,West,Seattle,Office Supplies,Binders,Binders - Model 818,1,0.0,31.51,14.18
919,ORD-1710,2025-12-23,2025-12-30,Standard Class,Maria Silva,Consumer,Central,Houston,Office Supplies,Binders,Binders - Model 692,2,0.1,65.2,25.35
920,ORD-1711,2025-12-13,2025-12-20,Standard Class,James Khan,Home Office,East,Newark,Furniture,Tables,Tables - Model 872,3,0.1,414.91,55.32
921,ORD-1712,2023-03-25,2023-03-27,First Class,Liam Silva,Consumer,East,New York,Office Supplies,Storage,Storage - Model 577,2,0.0,54.49,24.52
922,ORD-1713,2024-08-19,2024-08-25,Standard Class,Carlos Patel,Corporate,Central,Minneapolis,Furniture,Furnishings,Furnishings - Model 564,2,0.1,35.61,4.75
923,ORD-1714,2024-04-26,2024-05-02,Standard Class,Priya Garcia,Consumer,Central,Minneapolis,Furniture,Chairs,Chairs - Model 242,2,0.0,634.98,139.69
924,ORD-1715,2023-11-10,2023-11-16,Standard Class,Wei Okafor,Corporate,East,Philadelphia,Office Supplies,Binders,Binders - Model 301,1,0.0,44.22,19.9
925,ORD-1715,2023-11-10,2023-11-16,Standard Class,Wei Okafor,Corporate,East,Philadelphia,Office Supplies,Binders,Binders - Model 706,1,0.0,36.24,16.31
926,ORD-1716,2024-11-20,2024-11-20,Same Day,Wei Garcia,Consumer,East,New York,Office Supplies,Storage,Storage - Model 894,2,0.0,59.15,26.62
927,ORD-1716,2024-11-20,2024-11-20,Same Day,Wei Garcia,Consumer,East,New York,Office Supplies,Storage,Storage - Model 477,1,0.3,24.14,3.46
928,ORD-1717,2024-06-27,2024-07-03,Standard Class,Liam Khan,Corporate,South,Atlanta,Office Supplies,Storage,Storage - Model 863,2,0.2,29.99,9.37
929,ORD-1718,2024-07-12,2024-07-19,Standard Class,Ethan Müller,Corporate,South,Atlanta,Office Supplies,Binders,Binders - Model 775,1,0.0,37.59,16.91
930,ORD-1718,2024-07-12,2024-07-19,Standard Class,Ethan Müller,Corporate,South,Atlanta,Office Supplies,Binders,Binders - Model 328,1,0.0,46.45,20.9
931,ORD-1719,2024-06-01,2024-06-05,Second Class,Noah Smith,Consumer,East,Philadelphia,Furniture,Bookcases,Bookcases - Model 943,4,0.0,697.13,153.37
932,ORD-1720,2024-04-08,2024-04-12,Second Class,Carlos Chen,Consumer,East,New York,Technology,Accessories,Accessories - Model 690,1,0.2,155.46,23.32
933,ORD-1721,2025-01-07,2025-01-14,Standard Class,Maria Novak,Consumer,South,Atlanta,Office Supplies,Art,Art - Model 792,3,0.15,159.59,56.32
934,ORD-1722,2023-06-20,2023-06-27,Standard Class,Ivy Patel,Corporate,Central,Minneapolis,Office Supplies,Labels,Labels - Model 411,4,0.0,186.71,84.02
935,ORD-1723,2025-09-02,2025-09-07,Second Class,Ethan Khan,Corporate,East,Philadelphia,Technology,Accessories,Accessories - Model 996,4,0.0,1543.9,494.05
936,ORD-1724,2023-12-24,2023-12-30,Standard Class,Omar Smith,Home Office,West,San Francisco,Furniture,Bookcases,Bookcases - Model 580,1,0.4,175.27,-67.19
937,ORD-1725,2025-03-10,2025-03-15,Second Class,Ivy Smith,Consumer,West,Seattle,Office Supplies,Art,Art - Model 109,1,0.0,34.6,15.57
938,ORD-1726,2025-02-12,2025-02-16,Second Class,Fatima Brown,Consumer,Central,Dallas,Technology,Machines,Machines - Model 316,1,0.4,285.58,-61.88
939,ORD-1727,2024-01-02,2024-01-07,Second Class,Priya Chen,Corporate,Central,Dallas,Office Supplies,Storage,Storage - Model 201,2,0.0,127.23,57.25
940,ORD-1728,2025-12-05,2025-12-11,Standard Class,Noah Okafor,Consumer,West,Seattle,Office Supplies,Labels,Labels - Model 749,1,0.1,43.92,17.08
941,ORD-1729,2023-03-12,2023-03-18,Standard Class,Fatima Rossi,Home Office,Central,Chicago,Office Supplies,Paper,Paper - Model 601,3,0.0,167.45,75.35
942,ORD-1729,2023-03-12,2023-03-18,Standard Class,Fatima Rossi,Home Office,Central,Chicago,Office Supplies,Paper,Paper - Model 401,1,0.0,41.28,18.58
943,ORD-1729,2023-03-12,2023-03-18,Standard Class,Fatima Rossi,Home Office,Central,Chicago,Office Supplies,Paper,Paper - Model 119,1,0.0,32.61,14.67
944,ORD-1730,2023-12-05,2023-12-11,Standard Class,Priya Diaz,Corporate,West,Los Angeles,Furniture,Tables,Tables - Model 132,1,0.4,133.06,-51.01
945,ORD-1731,2023-11-03,2023-11-07,Second Class,Aisha Kim,Consumer,East,Philadelphia,Technology,Phones,Phones - Model 576,3,0.0,1299.14,415.72
946,ORD-1732,2025-03-04,2025-03-11,Standard Class,Yuki Diaz,Consumer,West,Los Angeles,Furniture,Chairs,Chairs - Model 932,2,0.1,435.03,58.01
947,ORD-1733,2023-12-07,2023-12-14,Standard Class,Priya Müller,Home Office,Central,Minneapolis,Office Supplies,Labels,Labels - Model 405,1,0.1,41.37,16.09
948,ORD-1734,2024-11-14,2024-11-21,Standard Class,Fatima Smith,Consumer,West,Seattle,Technology,Phones,Phones - Model 734,2,0.0,741.54,237.29
949,ORD-1735,2025-06-04,2025-06-11,Standard Class,Carlos Rossi,Corporate,South,Miami,Technology,Copiers,Copiers - Model 677,1,0.1,318.92,77.96
950,ORD-1736,2025-10-09,2025-10-09,Same Day,Maria Patel,Corporate,East,Boston,Technology,Accessories,Accessories - Model 379,3,0.1,1009.29,246.71
951,ORD-1736,2025-10-09,2025-10-09,Same Day,Maria Patel,Corporate,East,Boston,Technology,Accessories,Accessories - Model 439,3,0.15,790.85,158.17
952,ORD-1737,2024-07-18,2024-07-24,Standard Class,Yuki Silva,Corporate,South,Atlanta,Office Supplies,Labels,Labels - Model 845,2,0.0,29.48,13.27
953,ORD-1738,2023-11-29,2023-11-30,Same Day,Wei Rossi,Consumer,South,Atlanta,Technology,Copiers,Copiers - Model 791,2,0.0,593.91,190.05
954,ORD-1738,2023-11-29,2023-11-30,Same Day,Wei Rossi,Consumer,South,Atlanta,Technology,Copiers,Copiers - Model 393,4,0.0,2113.85,676.43
955,ORD-1738,2023-11-29,2023-11-30,Same Day,Wei Rossi,Consumer,South,Atlanta,Technology,Copiers,Copiers - Model 496,1,0.0,113.76,36.4
956,ORD-1739,2025-07-31,2025-08-07,Standard Class,Noah Brown,Consumer,South,Atlanta,Office Supplies,Storage,Storage - Model 166,1,0.0,25.82,11.62
957,ORD-1740,2023-09-11,2023-09-11,Same Day,Noah Nguyen,Consumer,Central,Chicago,Furniture,Furnishings,Furnishings - Model 381,2,0.0,257.51,56.65
958,ORD-1741,2025-01-26,2025-02-01,Standard Class,Liam Rossi,Consumer,West,Phoenix,Office Supplies,Storage,Storage - Model 750,1,0.0,38.04,17.12
959,ORD-1741,2025-01-26,2025-02-01,Standard Class,Liam Rossi,Consumer,West,Phoenix,Office Supplies,Storage,Storage - Model 707,4,0.0,59.35,26.71
960,ORD-1742,2023-06-17,2023-06-23,Standard Class,Liam Chen,Corporate,West,San Francisco,Office Supplies,Binders,Binders - Model 100,1,0.1,45.6,17.73
961,ORD-1743,2023-06-13,2023-06-19,Standard Class,Wei Novak,Consumer,South,Nashville,Office Supplies,Binders,Binders - Model 631,1,0.15,19.11,6.75
962,ORD-1744,2025-08-13,2025-08-19,Standard Class,Ethan Novak,Consumer,East,Boston,Office Supplies,Labels,Labels - Model 413,4,0.0,224.94,101.22
963,ORD-1745,2024-11-07,2024-11-13,Standard Class,Maria Garcia,Consumer,West,Phoenix,Office Supplies,Art,Art - Model 556,3,0.0,124.21,55.89
964,ORD-1745,2024-11-07,2024-11-13,Standard Class,Maria Garcia,Consumer,West,Phoenix,Office Supplies,Art,Art - Model 539,2,0.1,90.78,35.3
965,ORD-1746,2024-04-07,2024-04-13,Standard Class,Ethan Garcia,Consumer,South,Atlanta,Office Supplies,Storage,Storage - Model 338,2,0.0,99.96,44.98
966,ORD-1747,2025-07-11,2025-07-18,Standard Class,Noah Nguyen,Corporate,East,Boston,Office Supplies,Art,Art - Model 164,1,0.2,29.73,9.29
967,ORD-1748,2023-07-13,2023-07-20,Standard Class,Maria Brown,Consumer,West,San Francisco,Office Supplies,Binders,Binders - Model 381,1,0.0,45.61,20.53
968,ORD-1749,2024-11-16,2024-11-17,Same Day,Liam Chen,Consumer,Central,Minneapolis,Office Supplies,Art,Art - Model 615,1,0.3,28.08,4.0
969,ORD-1749,2024-11-16,2024-11-17,Same Day,Liam Chen,Consumer,Central,Minneapolis,Office Supplies,Art,Art - Model 852,1,0.0,28.39,12.77
970,ORD-1750,2025-07-05,2025-07-11,Standard Class,Wei Nguyen,Corporate,East,Boston,Office Supplies,Binders,Binders - Model 375,1,0.0,22.13,9.96
971,ORD-1750,2025-07-05,2025-07-11,Standard Class,Wei Nguyen,Corporate,East,Boston,Office Supplies,Binders,Binders - Model 220,2,0.0,100.69,45.31
972,ORD-1751,2025-12-13,2025-12-20,Standard Class,Omar Rossi,Consumer,South,Charlotte,Technology,Phones,Phones - Model 901,1,0.15,347.18,69.43
973,ORD-1752,2024-08-21,2024-08-28,Standard Class,Ivy Diaz,Corporate,West,Seattle,Office Supplies,Paper,Paper - Model 419,2,0.1,72.26,28.1
974,ORD-1752,2024-08-21,2024-08-28,Standard Class,Ivy Diaz,Corporate,West,Seattle,Office Supplies,Paper,Paper - Model 881,2,0.0,45.8,20.61
975,ORD-1752,2024-08-21,2024-08-28,Standard Class,Ivy Diaz,Corporate,West,Seattle,Office Supplies,Paper,Paper - Model 490,1,0.0,44.18,19.88
976,ORD-1753,2024-06-18,2024-06-18,Same Day,Maria Rossi,Consumer,Central,Chicago,Office Supplies,Binders,Binders - Model 975,2,0.0,113.91,51.26
977,ORD-1754,2025-06-05,2025-06-12,Standard Class,Yuki Nguyen,Consumer,Central,Chicago,Technology,Accessories,Accessories - Model 525,2,0.0,675.58,216.19
978,ORD-1755,2024-10-23,2024-10-27,Second Class,Noah Rossi,Consumer,South,Miami,Technology,Phones,Phones - Model 452,2,0.0,710.57,227.38
979,ORD-1755,2024-10-23,2024-10-27,Second Class,Noah Rossi,Consumer,South,Miami,Technology,Phones,Phones - Model 333,1,0.1,229.78,56.17
980,ORD-1756,2024-05-31,2024-06-04,Second Class,Wei Chen,Home Office,Central,Minneapolis,Office Supplies,Labels,Labels - Model 273,1,0.2,11.94,3.73
981,ORD-1757,2024-12-01,2024-12-07,Standard Class,Aisha Khan,Corporate,East,New York,Office Supplies,Art,Art - Model 545,1,0.15,31.0,10.94
982,ORD-1758,2024-11-03,2024-11-05,First Class,Fatima Brown,Corporate,South,Atlanta,Office Supplies,Art,Art - Model 228,4,0.1,94.89,36.9
983,ORD-1759,2024-09-13,2024-09-19,Standard Class,Noah Nguyen,Corporate,West,Seattle,Technology,Copiers,Copiers - Model 237,1,0.0,160.12,51.24
984,ORD-1760,2024-06-08,2024-06-14,Standard Class,Aisha Patel,Consumer,East,New York,Technology,Accessories,Accessories - Model 971,1,0.15,91.82,18.37
985,ORD-1761,2023-07-07,2023-07-14,Standard Class,Fatima Kim,Consumer,West,Phoenix,Furniture,Bookcases,Bookcases - Model 805,1,0.1,125.22,16.69
986,ORD-1762,2024-11-16,2024-11-22,Standard Class,Ivy Kim,Consumer,Central,Minneapolis,Technology,Copiers,Copiers - Model 372,1,0.4,195.38,-42.33
987,ORD-1763,2024-11-08,2024-11-15,Standard Class,Sofia Novak,Consumer,South,Nashville,Office Supplies,Paper,Paper - Model 527,1,0.0,33.0,14.85
988,ORD-1763,2024-11-08,2024-11-15,Standard Class,Sofia Novak,Consumer,South,Nashville,Office Supplies,Paper,Paper - Model 921,2,0.0,65.92,29.66
989,ORD-1764,2025-12-01,2025-12-06,Second Class,Ivy Diaz,Consumer,West,Seattle,Furniture,Tables,Tables - Model 520,2,0.15,228.08,18.78
990,ORD-1765,2025-01-02,2025-01-09,Standard Class,Sofia Khan,Consumer,West,San Francisco,Technology,Phones,Phones - Model 829,3,0.1,1312.31,320.79
991,ORD-1765,2025-01-02,2025-01-09,Standard Class,Sofia Khan,Consumer,West,San Francisco,Technology,Phones,Phones - Model 335,1,0.0,392.96,125.75
992,ORD-1765,2025-01-02,2025-01-09,Standard Class,Sofia Khan,Consumer,West,San Francisco,Technology,Phones,Phones - Model 725,2,0.0,146.36,46.83
993,ORD-1766,2024-12-20,2024-12-22,First Class,Wei Khan,Corporate,West,San Francisco,Technology,Machines,Machines - Model 862,1,0.1,472.6,115.52
994,ORD-1767,2024-01-15,2024-01-22,Standard Class,Liam Chen,Corporate,Central,Minneapolis,Furniture,Furnishings,Furnishings - Model 410,1,0.0,203.64,44.8
995,ORD-1768,2024-12-16,2024-12-16,Same Day,Sofia Khan,Consumer,South,Charlotte,Office Supplies,Binders,Binders - Model 905,2,0.0,55.58,25.01
996,ORD-1769,2024-07-11,2024-07-17,Standard Class,Sofia Kim,Consumer,Central,Chicago,Office Supplies,Binders,Binders - Model 797,4,0.1,151.76,59.02
997,ORD-1770,2023-06-25,2023-06-27,First Class,Aisha Brown,Corporate,Central,Chicago,Office Supplies,Art,Art - Model 931,1,0.15,15.05,5.31
998,ORD-1771,2024-09-26,2024-10-03,Standard Class,Noah Kim,Home Office,South,Nashville,Office Supplies,Binders,Binders - Model 854,2,0.0,79.84,35.93
999,ORD-1771,2024-09-26,2024-10-03,Standard Class,Noah Kim,Home Office,South,Nashville,Office Supplies,Binders,Binders - Model 256,1,0.3,34.47,4.93
1000,ORD-1772,2024-05-21,2024-05-28,Standard Class,Maria Nguyen,Corporate,West,San Francisco,Technology,Machines,Machines - Model 884,1,0.15,365.56,73.11
1001,ORD-1773,2024-03-30,2024-04-05,Standard Class,Carlos Müller,Corporate,West,San Francisco,Technology,Machines,Machines - Model 224,3,0.1,729.07,178.22
1002,ORD-1774,2025-12-16,2025-12-22,Standard Class,Wei Diaz,Consumer,South,Atlanta,Technology,Phones,Phones - Model 847,4,0.2,1269.9,190.49
1003,ORD-1775,2024-04-17,2024-04-24,Standard Class,James Rossi,Corporate,South,Nashville,Furniture,Furnishings,Furnishings - Model 274,2,0.0,459.31,101.05
1004,ORD-1775,2024-04-17,2024-04-24,Standard Class,James Rossi,Corporate,South,Nashville,Furniture,Furnishings,Furnishings - Model 107,2,0.3,383.08,-71.14
1005,ORD-1776,2025-05-01,2025-05-08,Standard Class,Yuki Garcia,Consumer,South,Charlotte,Office Supplies,Art,Art - Model 313,2,0.0,117.89,53.05
1006,ORD-1777,2025-11-18,2025-11-22,Second Class,Carlos Diaz,Consumer,East,Philadelphia,Technology,Copiers,Copiers - Model 887,2,0.2,495.13,74.27
1007,ORD-1778,2024-08-31,2024-09-07,Standard Class,Yuki Kim,Consumer,Central,Minneapolis,Office Supplies,Binders,Binders - Model 877,1,0.0,51.04,22.97
1008,ORD-1779,2023-05-29,2023-06-05,Standard Class,Maria Nguyen,Corporate,Central,Chicago,Technology,Copiers,Copiers - Model 203,1,0.0,667.6,213.63
1009,ORD-1780,2023-07-16,2023-07-23,Standard Class,Priya Smith,Corporate,South,Nashville,Technology,Phones,Phones - Model 616,1,0.0,410.11,131.23
1010,ORD-1781,2025-07-17,2025-07-20,First Class,Ivy Garcia,Home Office,South,Charlotte,Technology,Machines,Machines - Model 558,3,0.0,1559.65,499.09
1011,ORD-1782,2024-07-01,2024-07-03,First Class,Noah Patel,Corporate,East,Newark,Furniture,Tables,Tables - Model 784,2,0.4,381.24,-146.14
1012,ORD-1783,2025-01-11,2025-01-18,Standard Class,Fatima Kim,Consumer,East,Boston,Office Supplies,Art,Art - Model 789,1,0.0,41.38,18.62
1013,ORD-1784,2025-02-17,2025-02-17,Same Day,Ethan Silva,Corporate,Central,Minneapolis,Technology,Machines,Machines - Model 963,1,0.15,334.17,66.83
1014,ORD-1784,2025-02-17,2025-02-17,Same Day,Ethan Silva,Corporate,Central,Minneapolis,Technology,Machines,Machines - Model 985,2,0.0,852.71,272.87
1015,ORD-1785,2024-03-03,2024-03-06,First Class,Wei Garcia,Corporate,South,Charlotte,Technology,Copiers,Copiers - Model 564,2,0.0,293.63,93.96
1016,ORD-1786,2023-02-17,2023-02-21,Second Class,Yuki Chen,Corporate,Central,Chicago,Technology,Accessories,Accessories - Model 969,4,0.0,1326.49,424.48
1017,ORD-1787,2025-01-21,2025-01-23,First Class,Priya Novak,Consumer,Central,Chicago,Office Supplies,Paper,Paper - Model 819,1,0.0,39.54,17.79
1018,ORD-1788,2025-08-09,2025-08-16,Standard Class,Aisha Brown,Consumer,South,Nashville,Office Supplies,Art,Art - Model 936,1,0.0,8.98,4.04
1019,ORD-1789,2025-12-19,2025-12-23,Second Class,Wei Garcia,Consumer,East,New York,Technology,Accessories,Accessories - Model 833,1,0.1,435.64,106.49
1020,ORD-1790,2025-05-10,2025-05-12,First Class,Wei Khan,Consumer,West,Phoenix,Office Supplies,Binders,Binders - Model 408,2,0.0,76.75,34.54
1021,ORD-1791,2023-11-17,2023-11-20,First Class,Wei Nguyen,Consumer,West,San Francisco,Office Supplies,Art,Art - Model 191,3,0.0,19.34,8.71
1022,ORD-1792,2024-01-24,2024-01-31,Standard Class,Carlos Garcia,Corporate,West,Seattle,Office Supplies,Binders,Binders - Model 573,3,0.0,124.21,55.9
1023,ORD-1793,2023-12-09,2023-12-16,Standard Class,Wei Chen,Consumer,West,Los Angeles,Office Supplies,Binders,Binders - Model 797,3,0.0,40.01,18.01
1024,ORD-1794,2025-09-18,2025-09-22,Second Class,Wei Rossi,Consumer,Central,Chicago,Office Supplies,Binders,Binders - Model 751,2,0.15,51.93,18.33
1025,ORD-1794,2025-09-18,2025-09-22,Second Class,Wei Rossi,Consumer,Central,Chicago,Office Supplies,Binders,Binders - Model 519,2,0.0,93.84,42.23
1026,ORD-1795,2025-04-14,2025-04-20,Standard Class,Priya Rossi,Consumer,Central,Houston,Furniture,Chairs,Chairs - Model 724,1,0.2,295.96,7.4
1027,ORD-1795,2025-04-14,2025-04-20,Standard Class,Priya Rossi,Consumer,Central,Houston,Furniture,Chairs,Chairs - Model 145,5,0.1,1032.24,137.63
1028,ORD-1795,2025-04-14,2025-04-20,Standard Class,Priya Rossi,Consumer,Central,Houston,Furniture,Chairs,Chairs - Model 309,1,0.15,320.69,26.41
1029,ORD-1796,2025-08-01,2025-08-08,Standard Class,Ivy Novak,Consumer,South,Atlanta,Office Supplies,Storage,Storage - Model 317,2,0.3,73.14,10.45
1030,ORD-1796,2025-08-01,2025-08-08,Standard Class,Ivy Novak,Consumer,South,Atlanta,Office Supplies,Storage,Storage - Model 951,3,0.0,73.82,33.22
1031,ORD-1797,2023-04-25,2023-05-02,Standard Class,Ivy Garcia,Consumer,West,San Francisco,Furniture,Bookcases,Bookcases - Model 709,4,0.15,1053.32,86.75
1032,ORD-1798,2025-10-17,2025-10-22,Second Class,Maria Brown,Corporate,South,Atlanta,Office Supplies,Storage,Storage - Model 744,1,0.1,23.94,9.31
1033,ORD-1799,2024-11-13,2024-11-20,Standard Class,Wei Okafor,Corporate,East,Boston,Office Supplies,Art,Art - Model 192,1,0.3,41.53,5.93
1034,ORD-1800,2024-12-23,2024-12-30,Standard Class,Ivy Patel,Home Office,West,San Francisco,Technology,Machines,Machines - Model 836,1,0.3,439.41,-18.83
1035,ORD-1801,2025-11-28,2025-12-04,Standard Class,Noah Garcia,Consumer,South,Miami,Technology,Accessories,Accessories - Model 719,2,0.3,560.6,-24.02
1036,ORD-1802,2025-06-22,2025-06-29,Standard Class,Yuki Diaz,Home Office,West,Phoenix,Office Supplies,Paper,Paper - Model 916,1,0.1,40.23,15.65
1037,ORD-1803,2024-09-25,2024-10-01,Standard Class,James Okafor,Corporate,East,Philadelphia,Office Supplies,Binders,Binders - Model 206,4,0.1,118.57,46.11
1038,ORD-1803,2024-09-25,2024-10-01,Standard Class,James Okafor,Corporate,East,Philadelphia,Office Supplies,Binders,Binders - Model 472,2,0.0,114.02,51.31
1039,ORD-1803,2024-09-25,2024-10-01,Standard Class,James Okafor,Corporate,East,Philadelphia,Office Supplies,Binders,Binders - Model 861,1,0.15,16.09,5.68
1040,ORD-1804,2025-05-24,2025-05-27,First Class,Aisha Okafor,Consumer,Central,Houston,Office Supplies,Labels,Labels - Model 311,1,0.4,16.75,0.0
1041,ORD-1804,2025-05-24,2025-05-27,First Class,Aisha Okafor,Consumer,Central,Houston,Office Supplies,Labels,Labels - Model 613,1,0.0,35.93,16.17
1042,ORD-1805,2025-07-18,2025-07-21,First Class,Maria Nguyen,Corporate,Central,Minneapolis,Office Supplies,Binders,Binders - Model 307,2,0.3,60.01,8.57
1043,ORD-1806,2024-02-18,2024-02-19,Same Day,Ethan Garcia,Home Office,Central,Chicago,Office Supplies,Paper,Paper - Model 509,5,0.0,262.66,118.2
1044,ORD-1807,2023-02-10,2023-02-15,Second Class,Ivy Brown,Home Office,Central,Minneapolis,Office Supplies,Paper,Paper - Model 440,1,0.2,28.63,8.95
1045,ORD-1808,2024-04-03,2024-04-07,Second Class,Noah Novak,Home Office,East,New York,Furniture,Chairs,Chairs - Model 472,1,0.0,133.79,29.44
1046,ORD-1809,2024-01-13,2024-01-20,Standard Class,Fatima Okafor,Consumer,West,Phoenix,Technology,Accessories,Accessories - Model 394,1,0.1,505.52,123.57
1047,ORD-1809,2024-01-13,2024-01-20,Standard Class,Fatima Okafor,Consumer,West,Phoenix,Technology,Accessories,Accessories - Model 989,3,0.15,1776.24,355.25
1048,ORD-1809,2024-01-13,2024-01-20,Standard Class,Fatima Okafor,Consumer,West,Phoenix,Technology,Accessories,Accessories - Model 717,3,0.0,976.77,312.56
1049,ORD-1810,2025-12-29,2025-12-31,First Class,Maria Nguyen,Consumer,Central,Houston,Office Supplies,Labels,Labels - Model 436,1,0.15,37.98,13.41
1050,ORD-1811,2024-07-31,2024-08-02,First Class,Fatima Khan,Corporate,Central,Chicago,Technology,Machines,Machines - Model 155,2,0.0,878.23,281.03
1051,ORD-1812,2024-02-01,2024-02-08,Standard Class,Maria Garcia,Corporate,East,Newark,Office Supplies,Paper,Paper - Model 249,2,0.3,55.03,7.86
1052,ORD-1813,2024-08-25,2024-08-25,Same Day,Carlos Smith,Consumer,West,Los Angeles,Furniture,Furnishings,Furnishings - Model 810,1,0.4,133.13,-51.03
1053,ORD-1814,2024-07-19,2024-07-26,Standard Class,Carlos Smith,Consumer,South,Miami,Furniture,Bookcases,Bookcases - Model 308,1,0.0,194.81,42.86
1054,ORD-1815,2024-12-12,2024-12-18,Standard Class,Noah Diaz,Consumer,Central,Minneapolis,Technology,Phones,Phones - Model 264,1,0.0,298.91,95.65
1055,ORD-1815,2024-12-12,2024-12-18,Standard Class,Noah Diaz,Consumer,Central,Minneapolis,Technology,Phones,Phones - Model 746,4,0.2,1312.04,196.81
1056,ORD-1816,2025-07-10,2025-07-13,First Class,Ivy Brown,Corporate,East,Philadelphia,Office Supplies,Storage,Storage - Model 815,2,0.1,87.83,34.15
1057,ORD-1816,2025-07-10,2025-07-13,First Class,Ivy Brown,Corporate,East,Philadelphia,Office Supplies,Storage,Storage - Model 482,4,0.1,86.85,33.77
1058,ORD-1817,2023-08-01,2023-08-05,Second Class,James Garcia,Consumer,East,Newark,Technology,Accessories,Accessories - Model 800,1,0.0,433.64,138.77
1059,ORD-1818,2024-12-24,2024-12-28,Second Class,Noah Diaz,Consumer,Central,Chicago,Furniture,Chairs,Chairs - Model 188,2,0.0,862.06,189.65
1060,ORD-1819,2024-01-28,2024-02-03,Standard Class,Carlos Khan,Corporate,South,Charlotte,Office Supplies,Storage,Storage - Model 943,1,0.0,49.38,22.22
1061,ORD-1820,2025-11-12,2025-11-16,Second Class,Priya Garcia,Corporate,Central,Dallas,Office Supplies,Storage,Storage - Model 287,1,0.15,38.62,13.63
1062,ORD-1821,2023-03-09,2023-03-12,First Class,Liam Diaz,Consumer,Central,Chicago,Office Supplies,Art,Art - Model 765,1,0.1,38.35,14.91
1063,ORD-1822,2024-12-07,2024-12-14,Standard Class,Maria Müller,Corporate,West,Seattle,Office Supplies,Storage,Storage - Model 801,2,0.0,32.53,14.64
1064,ORD-1823,2025-04-28,2025-05-04,Standard Class,Wei Chen,Corporate,East,Boston,Office Supplies,Labels,Labels - Model 679,1,0.1,38.9,15.13
1065,ORD-1824,2025-01-18,2025-01-24,Standard Class,James Garcia,Home Office,West,Phoenix,Furniture,Tables,Tables - Model 156,1,0.0,226.18,49.76
1066,ORD-1825,2025-08-02,2025-08-06,Second Class,Omar Khan,Consumer,West,Seattle,Office Supplies,Labels,Labels - Model 364,2,0.0,104.88,47.19
1067,ORD-1825,2025-08-02,2025-08-06,Second Class,Omar Khan,Consumer,West,Seattle,Office Supplies,Labels,Labels - Model 850,1,0.1,21.34,8.3
1068,ORD-1825,2025-08-02,2025-08-06,Second Class,Omar Khan,Consumer,West,Seattle,Office Supplies,Labels,Labels - Model 727,4,0.15,227.91,80.44
1069,ORD-1826,2023-11-17,2023-11-18,Same Day,Aisha Chen,Home Office,Central,Minneapolis,Office Supplies,Art,Art - Model 973,1,0.0,34.94,15.72
1070,ORD-1827,2024-03-18,2024-03-24,Standard Class,Maria Patel,Consumer,East,Newark,Office Supplies,Storage,Storage - Model 112,1,0.0,17.18,7.73
1071,ORD-1828,2024-07-14,2024-07-20,Standard Class,Ethan Novak,Home Office,Central,Dallas,Technology,Copiers,Copiers - Model 646,1,0.0,353.77,113.2
1072,ORD-1828,2024-07-14,2024-07-20,Standard Class,Ethan Novak,Home Office,Central,Dallas,Technology,Copiers,Copiers - Model 559,1,0.1,408.59,99.87
1073,ORD-1828,2024-07-14,2024-07-20,Standard Class,Ethan Novak,Home Office,Central,Dallas,Technology,Copiers,Copiers - Model 556,2,0.0,918.55,293.94
1074,ORD-1829,2023-02-21,2023-02-25,Second Class,Ethan Chen,Corporate,South,Charlotte,Office Supplies,Storage,Storage - Model 477,1,0.0,29.4,13.23
1075,ORD-1829,2023-02-21,2023-02-25,Second Class,Ethan Chen,Corporate,South,Charlotte,Office Supplies,Storage,Storage - Model 231,1,0.1,14.15,5.5
1076,ORD-1829,2023-02-21,2023-02-25,Second Class,Ethan Chen,Corporate,South,Charlotte,Office Supplies,Storage,Storage - Model 884,1,0.0,37.73,16.98
1077,ORD-1830,2025-06-22,2025-06-24,First Class,Ivy Müller,Home Office,West,San Francisco,Furniture,Chairs,Chairs - Model 819,1,0.0,306.1,67.34
1078,ORD-1831,2023-05-22,2023-05-28,Standard Class,Noah Silva,Corporate,South,Atlanta,Office Supplies,Binders,Binders - Model 683,2,0.0,80.63,36.28
1079,ORD-1832,2025-05-07,2025-05-11,Second Class,Sofia Nguyen,Consumer,Central,Chicago,Office Supplies,Binders,Binders - Model 917,4,0.15,101.59,35.86
1080,ORD-1833,2025-12-20,2025-12-27,Standard Class,Ivy Silva,Consumer,South,Charlotte,Office Supplies,Art,Art - Model 149,1,0.0,17.78,8.0
1081,ORD-1834,2025-06-16,2025-06-18,First Class,Ethan Diaz,Consumer,Central,Houston,Technology,Accessories,Accessories - Model 946,2,0.0,1087.53,348.01
1082,ORD-1835,2025-10-15,2025-10-17,First Class,Liam Okafor,Consumer,Central,Chicago,Technology,Machines,Machines - Model 364,1,0.0,527.75,168.88
1083,ORD-1836,2023-12-29,2024-01-04,Standard Class,Sofia Diaz,Consumer,Central,Chicago,Technology,Phones,Phones - Model 667,2,0.2,782.65,117.39
1084,ORD-1837,2025-11-17,2025-11-24,Standard Class,Maria Silva,Consumer,Central,Dallas,Furniture,Chairs,Chairs - Model 907,2,0.15,322.98,26.6
1085,ORD-1838,2024-11-03,2024-11-07,Second Class,Sofia Müller,Consumer,South,Miami,Office Supplies,Labels,Labels - Model 330,1,0.0,17.51,7.88
1086,ORD-1839,2023-03-01,2023-03-08,Standard Class,Ivy Smith,Home Office,South,Charlotte,Office Supplies,Paper,Paper - Model 661,1,0.1,21.31,8.29
1087,ORD-1840,2025-11-11,2025-11-16,Second Class,Wei Garcia,Consumer,East,Philadelphia,Furniture,Tables,Tables - Model 724,5,0.1,1119.75,149.3
1088,ORD-1841,2024-05-01,2024-05-07,Standard Class,Wei Khan,Corporate,South,Miami,Office Supplies,Labels,Labels - Model 843,4,0.0,143.06,64.37
1089,ORD-1842,2025-10-08,2025-10-15,Standard Class,Liam Diaz,Home Office,Central,Dallas,Office Supplies,Paper,Paper - Model 672,1,0.2,31.24,9.76
1090,ORD-1843,2023-01-25,2023-01-30,Second Class,Ethan Müller,Corporate,South,Nashville,Furniture,Bookcases,Bookcases - Model 566,1,0.0,96.79,21.29
1091,ORD-1844,2024-06-30,2024-07-05,Second Class,Aisha Diaz,Consumer,South,Nashville,Office Supplies,Art,Art - Model 861,2,0.0,89.45,40.25
1092,ORD-1845,2023-10-30,2023-11-01,First Class,Omar Smith,Corporate,Central,Minneapolis,Office Supplies,Art,Art - Model 283,2,0.2,93.27,29.14
1093,ORD-1845,2023-10-30,2023-11-01,First Class,Omar Smith,Corporate,Central,Minneapolis,Office Supplies,Art,Art - Model 461,2,0.0,54.79,24.66
1094,ORD-1845,2023-10-30,2023-11-01,First Class,Omar Smith,Corporate,Central,Minneapolis,Office Supplies,Art,Art - Model 237,2,0.15,42.99,15.17
1095,ORD-1846,2023-06-25,2023-06-27,First Class,Omar Rossi,Consumer,East,Newark,Technology,Copiers,Copiers - Model 596,1,0.15,213.93,42.78
1096,ORD-1847,2024-08-31,2024-09-05,Second Class,James Khan,Home Office,West,Phoenix,Technology,Machines,Machines - Model 797,1,0.0,151.59,48.51
1097,ORD-1848,2024-11-20,2024-11-26,Standard Class,Sofia Nguyen,Corporate,West,San Francisco,Technology,Phones,Phones - Model 808,5,0.0,1895.94,606.7
1098,ORD-1849,2023-03-16,2023-03-22,Standard Class,Noah Garcia,Corporate,Central,Chicago,Technology,Phones,Phones - Model 896,1,0.0,360.92,115.5
1099,ORD-1849,2023-03-16,2023-03-22,Standard Class,Noah Garcia,Corporate,Central,Chicago,Technology,Phones,Phones - Model 357,3,0.0,2049.44,655.82
1100,ORD-1850,2024-12-18,2024-12-20,First Class,Ivy Rossi,Consumer,East,Boston,Office Supplies,Labels,Labels - Model 796,2,0.0,43.6,19.62
1101,ORD-1851,2023-06-04,2023-06-10,Standard Class,Wei Chen,Home Office,South,Miami,Technology,Accessories,Accessories - Model 754,2,0.1,644.97,157.66
1102,ORD-1852,2023-08-13,2023-08-19,Standard Class,Yuki Garcia,Home Office,West,San Francisco,Office Supplies,Paper,Paper - Model 895,1,0.1,21.11,8.21
1103,ORD-1853,2024-12-27,2024-12-31,Second Class,Ethan Garcia,Consumer,East,Boston,Office Supplies,Binders,Binders - Model 606,4,0.1,84.98,33.05
1104,ORD-1854,2025-01-03,2025-01-07,Second Class,James Chen,Consumer,West,San Francisco,Furniture,Tables,Tables - Model 366,1,0.0,247.05,54.35
1105,ORD-1854,2025-01-03,2025-01-07,Second Class,James Chen,Consumer,West,San Francisco,Furniture,Tables,Tables - Model 211,4,0.3,540.46,-100.37
1106,ORD-1854,2025-01-03,2025-01-07,Second Class,James Chen,Consumer,West,San Francisco,Furniture,Tables,Tables - Model 858,1,0.0,74.9,16.48
1107,ORD-1855,2023-11-30,2023-12-07,Standard Class,Noah Müller,Consumer,East,Philadelphia,Office Supplies,Binders,Binders - Model 371,2,0.2,69.67,21.77
1108,ORD-1855,2023-11-30,2023-12-07,Standard Class,Noah Müller,Consumer,East,Philadelphia,Office Supplies,Binders,Binders - Model 830,3,0.0,117.31,52.79
1109,ORD-1856,2025-11-20,2025-11-27,Standard Class,Carlos Smith,Consumer,East,Philadelphia,Office Supplies,Paper,Paper - Model 756,1,0.0,22.96,10.33
1110,ORD-1857,2023-12-06,2023-12-06,Same Day,Liam Nguyen,Corporate,East,New York,Office Supplies,Paper,Paper - Model 142,2,0.15,88.94,31.39
1111,ORD-1858,2023-07-18,2023-07-19,Same Day,Priya Garcia,Home Office,East,New York,Technology,Phones,Phones - Model 827,2,0.0,504.44,161.42
1112,ORD-1859,2025-06-23,2025-06-30,Standard Class,Sofia Kim,Consumer,East,Newark,Office Supplies,Storage,Storage - Model 979,1,0.1,62.0,24.11
1113,ORD-1860,2025-01-04,2025-01-10,Standard Class,Maria Garcia,Consumer,Central,Houston,Furniture,Furnishings,Furnishings - Model 233,2,0.15,524.1,43.16
1114,ORD-1860,2025-01-04,2025-01-10,Standard Class,Maria Garcia,Consumer,Central,Houston,Furniture,Furnishings,Furnishings - Model 281,1,0.0,230.18,50.64
1115,ORD-1860,2025-01-04,2025-01-10,Standard Class,Maria Garcia,Consumer,Central,Houston,Furniture,Furnishings,Furnishings - Model 555,2,0.0,561.35,123.5
1116,ORD-1861,2024-09-14,2024-09-20,Standard Class,Sofia Nguyen,Home Office,Central,Dallas,Office Supplies,Storage,Storage - Model 116,2,0.0,57.15,25.72
1117,ORD-1862,2024-11-22,2024-11-26,Second Class,Aisha Smith,Corporate,East,Boston,Office Supplies,Labels,Labels - Model 258,2,0.0,96.58,43.46
1118,ORD-1863,2025-01-17,2025-01-21,Second Class,Carlos Chen,Corporate,South,Miami,Office Supplies,Art,Art - Model 807,2,0.0,116.13,52.26
1119,ORD-1864,2023-08-24,2023-08-30,Standard Class,Wei Novak,Consumer,East,Newark,Office Supplies,Art,Art - Model 938,2,0.0,54.08,24.33
1120,ORD-1865,2023-09-28,2023-10-05,Standard Class,Yuki Garcia,Consumer,East,Newark,Office Supplies,Art,Art - Model 874,2,0.0,83.97,37.79
1121,ORD-1866,2024-11-20,2024-11-27,Standard Class,Noah Garcia,Consumer,South,Nashville,Furniture,Chairs,Chairs - Model 269,1,0.2,191.71,4.79
1122,ORD-1867,2023-09-19,2023-09-25,Standard Class,Fatima Kim,Corporate,Central,Dallas,Technology,Copiers,Copiers - Model 994,1,0.1,503.37,123.04
1123,ORD-1867,2023-09-19,2023-09-25,Standard Class,Fatima Kim,Corporate,Central,Dallas,Technology,Copiers,Copiers - Model 876,3,0.0,1456.0,465.92
1124,ORD-1868,2023-08-26,2023-08-31,Second Class,Maria Brown,Consumer,Central,Dallas,Office Supplies,Labels,Labels - Model 812,2,0.1,49.32,19.18
1125,ORD-1869,2025-06-04,2025-06-07,First Class,Omar Chen,Consumer,South,Miami,Furniture,Furnishings,Furnishings - Model 404,2,0.0,497.73,109.5
1126,ORD-1870,2025-12-09,2025-12-15,Standard Class,Omar Silva,Consumer,Central,Dallas,Furniture,Furnishings,Furnishings - Model 512,1,0.0,152.29,33.51
1127,ORD-1871,2025-09-07,2025-09-12,Second Class,Carlos Nguyen,Home Office,West,Phoenix,Office Supplies,Labels,Labels - Model 852,3,0.15,111.61,39.39
1128,ORD-1871,2025-09-07,2025-09-12,Second Class,Carlos Nguyen,Home Office,West,Phoenix,Office Supplies,Labels,Labels - Model 983,3,0.15,63.48,22.4
1129,ORD-1871,2025-09-07,2025-09-12,Second Class,Carlos Nguyen,Home Office,West,Phoenix,Office Supplies,Labels,Labels - Model 992,3,0.0,122.86,55.29
1130,ORD-1872,2024-01-18,2024-01-23,Second Class,Priya Garcia,Corporate,Central,Chicago,Office Supplies,Paper,Paper - Model 225,2,0.2,59.96,18.74
1131,ORD-1873,2025-08-08,2025-08-13,Second Class,Fatima Rossi,Consumer,East,Philadelphia,Office Supplies,Binders,Binders - Model 624,1,0.0,36.2,16.29
1132,ORD-1874,2024-07-27,2024-07-30,First Class,Sofia Novak,Home Office,West,San Francisco,Technology,Copiers,Copiers - Model 693,3,0.0,1250.11,400.03
1133,ORD-1875,2023-02-19,2023-02-23,Second Class,Sofia Rossi,Consumer,South,Atlanta,Office Supplies,Storage,Storage - Model 747,1,0.15,32.74,11.56
1134,ORD-1876,2023-02-23,2023-03-01,Standard Class,Noah Chen,Consumer,East,New York,Technology,Accessories,Accessories - Model 488,2,0.0,648.87,207.64
1135,ORD-1877,2023-07-15,2023-07-22,Standard Class,Ivy Rossi,Corporate,East,Philadelphia,Technology,Machines,Machines - Model 330,1,0.2,595.01,89.25
1136,ORD-1877,2023-07-15,2023-07-22,Standard Class,Ivy Rossi,Corporate,East,Philadelphia,Technology,Machines,Machines - Model 438,1,0.2,265.94,39.89
1137,ORD-1878,2024-11-06,2024-11-13,Standard Class,Priya Okafor,Consumer,East,Boston,Office Supplies,Paper,Paper - Model 312,2,0.3,47.45,6.78
1138,ORD-1878,2024-11-06,2024-11-13,Standard Class,Priya Okafor,Consumer,East,Boston,Office Supplies,Paper,Paper - Model 550,4,0.0,110.87,49.89
1139,ORD-1879,2024-03-04,2024-03-04,Same Day,Wei Nguyen,Consumer,South,Charlotte,Office Supplies,Binders,Binders - Model 504,2,0.1,66.17,25.73
1140,ORD-1880,2025-03-29,2025-04-05,Standard Class,Liam Chen,Consumer,South,Charlotte,Technology,Machines,Machines - Model 364,4,0.1,1008.93,246.63
1141,ORD-1881,2025-11-27,2025-11-30,First Class,Fatima Smith,Consumer,Central,Minneapolis,Office Supplies,Storage,Storage - Model 441,2,0.15,56.62,19.98
1142,ORD-1882,2024-07-06,2024-07-12,Standard Class,Carlos Chen,Corporate,West,Phoenix,Office Supplies,Art,Art - Model 916,1,0.15,30.32,10.7
1143,ORD-1883,2025-02-05,2025-02-12,Standard Class,Fatima Okafor,Consumer,East,Philadelphia,Office Supplies,Labels,Labels - Model 734,1,0.1,12.72,4.94
1144,ORD-1884,2025-11-28,2025-11-29,Same Day,Sofia Diaz,Consumer,East,New York,Technology,Copiers,Copiers - Model 227,4,0.15,1075.56,215.11
1145,ORD-1885,2024-11-19,2024-11-26,Standard Class,Ethan Okafor,Consumer,Central,Chicago,Office Supplies,Binders,Binders - Model 452,1,0.0,37.38,16.82
1146,ORD-1886,2023-05-31,2023-06-07,Standard Class,Ivy Silva,Consumer,South,Miami,Office Supplies,Art,Art - Model 103,1,0.0,20.12,9.06
1147,ORD-1887,2023-01-19,2023-01-26,Standard Class,Noah Smith,Corporate,Central,Dallas,Office Supplies,Storage,Storage - Model 443,1,0.0,37.35,16.81
1148,ORD-1888,2024-08-11,2024-08-14,First Class,Priya Okafor,Corporate,West,Phoenix,Office Supplies,Binders,Binders - Model 537,2,0.0,34.63,15.59
1149,ORD-1889,2023-12-25,2023-12-27,First Class,Ivy Garcia,Corporate,Central,Houston,Technology,Machines,Machines - Model 787,4,0.0,1757.75,562.48
1150,ORD-1890,2025-11-02,2025-11-08,Standard Class,Maria Kim,Consumer,Central,Minneapolis,Furniture,Bookcases,Bookcases - Model 673,2,0.15,473.94,39.03
1151,ORD-1890,2025-11-02,2025-11-08,Standard Class,Maria Kim,Consumer,Central,Minneapolis,Furniture,Bookcases,Bookcases - Model 193,3,0.0,940.23,206.85
1152,ORD-1891,2023-05-15,2023-05-20,Second Class,Aisha Silva,Corporate,South,Atlanta,Furniture,Chairs,Chairs - Model 255,1,0.1,298.07,39.75
1153,ORD-1892,2023-03-06,2023-03-06,Same Day,Ethan Brown,Consumer,South,Miami,Office Supplies,Labels,Labels - Model 105,3,0.3,101.89,14.55
1154,ORD-1893,2024-11-22,2024-11-28,Standard Class,Aisha Chen,Consumer,East,Boston,Furniture,Tables,Tables - Model 687,1,0.0,106.25,23.38
1155,ORD-1894,2023-11-06,2023-11-12,Standard Class,Ethan Rossi,Corporate,Central,Houston,Office Supplies,Labels,Labels - Model 133,2,0.1,43.15,16.78
1156,ORD-1895,2024-03-26,2024-04-01,Standard Class,Ivy Smith,Consumer,East,Philadelphia,Office Supplies,Labels,Labels - Model 877,2,0.0,56.09,25.24
1157,ORD-1896,2023-12-09,2023-12-14,Second Class,Priya Kim,Corporate,West,Seattle,Furniture,Bookcases,Bookcases - Model 679,2,0.2,370.94,9.27
1158,ORD-1897,2024-10-29,2024-11-01,First Class,Wei Diaz,Home Office,East,Philadelphia,Technology,Accessories,Accessories - Model 713,3,0.15,501.08,100.22
1159,ORD-1898,2024-08-30,2024-09-01,First Class,James Garcia,Corporate,West,Phoenix,Office Supplies,Paper,Paper - Model 884,1,0.0,42.96,19.33
1160,ORD-1899,2025-04-12,2025-04-18,Standard Class,Ivy Okafor,Consumer,South,Nashville,Office Supplies,Art,Art - Model 786,2,0.0,26.23,11.8
1161,ORD-1900,2024-02-29,2024-03-07,Standard Class,Aisha Garcia,Consumer,Central,Chicago,Technology,Phones,Phones - Model 457,1,0.15,311.75,62.35
1162,ORD-1901,2025-01-18,2025-01-23,Second Class,Ivy Brown,Home Office,South,Atlanta,Office Supplies,Labels,Labels - Model 198,2,0.15,33.66,11.88
1163,ORD-1902,2025-10-26,2025-10-30,Second Class,Liam Khan,Corporate,Central,Houston,Office Supplies,Paper,Paper - Model 786,1,0.0,39.44,17.75
1164,ORD-1902,2025-10-26,2025-10-30,Second Class,Liam Khan,Corporate,Central,Houston,Office Supplies,Paper,Paper - Model 639,2,0.2,63.15,19.74
1165,ORD-1902,2025-10-26,2025-10-30,Second Class,Liam Khan,Corporate,Central,Houston,Office Supplies,Paper,Paper - Model 503,1,0.0,37.87,17.04
1166,ORD-1903,2025-07-02,2025-07-05,First Class,Sofia Müller,Consumer,West,San Francisco,Office Supplies,Labels,Labels - Model 430,2,0.2,65.55,20.48
1167,ORD-1903,2025-07-02,2025-07-05,First Class,Sofia Müller,Consumer,West,San Francisco,Office Supplies,Labels,Labels - Model 779,1,0.0,54.47,24.51
1168,ORD-1904,2024-02-01,2024-02-07,Standard Class,Yuki Brown,Consumer,Central,Minneapolis,Office Supplies,Art,Art - Model 341,1,0.0,41.07,18.48
1169,ORD-1905,2023-10-15,2023-10-21,Standard Class,Ivy Diaz,Corporate,Central,Houston,Technology,Accessories,Accessories - Model 950,3,0.0,1257.27,402.33
1170,ORD-1906,2023-06-17,2023-06-20,First Class,Carlos Brown,Consumer,East,Philadelphia,Office Supplies,Art,Art - Model 656,4,0.0,112.79,50.75
1171,ORD-1907,2025-10-06,2025-10-12,Standard Class,Noah Okafor,Home Office,East,Newark,Technology,Accessories,Accessories - Model 931,1,0.2,285.69,42.85
1172,ORD-1908,2025-04-05,2025-04-11,Standard Class,Sofia Okafor,Consumer,Central,Chicago,Technology,Phones,Phones - Model 130,3,0.0,1261.27,403.61
1173,ORD-1909,2025-04-29,2025-05-06,Standard Class,Sofia Müller,Corporate,West,San Francisco,Office Supplies,Paper,Paper - Model 777,3,0.0,111.19,50.03
1174,ORD-1910,2024-06-21,2024-06-27,Standard Class,Priya Diaz,Consumer,Central,Dallas,Office Supplies,Paper,Paper - Model 889,1,0.3,20.36,2.92
1175,ORD-1911,2025-03-06,2025-03-13,Standard Class,Liam Diaz,Corporate,Central,Houston,Technology,Machines,Machines - Model 922,5,0.3,1476.63,-63.28
1176,ORD-1911,2025-03-06,2025-03-13,Standard Class,Liam Diaz,Corporate,Central,Houston,Technology,Machines,Machines - Model 925,2,0.0,832.22,266.31
1177,ORD-1911,2025-03-06,2025-03-13,Standard Class,Liam Diaz,Corporate,Central,Houston,Technology,Machines,Machines - Model 365,2,0.0,879.89,281.56
1178,ORD-1912,2025-12-09,2025-12-13,Second Class,Ivy Nguyen,Home Office,East,Newark,Office Supplies,Paper,Paper - Model 166,5,0.15,189.01,66.71
1179,ORD-1912,2025-12-09,2025-12-13,Second Class,Ivy Nguyen,Home Office,East,Newark,Office Supplies,Paper,Paper - Model 553,1,0.1,6.49,2.53
1180,ORD-1913,2024-05-19,2024-05-25,Standard Class,Ivy Garcia,Corporate,South,Atlanta,Technology,Machines,Machines - Model 476,3,0.15,1094.53,218.91
1181,ORD-1914,2025-10-20,2025-10-27,Standard Class,Aisha Kim,Consumer,West,Phoenix,Office Supplies,Labels,Labels - Model 409,3,0.15,59.55,21.02
1182,ORD-1915,2023-11-12,2023-11-19,Standard Class,Liam Silva,Consumer,East,New York,Furniture,Furnishings,Furnishings - Model 129,2,0.1,525.19,70.03
1183,ORD-1916,2025-04-08,2025-04-11,First Class,Omar Chen,Consumer,South,Charlotte,Office Supplies,Labels,Labels - Model 858,2,0.2,66.79,20.87
1184,ORD-1917,2023-08-24,2023-08-31,Standard Class,Ethan Nguyen,Corporate,West,Phoenix,Technology,Phones,Phones - Model 509,1,0.15,246.86,49.37
1185,ORD-1918,2024-03-30,2024-04-01,First Class,Noah Okafor,Consumer,East,Philadelphia,Office Supplies,Art,Art - Model 532,1,0.0,21.99,9.89
1186,ORD-1918,2024-03-30,2024-04-01,First Class,Noah Okafor,Consumer,East,Philadelphia,Office Supplies,Art,Art - Model 331,2,0.15,46.8,16.52
1187,ORD-1919,2025-11-23,2025-11-30,Standard Class,Fatima Novak,Consumer,East,New York,Technology,Machines,Machines - Model 496,1,0.15,285.31,57.06
1188,ORD-1920,2025-02-25,2025-03-03,Standard Class,Liam Novak,Consumer,East,Boston,Technology,Accessories,Accessories - Model 270,4,0.15,1857.29,371.46
1189,ORD-1921,2023-12-20,2023-12-27,Standard Class,Omar Patel,Corporate,Central,Dallas,Technology,Phones,Phones - Model 279,2,0.0,713.61,228.36
1190,ORD-1922,2025-11-30,2025-12-03,First Class,James Garcia,Consumer,South,Miami,Office Supplies,Binders,Binders - Model 257,1,0.15,27.37,9.66
1191,ORD-1923,2025-10-26,2025-11-01,Standard Class,Carlos Smith,Home Office,West,Phoenix,Office Supplies,Storage,Storage - Model 710,1,0.1,32.13,12.5
1192,ORD-1923,2025-10-26,2025-11-01,Standard Class,Carlos Smith,Home Office,West,Phoenix,Office Supplies,Storage,Storage - Model 414,2,0.4,47.54,0.0
1193,ORD-1924,2023-11-02,2023-11-08,Standard Class,Noah Müller,Corporate,East,New York,Office Supplies,Storage,Storage - Model 396,2,0.15,78.39,27.67
1194,ORD-1925,2024-12-02,2024-12-09,Standard Class,Sofia Khan,Home Office,Central,Minneapolis,Office Supplies,Paper,Paper - Model 682,4,0.3,139.93,20.0
1195,ORD-1926,2025-05-14,2025-05-18,Second Class,Ethan Chen,Home Office,Central,Houston,Technology,Accessories,Accessories - Model 842,1,0.15,522.45,104.49
1196,ORD-1927,2023-05-02,2023-05-09,Standard Class,James Chen,Corporate,Central,Minneapolis,Office Supplies,Art,Art - Model 801,2,0.1,79.83,31.04
1197,ORD-1928,2023-10-27,2023-11-01,Second Class,Fatima Diaz,Home Office,West,Seattle,Office Supplies,Binders,Binders - Model 187,3,0.1,99.75,38.79
1198,ORD-1929,2023-01-17,2023-01-23,Standard Class,Liam Okafor,Consumer,Central,Dallas,Technology,Accessories,Accessories - Model 281,1,0.0,465.51,148.97
1199,ORD-1930,2023-04-24,2023-04-30,Standard Class,Fatima Diaz,Home Office,East,New York,Office Supplies,Binders,Binders - Model 956,3,0.0,124.64,56.09
1200,ORD-1931,2025-02-20,2025-02-24,Second Class,Noah Chen,Home Office,East,Boston,Technology,Accessories,Accessories - Model 470,1,0.0,334.25,106.96
1201,ORD-1932,2025-06-21,2025-06-21,Same Day,Maria Smith,Consumer,South,Miami,Furniture,Chairs,Chairs - Model 771,1,0.0,113.81,25.04
1202,ORD-1933,2024-12-02,2024-12-08,Standard Class,Priya Smith,Consumer,South,Atlanta,Technology,Phones,Phones - Model 721,2,0.1,790.84,193.32
1203,ORD-1934,2024-02-23,2024-03-01,Standard Class,Maria Müller,Corporate,West,Los Angeles,Office Supplies,Labels,Labels - Model 690,1,0.1,24.17,9.4
1204,ORD-1935,2025-08-17,2025-08-24,Standard Class,Carlos Patel,Consumer,South,Miami,Technology,Phones,Phones - Model 387,2,0.1,887.44,216.93
1205,ORD-1936,2025-10-20,2025-10-27,Standard Class,James Chen,Home Office,South,Atlanta,Office Supplies,Storage,Storage - Model 949,4,0.0,103.17,46.43
1206,ORD-1937,2023-07-05,2023-07-07,First Class,Wei Silva,Home Office,South,Atlanta,Office Supplies,Binders,Binders - Model 604,1,0.1,38.51,14.98
1207,ORD-1938,2023-04-09,2023-04-16,Standard Class,Noah Kim,Consumer,Central,Dallas,Office Supplies,Labels,Labels - Model 200,2,0.0,58.58,26.36
1208,ORD-1939,2023-04-28,2023-05-02,Second Class,Maria Nguyen,Consumer,East,Philadelphia,Office Supplies,Binders,Binders - Model 125,1,0.0,21.74,9.78
1209,ORD-1940,2024-05-28,2024-06-02,Second Class,Ethan Okafor,Corporate,Central,Houston,Office Supplies,Paper,Paper - Model 738,1,0.15,23.61,8.33
1210,ORD-1941,2025-04-04,2025-04-10,Standard Class,Fatima Diaz,Corporate,South,Atlanta,Furniture,Furnishings,Furnishings - Model 576,4,0.15,799.0,65.8
1211,ORD-1942,2023-04-23,2023-04-27,Second Class,Yuki Smith,Home Office,East,Boston,Technology,Copiers,Copiers - Model 363,1,0.0,378.34,121.07
1212,ORD-1943,2025-08-15,2025-08-15,Same Day,Carlos Chen,Consumer,South,Nashville,Furniture,Bookcases,Bookcases - Model 993,2,0.15,373.57,30.76
1213,ORD-1944,2025-11-11,2025-11-17,Standard Class,James Okafor,Consumer,West,San Francisco,Furniture,Chairs,Chairs - Model 772,4,0.0,949.18,208.82
1214,ORD-1945,2025-10-23,2025-10-26,First Class,Carlos Rossi,Consumer,Central,Chicago,Office Supplies,Paper,Paper - Model 255,2,0.15,70.53,24.89
1215,ORD-1946,2025-11-30,2025-12-07,Standard Class,Ivy Müller,Consumer,South,Miami,Furniture,Furnishings,Furnishings - Model 806,4,0.0,1326.34,291.8
1216,ORD-1947,2023-07-28,2023-07-30,First Class,Maria Garcia,Corporate,East,Boston,Furniture,Chairs,Chairs - Model 462,1,0.15,118.21,9.73
1217,ORD-1947,2023-07-28,2023-07-30,First Class,Maria Garcia,Corporate,East,Boston,Furniture,Chairs,Chairs - Model 425,3,0.0,651.47,143.32
1218,ORD-1948,2024-08-14,2024-08-21,Standard Class,Fatima Müller,Consumer,West,Seattle,Technology,Copiers,Copiers - Model 613,1,0.2,416.2,62.43
1219,ORD-1948,2024-08-14,2024-08-21,Standard Class,Fatima Müller,Consumer,West,Seattle,Technology,Copiers,Copiers - Model 507,3,0.0,1844.31,590.18
1220,ORD-1949,2023-01-20,2023-01-26,Standard Class,James Okafor,Corporate,West,San Francisco,Office Supplies,Art,Art - Model 804,3,0.3,36.47,5.2
1221,ORD-1950,2025-04-17,2025-04-23,Standard Class,Carlos Garcia,Consumer,Central,Chicago,Technology,Machines,Machines - Model 237,3,0.0,1197.07,383.06
1222,ORD-1950,2025-04-17,2025-04-23,Standard Class,Carlos Garcia,Consumer,Central,Chicago,Technology,Machines,Machines - Model 560,2,0.3,612.8,-26.26
1223,ORD-1950,2025-04-17,2025-04-23,Standard Class,Carlos Garcia,Consumer,Central,Chicago,Technology,Machines,Machines - Model 261,4,0.0,2746.33,878.83
1224,ORD-1951,2025-08-30,2025-09-06,Standard Class,Aisha Brown,Corporate,Central,Houston,Office Supplies,Paper,Paper - Model 416,1,0.0,60.95,27.43
1225,ORD-1952,2023-12-20,2023-12-26,Standard Class,Noah Kim,Corporate,Central,Chicago,Technology,Accessories,Accessories - Model 562,2,0.0,726.63,232.52
1226,ORD-1953,2024-04-25,2024-05-02,Standard Class,Liam Khan,Corporate,Central,Chicago,Office Supplies,Labels,Labels - Model 212,5,0.2,173.16,54.11
1227,ORD-1954,2023-06-13,2023-06-17,Second Class,Liam Okafor,Corporate,South,Nashville,Office Supplies,Binders,Binders - Model 281,1,0.0,22.61,10.18
1228,ORD-1955,2025-06-26,2025-07-03,Standard Class,Sofia Diaz,Consumer,Central,Minneapolis,Technology,Machines,Machines - Model 294,1,0.15,209.1,41.82
1229,ORD-1956,2023-05-28,2023-06-02,Second Class,Liam Novak,Consumer,Central,Chicago,Office Supplies,Paper,Paper - Model 310,1,0.2,19.97,6.24
1230,ORD-1957,2025-01-05,2025-01-10,Second Class,Maria Smith,Consumer,South,Nashville,Office Supplies,Paper,Paper - Model 957,1,0.1,30.54,11.88
1231,ORD-1958,2023-12-25,2023-12-31,Standard Class,Fatima Smith,Consumer,South,Charlotte,Furniture,Tables,Tables - Model 583,2,0.0,335.58,73.83
1232,ORD-1958,2023-12-25,2023-12-31,Standard Class,Fatima Smith,Consumer,South,Charlotte,Furniture,Tables,Tables - Model 197,1,0.1,179.3,23.91
1233,ORD-1959,2023-08-08,2023-08-14,Standard Class,Yuki Smith,Consumer,West,San Francisco,Furniture,Chairs,Chairs - Model 680,2,0.0,432.19,95.08
1234,ORD-1960,2025-12-19,2025-12-25,Standard Class,Priya Diaz,Home Office,East,Newark,Technology,Accessories,Accessories - Model 661,1,0.0,611.17,195.58
1235,ORD-1961,2023-11-24,2023-12-01,Standard Class,Wei Khan,Consumer,Central,Dallas,Office Supplies,Storage,Storage - Model 332,1,0.3,21.69,3.1
1236,ORD-1962,2025-11-02,2025-11-06,Second Class,Aisha Chen,Consumer,Central,Minneapolis,Office Supplies,Art,Art - Model 733,1,0.0,40.6,18.27
1237,ORD-1963,2025-08-07,2025-08-12,Second Class,Priya Okafor,Consumer,Central,Minneapolis,Office Supplies,Labels,Labels - Model 353,3,0.0,129.84,58.43
1238,ORD-1964,2024-01-20,2024-01-25,Second Class,James Brown,Consumer,West,San Francisco,Furniture,Bookcases,Bookcases - Model 802,1,0.0,276.54,60.84
1239,ORD-1965,2023-01-08,2023-01-13,Second Class,Priya Patel,Consumer,West,Phoenix,Furniture,Furnishings,Furnishings - Model 554,1,0.0,129.79,28.56
1240,ORD-1966,2024-08-18,2024-08-23,Second Class,Noah Brown,Consumer,East,Boston,Technology,Copiers,Copiers - Model 939,2,0.1,334.71,81.82
1241,ORD-1967,2023-05-20,2023-05-26,Standard Class,Ivy Novak,Consumer,Central,Minneapolis,Office Supplies,Binders,Binders - Model 715,1,0.0,26.55,11.95
1242,ORD-1967,2023-05-20,2023-05-26,Standard Class,Ivy Novak,Consumer,Central,Minneapolis,Office Supplies,Binders,Binders - Model 774,1,0.3,19.64,2.81
1243,ORD-1968,2023-06-23,2023-06-29,Standard Class,Ivy Chen,Corporate,East,Philadelphia,Office Supplies,Binders,Binders - Model 530,1,0.0,49.27,22.17
1244,ORD-1968,2023-06-23,2023-06-29,Standard Class,Ivy Chen,Corporate,East,Philadelphia,Office Supplies,Binders,Binders - Model 897,1,0.0,41.22,18.55
1245,ORD-1969,2024-02-26,2024-03-04,Standard Class,Ethan Müller,Consumer,East,Philadelphia,Office Supplies,Binders,Binders - Model 227,1,0.2,47.46,14.83
1246,ORD-1970,2024-05-29,2024-06-04,Standard Class,Carlos Smith,Consumer,Central,Minneapolis,Technology,Machines,Machines - Model 516,1,0.1,258.89,63.29
1247,ORD-1970,2024-05-29,2024-06-04,Standard Class,Carlos Smith,Consumer,Central,Minneapolis,Technology,Machines,Machines - Model 651,1,0.0,438.11,140.19
1248,ORD-1971,2023-11-05,2023-11-12,Standard Class,Ethan Okafor,Home Office,West,Phoenix,Technology,Accessories,Accessories - Model 108,1,0.1,291.53,71.26
1249,ORD-1972,2025-03-16,2025-03-22,Standard Class,Noah Diaz,Home Office,South,Miami,Technology,Machines,Machines - Model 259,2,0.0,311.8,99.78
1250,ORD-1973,2025-06-26,2025-06-29,First Class,Wei Okafor,Consumer,Central,Dallas,Office Supplies,Labels,Labels - Model 700,2,0.0,11.99,5.4
1251,ORD-1974,2025-12-13,2025-12-20,Standard Class,Priya Diaz,Consumer,East,Philadelphia,Office Supplies,Paper,Paper - Model 439,1,0.0,6.44,2.9
1252,ORD-1975,2025-01-02,2025-01-09,Standard Class,Aisha Patel,Home Office,East,Boston,Furniture,Bookcases,Bookcases - Model 368,1,0.2,250.82,6.27
1253,ORD-1975,2025-01-02,2025-01-09,Standard Class,Aisha Patel,Home Office,East,Boston,Furniture,Bookcases,Bookcases - Model 550,3,0.0,652.35,143.52
1254,ORD-1976,2024-03-21,2024-03-25,Second Class,Yuki Nguyen,Corporate,East,Boston,Furniture,Bookcases,Bookcases - Model 906,1,0.0,285.1,62.72
1255,ORD-1977,2024-12-31,2025-01-04,Second Class,Wei Silva,Consumer,South,Miami,Office Supplies,Art,Art - Model 878,1,0.1,33.94,13.2
1256,ORD-1978,2025-11-04,2025-11-04,Same Day,Wei Kim,Consumer,West,San Francisco,Furniture,Tables,Tables - Model 996,2,0.3,475.83,-88.37
1257,ORD-1979,2023-08-04,2023-08-05,Same Day,Priya Patel,Corporate,Central,Minneapolis,Furniture,Bookcases,Bookcases - Model 837,2,0.0,489.87,107.78
1258,ORD-1980,2024-12-19,2024-12-21,First Class,Maria Kim,Home Office,Central,Houston,Furniture,Bookcases,Bookcases - Model 236,2,0.0,571.77,125.79
1259,ORD-1981,2024-10-14,2024-10-21,Standard Class,Maria Garcia,Consumer,South,Miami,Furniture,Furnishings,Furnishings - Model 297,3,0.4,461.99,-177.1
1260,ORD-1982,2024-12-23,2024-12-25,First Class,Aisha Rossi,Consumer,West,Phoenix,Office Supplies,Labels,Labels - Model 505,2,0.0,51.28,23.08
1261,ORD-1983,2025-12-15,2025-12-19,Second Class,Priya Novak,Consumer,East,New York,Furniture,Chairs,Chairs - Model 368,3,0.2,492.22,12.31
1262,ORD-1984,2025-05-07,2025-05-11,Second Class,Aisha Khan,Corporate,Central,Minneapolis,Office Supplies,Storage,Storage - Model 822,1,0.0,26.7,12.01
1263,ORD-1985,2024-03-17,2024-03-23,Standard Class,Priya Nguyen,Home Office,East,Boston,Office Supplies,Binders,Binders - Model 685,2,0.1,50.07,19.47
1264,ORD-1986,2023-01-30,2023-02-06,Standard Class,Ivy Patel,Home Office,Central,Dallas,Furniture,Furnishings,Furnishings - Model 767,1,0.1,357.42,47.66
1265,ORD-1987,2024-11-22,2024-11-26,Second Class,Fatima Okafor,Consumer,West,San Francisco,Office Supplies,Labels,Labels - Model 841,4,0.15,106.8,37.69
1266,ORD-1987,2024-11-22,2024-11-26,Second Class,Fatima Okafor,Consumer,West,San Francisco,Office Supplies,Labels,Labels - Model 195,1,0.1,28.53,11.09
1267,ORD-1987,2024-11-22,2024-11-26,Second Class,Fatima Okafor,Consumer,West,San Francisco,Office Supplies,Labels,Labels - Model 196,1,0.1,14.81,5.76
1268,ORD-1988,2024-05-28,2024-06-03,Standard Class,Priya Khan,Consumer,West,Seattle,Technology,Phones,Phones - Model 924,1,0.0,487.33,155.94
1269,ORD-1989,2023-11-24,2023-12-01,Standard Class,James Brown,Consumer,East,Boston,Technology,Phones,Phones - Model 990,1,0.4,167.69,-36.32
1270,ORD-1990,2023-06-07,2023-06-07,Same Day,Noah Nguyen,Consumer,West,Phoenix,Office Supplies,Binders,Binders - Model 370,1,0.0,24.54,11.04
1271,ORD-1990,2023-06-07,2023-06-07,Same Day,Noah Nguyen,Consumer,West,Phoenix,Office Supplies,Binders,Binders - Model 393,3,0.0,12.0,5.4
1272,ORD-1991,2024-03-12,2024-03-18,Standard Class,Wei Brown,Home Office,South,Nashville,Furniture,Chairs,Chairs - Model 471,2,0.0,663.94,146.06
1273,ORD-1992,2025-06-11,2025-06-16,Second Class,Fatima Silva,Consumer,South,Charlotte,Office Supplies,Storage,Storage - Model 867,2,0.0,62.94,28.32
1274,ORD-1993,2024-08-05,2024-08-09,Second Class,Ivy Rossi,Consumer,South,Charlotte,Office Supplies,Storage,Storage - Model 247,2,0.15,82.42,29.09
1275,ORD-1994,2025-11-05,2025-11-12,Standard Class,Yuki Brown,Consumer,West,Phoenix,Technology,Phones,Phones - Model 412,5,0.0,1976.3,632.42
1276,ORD-1995,2025-05-01,2025-05-06,Second Class,Noah Novak,Consumer,West,San Francisco,Furniture,Furnishings,Furnishings - Model 735,2,0.0,388.19,85.4
1277,ORD-1995,2025-05-01,2025-05-06,Second Class,Noah Novak,Consumer,West,San Francisco,Furniture,Furnishings,Furnishings - Model 456,2,0.0,478.47,105.27
1278,ORD-1996,2025-05-06,2025-05-08,First Class,Fatima Rossi,Corporate,West,Phoenix,Office Supplies,Art,Art - Model 280,1,0.0,14.58,6.56
1279,ORD-1996,2025-05-06,2025-05-08,First Class,Fatima Rossi,Corporate,West,Phoenix,Office Supplies,Art,Art - Model 121,2,0.2,37.16,11.61
1280,ORD-1997,2024-08-15,2024-08-22,Standard Class,Liam Silva,Consumer,East,Philadelphia,Office Supplies,Labels,Labels - Model 636,1,0.3,20.61,2.95
1281,ORD-1998,2023-04-27,2023-05-02,Second Class,Liam Rossi,Consumer,East,Newark,Furniture,Furnishings,Furnishings - Model 676,1,0.0,302.61,66.57
1282,ORD-1998,2023-04-27,2023-05-02,Second Class,Liam Rossi,Consumer,East,Newark,Furniture,Furnishings,Furnishings - Model 822,1,0.0,85.6,18.83
1283,ORD-1998,2023-04-27,2023-05-02,Second Class,Liam Rossi,Consumer,East,Newark,Furniture,Furnishings,Furnishings - Model 151,1,0.15,190.02,15.65
1284,ORD-1999,2025-07-08,2025-07-15,Standard Class,Noah Novak,Home Office,East,Newark,Furniture,Bookcases,Bookcases - Model 958,1,0.15,151.87,12.51
1285,ORD-2000,2025-03-20,2025-03-26,Standard Class,Carlos Brown,Consumer,West,Phoenix,Furniture,Tables,Tables - Model 962,3,0.0,809.05,177.99
1286,ORD-2001,2025-12-14,2025-12-20,Standard Class,Maria Khan,Corporate,West,Phoenix,Office Supplies,Labels,Labels - Model 968,2,0.1,75.11,29.21
1287,ORD-2002,2023-05-17,2023-05-23,Standard Class,Carlos Nguyen,Corporate,South,Miami,Office Supplies,Storage,Storage - Model 147,1,0.15,14.84,5.24
1288,ORD-2003,2023-01-13,2023-01-20,Standard Class,Liam Garcia,Corporate,South,Atlanta,Office Supplies,Labels,Labels - Model 883,5,0.0,241.12,108.5
1289,ORD-2004,2025-12-03,2025-12-10,Standard Class,Fatima Okafor,Home Office,South,Nashville,Office Supplies,Storage,Storage - Model 981,4,0.1,80.65,31.36
1290,ORD-2005,2023-11-08,2023-11-13,Second Class,Omar Brown,Consumer,West,Los Angeles,Technology,Accessories,Accessories - Model 502,3,0.0,1188.33,380.27
1291,ORD-2006,2023-06-12,2023-06-17,Second Class,Omar Chen,Consumer,Central,Minneapolis,Office Supplies,Paper,Paper - Model 816,1,0.0,22.1,9.94
1292,ORD-2007,2023-07-23,2023-07-27,Second Class,Wei Okafor,Corporate,East,Newark,Technology,Phones,Phones - Model 470,2,0.3,650.86,-27.89
1293,ORD-2008,2024-11-15,2024-11-18,First Class,Omar Rossi,Corporate,East,New York,Technology,Machines,Machines - Model 540,1,0.0,272.07,87.07
1294,ORD-2009,2023-08-18,2023-08-22,Second Class,Wei Silva,Consumer,East,Boston,Office Supplies,Paper,Paper - Model 227,1,0.15,37.76,13.32
1295,ORD-2010,2023-05-02,2023-05-08,Standard Class,Sofia Kim,Consumer,West,San Francisco,Office Supplies,Storage,Storage - Model 155,1,0.1,24.24,9.43
1296,ORD-2010,2023-05-02,2023-05-08,Standard Class,Sofia Kim,Consumer,West,San Francisco,Office Supplies,Storage,Storage - Model 600,3,0.0,24.42,10.99
1297,ORD-2011,2024-08-13,2024-08-17,Second Class,Sofia Müller,Consumer,West,Phoenix,Furniture,Bookcases,Bookcases - Model 673,2,0.0,486.17,106.96
1298,ORD-2012,2024-07-28,2024-08-02,Second Class,Maria Rossi,Home Office,Central,Chicago,Office Supplies,Art,Art - Model 702,2,0.0,63.67,28.65
1299,ORD-2013,2023-04-10,2023-04-17,Standard Class,Priya Okafor,Corporate,West,Phoenix,Office Supplies,Paper,Paper - Model 290,2,0.2,103.63,32.38
1300,ORD-2014,2025-07-30,2025-08-06,Standard Class,Noah Okafor,Corporate,Central,Minneapolis,Technology,Copiers,Copiers - Model 183,4,0.0,366.17,117.18
1301,ORD-2015,2025-05-01,2025-05-07,Standard Class,Ivy Silva,Consumer,East,Philadelphia,Office Supplies,Binders,Binders - Model 727,1,0.0,40.07,18.03
1302,ORD-2016,2025-09-22,2025-09-28,Standard Class,Carlos Silva,Consumer,Central,Minneapolis,Technology,Accessories,Accessories - Model 560,1,0.4,118.54,-25.68
1303,ORD-2017,2025-02-28,2025-03-03,First Class,Ethan Rossi,Consumer,Central,Minneapolis,Furniture,Tables,Tables - Model 664,1,0.1,172.34,22.98
1304,ORD-2018,2023-11-12,2023-11-18,Standard Class,Aisha Patel,Consumer,South,Miami,Office Supplies,Art,Art - Model 464,2,0.1,46.13,17.94
1305,ORD-2019,2023-01-25,2023-01-31,Standard Class,Fatima Okafor,Consumer,Central,Dallas,Office Supplies,Labels,Labels - Model 722,5,0.1,148.88,57.9
1306,ORD-2020,2024-06-23,2024-06-26,First Class,Liam Novak,Home Office,East,Newark,Technology,Accessories,Accessories - Model 425,1,0.15,306.09,61.22
1307,ORD-2021,2024-03-27,2024-04-03,Standard Class,Maria Garcia,Home Office,East,Newark,Office Supplies,Binders,Binders - Model 809,2,0.0,57.34,25.81
1308,ORD-2021,2024-03-27,2024-04-03,Standard Class,Maria Garcia,Home Office,East,Newark,Office Supplies,Binders,Binders - Model 556,3,0.1,20.3,7.89
1309,ORD-2022,2025-03-27,2025-04-01,Second Class,Fatima Novak,Consumer,East,Boston,Office Supplies,Paper,Paper - Model 538,1,0.1,50.33,19.57
1310,ORD-2023,2023-06-01,2023-06-08,Standard Class,Sofia Müller,Consumer,East,Newark,Office Supplies,Labels,Labels - Model 441,1,0.1,26.82,10.43
1311,ORD-2024,2025-06-24,2025-06-26,First Class,Maria Garcia,Home Office,West,San Francisco,Technology,Accessories,Accessories - Model 571,1,0.15,276.3,55.26
1312,ORD-2025,2023-12-22,2023-12-29,Standard Class,Ethan Okafor,Corporate,West,Seattle,Technology,Machines,Machines - Model 909,4,0.2,1406.17,210.92
1313,ORD-2026,2024-04-04,2024-04-11,Standard Class,Yuki Nguyen,Consumer,West,Phoenix,Office Supplies,Binders,Binders - Model 588,2,0.1,20.91,8.13
1314,ORD-2027,2024-07-11,2024-07-14,First Class,Noah Kim,Consumer,West,Seattle,Office Supplies,Binders,Binders - Model 706,1,0.4,7.0,0.0
1315,ORD-2028,2024-07-01,2024-07-08,Standard Class,Fatima Kim,Home Office,Central,Dallas,Office Supplies,Art,Art - Model 959,2,0.1,106.8,41.54
1316,ORD-2029,2024-03-11,2024-03-15,Second Class,Maria Rossi,Corporate,Central,Houston,Office Supplies,Labels,Labels - Model 529,4,0.0,130.84,58.88
1317,ORD-2030,2024-01-11,2024-01-17,Standard Class,James Silva,Consumer,South,Nashville,Technology,Copiers,Copiers - Model 500,4,0.2,1519.75,227.96
1318,ORD-2030,2024-01-11,2024-01-17,Standard Class,James Silva,Consumer,South,Nashville,Technology,Copiers,Copiers - Model 302,2,0.0,1064.01,340.48
1319,ORD-2031,2023-06-21,2023-06-23,First Class,Aisha Diaz,Home Office,West,Seattle,Office Supplies,Paper,Paper - Model 726,3,0.0,79.69,35.86
1320,ORD-2032,2023-12-08,2023-12-14,Standard Class,Fatima Müller,Consumer,South,Nashville,Technology,Copiers,Copiers - Model 381,1,0.2,486.43,72.96
1321,ORD-2032,2023-12-08,2023-12-14,Standard Class,Fatima Müller,Consumer,South,Nashville,Technology,Copiers,Copiers - Model 730,1,0.0,268.76,86.0
1322,ORD-2033,2025-12-29,2026-01-02,Second Class,Ethan Rossi,Consumer,East,New York,Office Supplies,Art,Art - Model 319,1,0.1,27.28,10.61
1323,ORD-2034,2025-11-24,2025-11-26,First Class,Carlos Chen,Home Office,West,Phoenix,Office Supplies,Labels,Labels - Model 740,3,0.3,104.36,14.91
1324,ORD-2034,2025-11-24,2025-11-26,First Class,Carlos Chen,Home Office,West,Phoenix,Office Supplies,Labels,Labels - Model 815,1,0.0,32.81,14.77
1325,ORD-2035,2023-10-01,2023-10-08,Standard Class,Ethan Müller,Corporate,West,San Francisco,Office Supplies,Storage,Storage - Model 777,1,0.1,34.67,13.48
1326,ORD-2036,2023-11-30,2023-12-07,Standard Class,Priya Diaz,Home Office,South,Charlotte,Technology,Accessories,Accessories - Model 348,2,0.0,601.45,192.47
1327,ORD-2036,2023-11-30,2023-12-07,Standard Class,Priya Diaz,Home Office,South,Charlotte,Technology,Accessories,Accessories - Model 591,3,0.3,1047.73,-44.91
1328,ORD-2036,2023-11-30,2023-12-07,Standard Class,Priya Diaz,Home Office,South,Charlotte,Technology,Accessories,Accessories - Model 847,1,0.1,396.83,97.0
1329,ORD-2037,2024-01-23,2024-01-29,Standard Class,Aisha Brown,Consumer,West,Los Angeles,Office Supplies,Art,Art - Model 310,5,0.15,36.78,12.98
1330,ORD-2038,2024-12-08,2024-12-12,Second Class,Sofia Diaz,Corporate,Central,Minneapolis,Office Supplies,Storage,Storage - Model 455,2,0.1,103.84,40.38
1331,ORD-2039,2024-09-18,2024-09-24,Standard Class,Ivy Silva,Corporate,Central,Dallas,Furniture,Tables,Tables - Model 367,1,0.1,310.44,41.39
1332,ORD-2040,2025-12-22,2025-12-29,Standard Class,Ethan Diaz,Consumer,West,Phoenix,Office Supplies,Labels,Labels - Model 554,4,0.4,106.9,0.0
1333,ORD-2041,2025-08-03,2025-08-08,Second Class,James Khan,Corporate,East,New York,Technology,Phones,Phones - Model 494,1,0.0,108.36,34.68
1334,ORD-2042,2024-07-27,2024-08-01,Second Class,James Okafor,Consumer,West,San Francisco,Office Supplies,Binders,Binders - Model 137,4,0.0,153.23,68.95
1335,ORD-2043,2023-11-14,2023-11-17,First Class,Priya Diaz,Consumer,Central,Chicago,Office Supplies,Paper,Paper - Model 976,2,0.0,82.35,37.06
1336,ORD-2044,2024-12-05,2024-12-07,First Class,Omar Diaz,Corporate,West,San Francisco,Technology,Machines,Machines - Model 345,1,0.0,278.05,88.98
1337,ORD-2045,2025-03-20,2025-03-25,Second Class,Ivy Okafor,Consumer,South,Charlotte,Office Supplies,Labels,Labels - Model 596,3,0.2,60.18,18.8
1338,ORD-2046,2023-06-28,2023-07-04,Standard Class,Maria Rossi,Consumer,South,Atlanta,Technology,Machines,Machines - Model 467,2,0.2,698.53,104.78
1339,ORD-2047,2024-09-17,2024-09-20,First Class,Fatima Garcia,Consumer,East,Boston,Office Supplies,Labels,Labels - Model 851,3,0.2,97.46,30.46
1340,ORD-2048,2025-09-12,2025-09-18,Standard Class,Ivy Nguyen,Corporate,South,Atlanta,Technology,Copiers,Copiers - Model 885,1,0.15,335.09,67.02
1341,ORD-2049,2023-06-01,2023-06-08,Standard Class,Priya Okafor,Corporate,East,Newark,Office Supplies,Storage,Storage - Model 873,4,0.15,140.33,49.53
1342,ORD-2050,2025-03-15,2025-03-22,Standard Class,Aisha Müller,Home Office,West,San Francisco,Office Supplies,Art,Art - Model 974,3,0.0,145.23,65.36
1343,ORD-2051,2025-06-18,2025-06-23,Second Class,Carlos Rossi,Consumer,Central,Chicago,Technology,Accessories,Accessories - Model 283,1,0.0,401.79,128.58
1344,ORD-2052,2025-10-26,2025-10-30,Second Class,Carlos Garcia,Consumer,Central,Houston,Office Supplies,Storage,Storage - Model 139,3,0.0,158.56,71.35
1345,ORD-2053,2025-06-03,2025-06-09,Standard Class,Fatima Silva,Corporate,Central,Minneapolis,Furniture,Bookcases,Bookcases - Model 312,2,0.2,267.9,6.7
1346,ORD-2054,2025-08-24,2025-08-29,Second Class,Aisha Chen,Corporate,Central,Houston,Office Supplies,Labels,Labels - Model 505,2,0.1,95.0,36.94
1347,ORD-2055,2025-11-28,2025-12-04,Standard Class,Liam Chen,Consumer,West,San Francisco,Office Supplies,Labels,Labels - Model 801,1,0.0,36.83,16.57
1348,ORD-2056,2023-04-14,2023-04-15,Same Day,Ivy Müller,Consumer,Central,Dallas,Technology,Machines,Machines - Model 523,2,0.0,1050.78,336.25
1349,ORD-2057,2025-01-09,2025-01-11,First Class,Noah Kim,Home Office,East,Boston,Office Supplies,Storage,Storage - Model 937,2,0.1,98.33,38.24
1350,ORD-2058,2024-02-29,2024-03-04,Second Class,James Chen,Consumer,East,Boston,Furniture,Furnishings,Furnishings - Model 857,1,0.0,438.88,96.55
1351,ORD-2059,2023-03-12,2023-03-19,Standard Class,Carlos Nguyen,Consumer,South,Nashville,Office Supplies,Art,Art - Model 371,1,0.0,37.94,17.07
1352,ORD-2060,2024-11-16,2024-11-16,Same Day,Aisha Kim,Consumer,East,Newark,Office Supplies,Art,Art - Model 569,3,0.0,133.11,59.9
1353,ORD-2061,2025-11-21,2025-11-28,Standard Class,Ethan Chen,Home Office,East,Newark,Office Supplies,Paper,Paper - Model 332,4,0.3,98.06,14.01
1354,ORD-2062,2024-12-13,2024-12-20,Standard Class,Noah Garcia,Consumer,South,Nashville,Office Supplies,Storage,Storage - Model 952,4,0.1,160.08,62.26
1355,ORD-2063,2024-08-29,2024-09-03,Second Class,Ethan Novak,Corporate,East,Newark,Office Supplies,Paper,Paper - Model 466,2,0.0,81.87,36.84
1356,ORD-2064,2025-11-27,2025-12-03,Standard Class,Priya Rossi,Corporate,South,Atlanta,Office Supplies,Storage,Storage - Model 807,4,0.2,176.21,55.06
1357,ORD-2064,2025-11-27,2025-12-03,Standard Class,Priya Rossi,Corporate,South,Atlanta,Office Supplies,Storage,Storage - Model 381,1,0.15,30.26,10.68
1358,ORD-2065,2023-02-27,2023-03-05,Standard Class,Yuki Diaz,Consumer,South,Nashville,Technology,Machines,Machines - Model 757,1,0.3,317.99,-13.62
1359,ORD-2066,2024-09-12,2024-09-15,First Class,Ivy Chen,Consumer,East,Newark,Furniture,Furnishings,Furnishings - Model 458,2,0.2,251.36,6.28
1360,ORD-2067,2023-05-21,2023-05-26,Second Class,Noah Nguyen,Corporate,South,Atlanta,Office Supplies,Binders,Binders - Model 296,1,0.0,29.65,13.34
1361,ORD-2068,2024-11-03,2024-11-08,Second Class,Noah Okafor,Corporate,Central,Chicago,Technology,Phones,Phones - Model 919,3,0.0,808.66,258.77
1362,ORD-2069,2024-11-10,2024-11-16,Standard Class,Ethan Diaz,Corporate,West,San Francisco,Office Supplies,Art,Art - Model 678,2,0.0,79.85,35.93
1363,ORD-2070,2023-08-08,2023-08-10,First Class,Maria Silva,Consumer,West,Phoenix,Furniture,Chairs,Chairs - Model 462,3,0.0,857.02,188.55
1364,ORD-2071,2023-08-21,2023-08-28,Standard Class,Aisha Brown,Consumer,West,Seattle,Office Supplies,Labels,Labels - Model 315,3,0.2,95.39,29.81
1365,ORD-2072,2025-09-03,2025-09-07,Second Class,Carlos Silva,Consumer,South,Atlanta,Technology,Phones,Phones - Model 192,4,0.1,482.7,117.99
1366,ORD-2072,2025-09-03,2025-09-07,Second Class,Carlos Silva,Consumer,South,Atlanta,Technology,Phones,Phones - Model 674,3,0.0,1136.51,363.69
1367,ORD-2073,2024-11-18,2024-11-18,Same Day,Liam Patel,Corporate,South,Atlanta,Office Supplies,Storage,Storage - Model 646,1,0.1,26.54,10.32
1368,ORD-2074,2025-08-22,2025-08-28,Standard Class,James Brown,Home Office,Central,Minneapolis,Technology,Machines,Machines - Model 343,1,0.0,545.1,174.44
1369,ORD-2074,2025-08-22,2025-08-28,Standard Class,James Brown,Home Office,Central,Minneapolis,Technology,Machines,Machines - Model 186,1,0.3,314.2,-13.46
1370,ORD-2075,2023-05-15,2023-05-16,Same Day,Noah Chen,Corporate,Central,Minneapolis,Technology,Copiers,Copiers - Model 749,1,0.1,373.53,91.31
1371,ORD-2076,2024-07-04,2024-07-10,Standard Class,Priya Novak,Consumer,East,Newark,Office Supplies,Art,Art - Model 830,1,0.2,34.62,10.82
1372,ORD-2077,2024-04-26,2024-05-02,Standard Class,Maria Silva,Home Office,Central,Minneapolis,Office Supplies,Art,Art - Model 962,1,0.0,31.01,13.96
1373,ORD-2078,2025-12-14,2025-12-21,Standard Class,Aisha Silva,Consumer,East,New York,Office Supplies,Binders,Binders - Model 682,1,0.15,41.04,14.49
1374,ORD-2079,2023-12-22,2023-12-26,Second Class,Fatima Garcia,Consumer,West,Phoenix,Office Supplies,Art,Art - Model 646,4,0.4,65.11,-0.01
1375,ORD-2080,2023-05-30,2023-06-06,Standard Class,Omar Garcia,Corporate,Central,Houston,Technology,Accessories,Accessories - Model 602,3,0.0,1328.18,425.02
1376,ORD-2080,2023-05-30,2023-06-06,Standard Class,Omar Garcia,Corporate,Central,Houston,Technology,Accessories,Accessories - Model 808,3,0.4,617.0,-133.68
1377,ORD-2081,2023-01-13,2023-01-20,Standard Class,Omar Silva,Consumer,West,San Francisco,Office Supplies,Art,Art - Model 739,2,0.1,71.57,27.83
1378,ORD-2082,2025-12-11,2025-12-18,Standard Class,Maria Nguyen,Corporate,South,Nashville,Office Supplies,Art,Art - Model 290,3,0.0,76.94,34.62
1379,ORD-2083,2024-12-07,2024-12-13,Standard Class,James Diaz,Corporate,South,Nashville,Office Supplies,Paper,Paper - Model 748,1,0.2,20.19,6.31
1380,ORD-2084,2025-09-05,2025-09-12,Standard Class,Wei Okafor,Consumer,West,Phoenix,Furniture,Furnishings,Furnishings - Model 993,1,0.1,338.75,45.16
1381,ORD-2085,2024-06-02,2024-06-09,Standard Class,Aisha Garcia,Home Office,West,San Francisco,Furniture,Chairs,Chairs - Model 295,2,0.1,538.93,71.86
1382,ORD-2086,2024-10-08,2024-10-15,Standard Class,Ivy Diaz,Consumer,West,Seattle,Technology,Machines,Machines - Model 437,3,0.0,1829.74,585.52
1383,ORD-2087,2025-10-04,2025-10-10,Standard Class,Carlos Brown,Home Office,South,Atlanta,Furniture,Furnishings,Furnishings - Model 752,3,0.0,684.71,150.63
1384,ORD-2088,2024-12-27,2025-01-03,Standard Class,Ethan Khan,Corporate,Central,Minneapolis,Furniture,Bookcases,Bookcases - Model 476,1,0.0,198.01,43.56
1385,ORD-2089,2025-12-20,2025-12-22,First Class,Fatima Diaz,Corporate,Central,Chicago,Office Supplies,Storage,Storage - Model 882,1,0.2,25.2,7.88
1386,ORD-2090,2025-08-19,2025-08-24,Second Class,Noah Patel,Consumer,South,Charlotte,Office Supplies,Labels,Labels - Model 245,1,0.15,10.49,3.7
1387,ORD-2091,2025-01-07,2025-01-12,Second Class,Priya Müller,Corporate,Central,Minneapolis,Office Supplies,Storage,Storage - Model 556,4,0.2,88.67,27.71
1388,ORD-2092,2025-04-04,2025-04-04,Same Day,James Okafor,Consumer,South,Nashville,Office Supplies,Binders,Binders - Model 936,3,0.0,60.4,27.18
1389,ORD-2092,2025-04-04,2025-04-04,Same Day,James Okafor,Consumer,South,Nashville,Office Supplies,Binders,Binders - Model 897,2,0.0,81.65,36.75
1390,ORD-2093,2025-08-26,2025-09-02,Standard Class,Noah Patel,Corporate,Central,Chicago,Office Supplies,Storage,Storage - Model 506,1,0.15,41.49,14.64
1391,ORD-2094,2024-05-14,2024-05-17,First Class,Sofia Nguyen,Consumer,East,Boston,Technology,Copiers,Copiers - Model 104,2,0.2,166.94,25.04
1392,ORD-2095,2024-07-10,2024-07-12,First Class,Liam Smith,Consumer,East,Newark,Office Supplies,Paper,Paper - Model 696,3,0.0,98.48,44.32
1393,ORD-2096,2024-12-12,2024-12-18,Standard Class,Noah Müller,Consumer,South,Nashville,Office Supplies,Art,Art - Model 354,3,0.1,157.21,61.14
1394,ORD-2097,2023-10-15,2023-10-21,Standard Class,Noah Okafor,Consumer,South,Nashville,Furniture,Furnishings,Furnishings - Model 336,3,0.3,262.97,-48.84
1395,ORD-2098,2024-07-24,2024-07-30,Standard Class,Ivy Novak,Home Office,Central,Houston,Office Supplies,Binders,Binders - Model 788,2,0.2,66.99,20.93
1396,ORD-2098,2024-07-24,2024-07-30,Standard Class,Ivy Novak,Home Office,Central,Houston,Office Supplies,Binders,Binders - Model 182,2,0.2,62.77,19.61
1397,ORD-2099,2024-10-10,2024-10-16,Standard Class,Priya Khan,Consumer,South,Charlotte,Office Supplies,Storage,Storage - Model 798,1,0.0,45.02,20.26
1398,ORD-2100,2023-08-18,2023-08-24,Standard Class,Ivy Nguyen,Corporate,East,Newark,Office Supplies,Labels,Labels - Model 348,2,0.0,31.56,14.2
1399,ORD-2100,2023-08-18,2023-08-24,Standard Class,Ivy Nguyen,Corporate,East,Newark,Office Supplies,Labels,Labels - Model 379,2,0.0,39.04,17.57
1400,ORD-2101,2025-01-23,2025-01-30,Standard Class,Wei Brown,Consumer,East,Philadelphia,Furniture,Bookcases,Bookcases - Model 587,4,0.2,603.85,15.1
1401,ORD-2102,2025-12-02,2025-12-07,Second Class,Sofia Okafor,Consumer,West,Phoenix,Office Supplies,Storage,Storage - Model 781,1,0.0,33.67,15.15
1402,ORD-2103,2024-05-15,2024-05-21,Standard Class,Liam Chen,Home Office,South,Nashville,Furniture,Chairs,Chairs - Model 199,3,0.0,548.37,120.64
1403,ORD-2104,2023-09-13,2023-09-19,Standard Class,Fatima Brown,Corporate,South,Charlotte,Office Supplies,Storage,Storage - Model 426,1,0.1,32.61,12.68
1404,ORD-2105,2024-03-17,2024-03-24,Standard Class,Carlos Silva,Corporate,South,Atlanta,Office Supplies,Labels,Labels - Model 525,1,0.0,34.14,15.36
1405,ORD-2106,2023-01-05,2023-01-08,First Class,Ivy Chen,Consumer,Central,Dallas,Furniture,Tables,Tables - Model 173,4,0.0,1558.36,342.84
1406,ORD-2106,2023-01-05,2023-01-08,First Class,Ivy Chen,Consumer,Central,Dallas,Furniture,Tables,Tables - Model 569,3,0.0,614.05,135.09
1407,ORD-2107,2023-07-15,2023-07-21,Standard Class,James Silva,Consumer,West,San Francisco,Office Supplies,Paper,Paper - Model 734,3,0.0,75.97,34.19
1408,ORD-2108,2025-08-11,2025-08-13,First Class,Liam Chen,Consumer,Central,Dallas,Furniture,Chairs,Chairs - Model 234,3,0.15,664.59,54.73
1409,ORD-2108,2025-08-11,2025-08-13,First Class,Liam Chen,Consumer,Central,Dallas,Furniture,Chairs,Chairs - Model 416,5,0.15,920.38,75.79
1410,ORD-2108,2025-08-11,2025-08-13,First Class,Liam Chen,Consumer,Central,Dallas,Furniture,Chairs,Chairs - Model 834,2,0.2,257.08,6.42
1411,ORD-2109,2025-08-07,2025-08-09,First Class,Wei Rossi,Consumer,West,Seattle,Technology,Machines,Machines - Model 193,3,0.2,1322.77,198.42
1412,ORD-2110,2024-01-12,2024-01-15,First Class,Yuki Brown,Consumer,South,Atlanta,Office Supplies,Binders,Binders - Model 792,1,0.0,42.36,19.06
1413,ORD-2110,2024-01-12,2024-01-15,First Class,Yuki Brown,Consumer,South,Atlanta,Office Supplies,Binders,Binders - Model 197,1,0.0,43.09,19.39
1414,ORD-2111,2023-11-27,2023-12-04,Standard Class,Aisha Patel,Home Office,East,Newark,Office Supplies,Binders,Binders - Model 496,3,0.15,105.28,37.16
1415,ORD-2112,2024-04-21,2024-04-23,First Class,Priya Müller,Home Office,East,Philadelphia,Technology,Copiers,Copiers - Model 780,3,0.0,822.35,263.15
1416,ORD-2113,2024-05-25,2024-05-28,First Class,Omar Brown,Consumer,West,Seattle,Technology,Phones,Phones - Model 107,1,0.2,372.1,55.82
1417,ORD-2113,2024-05-25,2024-05-28,First Class,Omar Brown,Consumer,West,Seattle,Technology,Phones,Phones - Model 155,3,0.0,790.71,253.02
1418,ORD-2114,2024-07-14,2024-07-16,First Class,Carlos Nguyen,Corporate,East,Philadelphia,Technology,Accessories,Accessories - Model 862,2,0.2,608.18,91.22
1419,ORD-2114,2024-07-14,2024-07-16,First Class,Carlos Nguyen,Corporate,East,Philadelphia,Technology,Accessories,Accessories - Model 993,3,0.2,1597.71,239.66
1420,ORD-2115,2025-08-21,2025-08-28,Standard Class,Liam Nguyen,Consumer,South,Charlotte,Office Supplies,Binders,Binders - Model 680,1,0.1,39.04,15.18
1421,ORD-2115,2025-08-21,2025-08-28,Standard Class,Liam Nguyen,Consumer,South,Charlotte,Office Supplies,Binders,Binders - Model 857,4,0.0,124.03,55.81
1422,ORD-2116,2024-11-15,2024-11-19,Second Class,Aisha Smith,Corporate,Central,Houston,Furniture,Furnishings,Furnishings - Model 429,3,0.0,860.64,189.34
1423,ORD-2117,2024-01-13,2024-01-18,Second Class,Wei Rossi,Corporate,East,New York,Office Supplies,Binders,Binders - Model 959,2,0.3,55.4,7.91
1424,ORD-2118,2024-12-25,2024-12-30,Second Class,Yuki Chen,Corporate,East,Boston,Office Supplies,Storage,Storage - Model 938,1,0.1,18.69,7.27
1425,ORD-2119,2025-07-19,2025-07-26,Standard Class,Omar Diaz,Consumer,South,Charlotte,Office Supplies,Storage,Storage - Model 158,1,0.0,19.57,8.81
1426,ORD-2119,2025-07-19,2025-07-26,Standard Class,Omar Diaz,Consumer,South,Charlotte,Office Supplies,Storage,Storage - Model 615,1,0.2,39.4,12.31
1427,ORD-2120,2024-06-21,2024-06-24,First Class,Omar Brown,Consumer,East,Newark,Technology,Machines,Machines - Model 152,2,0.1,739.59,180.79
1428,ORD-2121,2025-01-09,2025-01-13,Second Class,Noah Okafor,Corporate,West,San Francisco,Furniture,Furnishings,Furnishings - Model 455,1,0.3,132.0,-24.52
1429,ORD-2122,2025-11-18,2025-11-21,First Class,Noah Rossi,Home Office,East,Boston,Furniture,Bookcases,Bookcases - Model 638,1,0.1,251.8,33.57
1430,ORD-2123,2023-08-02,2023-08-08,Standard Class,Carlos Smith,Consumer,East,Philadelphia,Furniture,Bookcases,Bookcases - Model 356,1,0.15,234.14,19.28
1431,ORD-2124,2024-02-22,2024-02-25,First Class,Ethan Brown,Corporate,West,Seattle,Office Supplies,Binders,Binders - Model 512,2,0.4,34.13,0.0
1432,ORD-2124,2024-02-22,2024-02-25,First Class,Ethan Brown,Corporate,West,Seattle,Office Supplies,Binders,Binders - Model 728,1,0.2,39.16,12.24
1433,ORD-2125,2023-08-31,2023-09-06,Standard Class,Fatima Garcia,Consumer,West,Phoenix,Office Supplies,Labels,Labels - Model 775,1,0.1,43.46,16.9
1434,ORD-2125,2023-08-31,2023-09-06,Standard Class,Fatima Garcia,Consumer,West,Phoenix,Office Supplies,Labels,Labels - Model 695,1,0.1,18.56,7.22
1435,ORD-2125,2023-08-31,2023-09-06,Standard Class,Fatima Garcia,Consumer,West,Phoenix,Office Supplies,Labels,Labels - Model 801,2,0.1,93.68,36.43
1436,ORD-2126,2024-03-07,2024-03-12,Second Class,Sofia Chen,Consumer,West,Phoenix,Office Supplies,Art,Art - Model 587,2,0.15,46.46,16.4
1437,ORD-2127,2023-01-01,2023-01-07,Standard Class,Liam Novak,Consumer,Central,Houston,Office Supplies,Binders,Binders - Model 383,3,0.15,99.33,35.06
1438,ORD-2128,2025-03-16,2025-03-23,Standard Class,Fatima Kim,Home Office,South,Atlanta,Office Supplies,Art,Art - Model 112,2,0.2,69.06,21.58
1439,ORD-2129,2025-08-18,2025-08-24,Standard Class,Aisha Khan,Consumer,East,Newark,Office Supplies,Labels,Labels - Model 348,3,0.0,136.16,61.27
1440,ORD-2130,2023-08-05,2023-08-11,Standard Class,Liam Garcia,Consumer,South,Atlanta,Furniture,Tables,Tables - Model 116,1,0.0,361.71,79.57
1441,ORD-2131,2025-12-06,2025-12-12,Standard Class,Carlos Brown,Corporate,East,Philadelphia,Furniture,Furnishings,Furnishings - Model 822,5,0.2,1547.51,38.68
1442,ORD-2132,2023-11-16,2023-11-23,Standard Class,Ivy Rossi,Consumer,West,Phoenix,Office Supplies,Art,Art - Model 150,3,0.1,138.42,53.83
1443,ORD-2133,2025-09-12,2025-09-19,Standard Class,Ethan Silva,Home Office,East,Philadelphia,Furniture,Bookcases,Bookcases - Model 280,1,0.15,331.29,27.28
1444,ORD-2133,2025-09-12,2025-09-19,Standard Class,Ethan Silva,Home Office,East,Philadelphia,Furniture,Bookcases,Bookcases - Model 193,3,0.1,611.17,81.49
1445,ORD-2134,2023-11-12,2023-11-15,First Class,Liam Silva,Consumer,West,San Francisco,Office Supplies,Paper,Paper - Model 759,1,0.15,18.51,6.54
1446,ORD-2135,2023-10-28,2023-11-04,Standard Class,Yuki Diaz,Consumer,South,Nashville,Furniture,Tables,Tables - Model 476,3,0.15,578.95,47.68
1447,ORD-2136,2023-01-05,2023-01-12,Standard Class,Noah Okafor,Consumer,East,New York,Technology,Machines,Machines - Model 615,2,0.0,594.06,190.1
1448,ORD-2137,2025-12-18,2025-12-25,Standard Class,Ivy Okafor,Consumer,East,Boston,Furniture,Tables,Tables - Model 813,3,0.0,806.06,177.33
1449,ORD-2138,2024-03-14,2024-03-21,Standard Class,Priya Smith,Home Office,Central,Minneapolis,Office Supplies,Labels,Labels - Model 701,4,0.2,152.97,47.81
1450,ORD-2138,2024-03-14,2024-03-21,Standard Class,Priya Smith,Home Office,Central,Minneapolis,Office Supplies,Labels,Labels - Model 202,1,0.0,44.56,20.05
1451,ORD-2139,2025-08-16,2025-08-19,First Class,Omar Garcia,Consumer,West,Phoenix,Technology,Machines,Machines - Model 132,1,0.0,675.82,216.26
1452,ORD-2140,2025-09-11,2025-09-17,Standard Class,Noah Garcia,Corporate,East,Boston,Furniture,Bookcases,Bookcases - Model 522,2,0.0,650.14,143.03
1453,ORD-2141,2023-12-03,2023-12-10,Standard Class,Liam Diaz,Consumer,South,Nashville,Office Supplies,Binders,Binders - Model 611,2,0.2,34.71,10.84
1454,ORD-2142,2023-09-21,2023-09-27,Standard Class,James Rossi,Corporate,East,New York,Technology,Accessories,Accessories - Model 772,2,0.2,686.65,102.99
1455,ORD-2143,2023-07-02,2023-07-06,Second Class,Liam Khan,Corporate,West,Los Angeles,Office Supplies,Storage,Storage - Model 120,3,0.0,102.34,46.05
1456,ORD-2144,2024-12-27,2025-01-02,Standard Class,Priya Müller,Consumer,West,San Francisco,Technology,Copiers,Copiers - Model 653,3,0.0,1726.36,552.43
1457,ORD-2145,2024-03-27,2024-04-03,Standard Class,Fatima Rossi,Home Office,Central,Dallas,Office Supplies,Binders,Binders - Model 722,1,0.3,24.33,3.47
1458,ORD-2146,2025-05-01,2025-05-08,Standard Class,Carlos Diaz,Corporate,West,San Francisco,Technology,Phones,Phones - Model 148,4,0.0,1201.32,384.42
1459,ORD-2146,2025-05-01,2025-05-08,Standard Class,Carlos Diaz,Corporate,West,San Francisco,Technology,Phones,Phones - Model 592,1,0.0,402.77,128.89
1460,ORD-2147,2024-10-11,2024-10-18,Standard Class,Maria Garcia,Corporate,East,Boston,Office Supplies,Storage,Storage - Model 147,2,0.0,49.94,22.47
1461,ORD-2148,2023-12-06,2023-12-12,Standard Class,Omar Garcia,Corporate,East,Newark,Technology,Phones,Phones - Model 232,2,0.15,940.73,188.14
1462,ORD-2149,2023-11-29,2023-12-06,Standard Class,Maria Smith,Consumer,Central,Dallas,Technology,Copiers,Copiers - Model 258,2,0.0,692.84,221.71
1463,ORD-2150,2024-07-31,2024-08-04,Second Class,Omar Khan,Consumer,South,Nashville,Office Supplies,Storage,Storage - Model 648,1,0.15,19.5,6.88
1464,ORD-2151,2023-04-07,2023-04-13,Standard Class,Fatima Smith,Corporate,East,Boston,Office Supplies,Storage,Storage - Model 817,5,0.3,137.86,19.69
1465,ORD-2152,2024-06-23,2024-06-29,Standard Class,Wei Müller,Home Office,East,Philadelphia,Office Supplies,Binders,Binders - Model 465,3,0.0,85.27,38.37
1466,ORD-2153,2024-08-29,2024-09-03,Second Class,Omar Khan,Consumer,Central,Minneapolis,Office Supplies,Labels,Labels - Model 685,4,0.0,128.93,58.02
1467,ORD-2154,2023-03-03,2023-03-05,First Class,Omar Diaz,Corporate,Central,Dallas,Technology,Machines,Machines - Model 748,1,0.0,222.51,71.21
1468,ORD-2155,2025-06-10,2025-06-15,Second Class,Wei Müller,Consumer,Central,Houston,Furniture,Furnishings,Furnishings - Model 510,1,0.0,355.13,78.13
1469,ORD-2156,2025-01-30,2025-02-01,First Class,Maria Patel,Consumer,Central,Houston,Furniture,Bookcases,Bookcases - Model 817,2,0.1,426.77,56.9
1470,ORD-2157,2025-01-16,2025-01-23,Standard Class,Maria Nguyen,Corporate,Central,Dallas,Office Supplies,Art,Art - Model 870,1,0.1,22.47,8.74
1471,ORD-2158,2024-04-09,2024-04-16,Standard Class,Wei Kim,Consumer,East,Boston,Office Supplies,Storage,Storage - Model 558,3,0.3,118.02,16.86
1472,ORD-2159,2025-05-15,2025-05-21,Standard Class,Priya Novak,Consumer,West,Phoenix,Office Supplies,Binders,Binders - Model 781,2,0.1,82.67,32.15
1473,ORD-2160,2025-03-11,2025-03-16,Second Class,Yuki Müller,Home Office,Central,Dallas,Office Supplies,Art,Art - Model 928,2,0.0,99.9,44.96
1474,ORD-2161,2023-05-28,2023-06-03,Standard Class,James Okafor,Home Office,West,Los Angeles,Office Supplies,Storage,Storage - Model 287,1,0.1,47.06,18.3
1475,ORD-2162,2025-06-17,2025-06-21,Second Class,Fatima Novak,Corporate,Central,Chicago,Technology,Machines,Machines - Model 240,4,0.1,1170.86,286.21
1476,ORD-2162,2025-06-17,2025-06-21,Second Class,Fatima Novak,Corporate,Central,Chicago,Technology,Machines,Machines - Model 263,2,0.4,432.68,-93.75
1477,ORD-2162,2025-06-17,2025-06-21,Second Class,Fatima Novak,Corporate,Central,Chicago,Technology,Machines,Machines - Model 830,1,0.2,127.21,19.08
1478,ORD-2163,2023-11-02,2023-11-09,Standard Class,Maria Garcia,Consumer,Central,Minneapolis,Office Supplies,Art,Art - Model 298,1,0.2,34.57,10.81
1479,ORD-2164,2023-05-18,2023-05-21,First Class,Maria Müller,Home Office,West,Phoenix,Furniture,Furnishings,Furnishings - Model 244,4,0.15,738.45,60.82
1480,ORD-2165,2025-09-19,2025-09-24,Second Class,James Garcia,Home Office,East,New York,Office Supplies,Labels,Labels - Model 164,1,0.1,30.98,12.05
1481,ORD-2165,2025-09-19,2025-09-24,Second Class,James Garcia,Home Office,East,New York,Office Supplies,Labels,Labels - Model 977,1,0.4,12.15,0.0
1482,ORD-2166,2023-02-09,2023-02-13,Second Class,Ethan Chen,Consumer,South,Charlotte,Technology,Phones,Phones - Model 219,4,0.0,1017.14,325.49
1483,ORD-2167,2024-01-01,2024-01-08,Standard Class,Noah Smith,Home Office,Central,Houston,Office Supplies,Labels,Labels - Model 928,2,0.2,50.26,15.71
1484,ORD-2168,2025-05-24,2025-05-25,Same Day,Sofia Diaz,Corporate,East,New York,Office Supplies,Art,Art - Model 781,1,0.1,22.93,8.92
1485,ORD-2169,2023-04-01,2023-04-08,Standard Class,Fatima Nguyen,Corporate,West,Los Angeles,Office Supplies,Paper,Paper - Model 341,1,0.0,32.97,14.83
1486,ORD-2170,2025-02-13,2025-02-19,Standard Class,James Khan,Consumer,South,Charlotte,Office Supplies,Labels,Labels - Model 360,2,0.15,84.57,29.85
1487,ORD-2171,2024-12-02,2024-12-07,Second Class,Priya Rossi,Consumer,South,Atlanta,Furniture,Furnishings,Furnishings - Model 316,1,0.0,194.67,42.83
1488,ORD-2171,2024-12-02,2024-12-07,Second Class,Priya Rossi,Consumer,South,Atlanta,Furniture,Furnishings,Furnishings - Model 627,1,0.1,65.65,8.75
1489,ORD-2171,2024-12-02,2024-12-07,Second Class,Priya Rossi,Consumer,South,Atlanta,Furniture,Furnishings,Furnishings - Model 763,5,0.0,1271.32,279.69
1490,ORD-2172,2023-05-21,2023-05-25,Second Class,Noah Khan,Corporate,West,Los Angeles,Technology,Phones,Phones - Model 908,2,0.4,307.52,-66.63
1491,ORD-2173,2025-01-01,2025-01-08,Standard Class,Ethan Brown,Corporate,West,Los Angeles,Office Supplies,Art,Art - Model 395,3,0.1,75.49,29.36
1492,ORD-2173,2025-01-01,2025-01-08,Standard Class,Ethan Brown,Corporate,West,Los Angeles,Office Supplies,Art,Art - Model 476,3,0.15,79.96,28.22
1493,ORD-2173,2025-01-01,2025-01-08,Standard Class,Ethan Brown,Corporate,West,Los Angeles,Office Supplies,Art,Art - Model 665,2,0.1,74.5,28.97
1494,ORD-2174,2023-05-01,2023-05-04,First Class,Wei Garcia,Corporate,Central,Chicago,Furniture,Chairs,Chairs - Model 888,2,0.1,564.79,75.31
1495,ORD-2174,2023-05-01,2023-05-04,First Class,Wei Garcia,Corporate,Central,Chicago,Furniture,Chairs,Chairs - Model 148,1,0.3,194.81,-36.18
1496,ORD-2174,2023-05-01,2023-05-04,First Class,Wei Garcia,Corporate,Central,Chicago,Furniture,Chairs,Chairs - Model 395,1,0.4,209.62,-80.36
1497,ORD-2175,2024-06-22,2024-06-29,Standard Class,Liam Diaz,Consumer,East,Newark,Technology,Copiers,Copiers - Model 105,3,0.4,475.17,-102.95
1498,ORD-2176,2023-06-28,2023-07-04,Standard Class,Liam Kim,Home Office,Central,Dallas,Technology,Phones,Phones - Model 417,5,0.15,1410.37,282.07
1499,ORD-2177,2025-11-11,2025-11-18,Standard Class,Liam Kim,Consumer,South,Miami,Office Supplies,Labels,Labels - Model 893,1,0.3,28.17,4.03
1500,ORD-2178,2023-04-21,2023-04-26,Second Class,Carlos Müller,Corporate,West,Seattle,Technology,Phones,Phones - Model 261,2,0.0,421.2,134.79
1501,ORD-2179,2023-12-15,2023-12-17,First Class,Wei Kim,Consumer,East,Newark,Office Supplies,Paper,Paper - Model 484,1,0.1,33.13,12.88
1502,ORD-2179,2023-12-15,2023-12-17,First Class,Wei Kim,Consumer,East,Newark,Office Supplies,Paper,Paper - Model 436,1,0.2,32.72,10.23
1503,ORD-2179,2023-12-15,2023-12-17,First Class,Wei Kim,Consumer,East,Newark,Office Supplies,Paper,Paper - Model 294,4,0.0,128.51,57.83
1504,ORD-2180,2024-04-19,2024-04-24,Second Class,Ethan Silva,Home Office,Central,Houston,Office Supplies,Labels,Labels - Model 526,2,0.1,42.83,16.65
1505,ORD-2181,2023-09-26,2023-09-28,First Class,Omar Müller,Corporate,East,Philadelphia,Office Supplies,Storage,Storage - Model 324,3,0.0,105.35,47.41
1506,ORD-2182,2023-08-17,2023-08-23,Standard Class,Sofia Nguyen,Corporate,East,Boston,Furniture,Bookcases,Bookcases - Model 610,4,0.15,989.26,81.47
1507,ORD-2183,2023-06-21,2023-06-28,Standard Class,Liam Patel,Corporate,East,Newark,Technology,Machines,Machines - Model 299,2,0.0,1039.79,332.73
1508,ORD-2184,2023-11-22,2023-11-28,Standard Class,Ivy Müller,Consumer,Central,Chicago,Technology,Accessories,Accessories - Model 168,1,0.15,335.17,67.03
1509,ORD-2184,2023-11-22,2023-11-28,Standard Class,Ivy Müller,Consumer,Central,Chicago,Technology,Accessories,Accessories - Model 914,1,0.0,483.06,154.58
1510,ORD-2184,2023-11-22,2023-11-28,Standard Class,Ivy Müller,Consumer,Central,Chicago,Technology,Accessories,Accessories - Model 750,1,0.1,296.27,72.42
1511,ORD-2185,2025-11-05,2025-11-11,Standard Class,Ivy Patel,Consumer,West,Seattle,Technology,Machines,Machines - Model 942,1,0.0,347.8,111.3
1512,ORD-2186,2023-04-02,2023-04-03,Same Day,Carlos Silva,Corporate,South,Miami,Office Supplies,Art,Art - Model 416,1,0.1,20.79,8.09
1513,ORD-2187,2025-01-02,2025-01-06,Second Class,Sofia Khan,Home Office,Central,Houston,Office Supplies,Storage,Storage - Model 355,5,0.4,91.54,0.0
1514,ORD-2187,2025-01-02,2025-01-06,Second Class,Sofia Khan,Home Office,Central,Houston,Office Supplies,Storage,Storage - Model 820,2,0.1,107.41,41.77
1515,ORD-2187,2025-01-02,2025-01-06,Second Class,Sofia Khan,Home Office,Central,Houston,Office Supplies,Storage,Storage - Model 782,3,0.0,86.43,38.89
1516,ORD-2188,2023-11-28,2023-12-01,First Class,Noah Silva,Consumer,East,Boston,Furniture,Chairs,Chairs - Model 964,1,0.2,253.18,6.33
1517,ORD-2189,2025-06-15,2025-06-22,Standard Class,Carlos Garcia,Corporate,East,Newark,Office Supplies,Art,Art - Model 379,2,0.3,77.14,11.02
1518,ORD-2189,2025-06-15,2025-06-22,Standard Class,Carlos Garcia,Corporate,East,Newark,Office Supplies,Art,Art - Model 905,3,0.0,174.75,78.63
1519,ORD-2189,2025-06-15,2025-06-22,Standard Class,Carlos Garcia,Corporate,East,Newark,Office Supplies,Art,Art - Model 505,1,0.1,31.1,12.09
1520,ORD-2190,2024-02-10,2024-02-12,First Class,Sofia Chen,Consumer,East,New York,Furniture,Bookcases,Bookcases - Model 136,1,0.15,116.1,9.56
1521,ORD-2191,2025-12-04,2025-12-10,Standard Class,Noah Nguyen,Consumer,West,Los Angeles,Office Supplies,Binders,Binders - Model 400,3,0.1,160.38,62.37
1522,ORD-2192,2023-12-09,2023-12-13,Second Class,Maria Müller,Home Office,West,Seattle,Furniture,Furnishings,Furnishings - Model 129,1,0.0,296.51,65.23
1523,ORD-2192,2023-12-09,2023-12-13,Second Class,Maria Müller,Home Office,West,Seattle,Furniture,Furnishings,Furnishings - Model 631,5,0.15,942.27,77.6
1524,ORD-2192,2023-12-09,2023-12-13,Second Class,Maria Müller,Home Office,West,Seattle,Furniture,Furnishings,Furnishings - Model 525,1,0.1,309.17,41.22
1525,ORD-2193,2024-01-24,2024-01-28,Second Class,Ivy Brown,Home Office,Central,Minneapolis,Office Supplies,Labels,Labels - Model 130,1,0.0,23.75,10.69
1526,ORD-2194,2025-10-14,2025-10-14,Same Day,Sofia Müller,Corporate,East,Newark,Technology,Copiers,Copiers - Model 894,2,0.0,766.49,245.28
1527,ORD-2195,2024-10-28,2024-11-04,Standard Class,Wei Diaz,Corporate,Central,Dallas,Furniture,Furnishings,Furnishings - Model 960,2,0.0,571.24,125.67
1528,ORD-2196,2025-07-25,2025-08-01,Standard Class,Fatima Smith,Consumer,East,New York,Office Supplies,Storage,Storage - Model 165,2,0.1,63.16,24.56
1529,ORD-2197,2025-06-26,2025-06-28,First Class,Maria Smith,Consumer,South,Nashville,Office Supplies,Paper,Paper - Model 660,1,0.1,23.17,9.01
1530,ORD-2198,2025-03-20,2025-03-23,First Class,Wei Müller,Consumer,South,Nashville,Furniture,Tables,Tables - Model 130,2,0.15,262.51,21.62
1531,ORD-2198,2025-03-20,2025-03-23,First Class,Wei Müller,Consumer,South,Nashville,Furniture,Tables,Tables - Model 356,4,0.15,590.2,48.61
1532,ORD-2199,2024-06-09,2024-06-15,Standard Class,James Diaz,Corporate,West,Los Angeles,Technology,Copiers,Copiers - Model 248,1,0.4,177.23,-38.41
1533,ORD-2200,2025-05-05,2025-05-11,Standard Class,Maria Müller,Consumer,Central,Chicago,Office Supplies,Paper,Paper - Model 322,3,0.1,108.38,42.15
1534,ORD-2201,2023-11-24,2023-12-01,Standard Class,Ivy Okafor,Consumer,Central,Houston,Office Supplies,Art,Art - Model 824,3,0.15,89.62,31.63
1535,ORD-2202,2024-12-29,2025-01-03,Second Class,Wei Novak,Consumer,Central,Minneapolis,Office Supplies,Storage,Storage - Model 840,5,0.2,174.67,54.58
1536,ORD-2203,2023-09-23,2023-09-26,First Class,Maria Garcia,Home Office,East,Philadelphia,Furniture,Tables,Tables - Model 854,5,0.1,18.0,2.4
1537,ORD-2204,2025-08-22,2025-08-29,Standard Class,James Brown,Consumer,West,San Francisco,Office Supplies,Storage,Storage - Model 832,2,0.0,40.92,18.41
1538,ORD-2205,2023-02-08,2023-02-12,Second Class,Aisha Brown,Home Office,West,Los Angeles,Furniture,Furnishings,Furnishings - Model 997,1,0.3,94.92,-17.62
1539,ORD-2205,2023-02-08,2023-02-12,Second Class,Aisha Brown,Home Office,West,Los Angeles,Furniture,Furnishings,Furnishings - Model 351,1,0.2,150.24,3.76
1540,ORD-2206,2023-03-25,2023-03-31,Standard Class,Ivy Patel,Corporate,East,Newark,Furniture,Tables,Tables - Model 984,2,0.15,355.09,29.24
1541,ORD-2206,2023-03-25,2023-03-31,Standard Class,Ivy Patel,Corporate,East,Newark,Furniture,Tables,Tables - Model 391,2,0.1,287.68,38.36
1542,ORD-2207,2024-07-23,2024-07-29,Standard Class,James Novak,Consumer,South,Charlotte,Furniture,Tables,Tables - Model 484,1,0.0,364.32,80.15
1543,ORD-2207,2024-07-23,2024-07-29,Standard Class,James Novak,Consumer,South,Charlotte,Furniture,Tables,Tables - Model 732,1,0.2,278.53,6.96
1544,ORD-2207,2024-07-23,2024-07-29,Standard Class,James Novak,Consumer,South,Charlotte,Furniture,Tables,Tables - Model 929,2,0.1,422.32,56.31
1545,ORD-2208,2025-11-17,2025-11-21,Second Class,Fatima Khan,Home Office,South,Charlotte,Furniture,Tables,Tables - Model 996,1,0.0,374.36,82.36
1546,ORD-2209,2025-05-30,2025-06-03,Second Class,Sofia Diaz,Corporate,East,New York,Office Supplies,Binders,Binders - Model 230,2,0.3,47.64,6.81
1547,ORD-2210,2025-05-03,2025-05-09,Standard Class,Ethan Okafor,Consumer,South,Atlanta,Office Supplies,Art,Art - Model 707,2,0.0,67.88,30.55
1548,ORD-2211,2023-07-12,2023-07-18,Standard Class,Maria Khan,Home Office,Central,Dallas,Office Supplies,Art,Art - Model 589,2,0.3,30.13,4.31
1549,ORD-2212,2023-08-08,2023-08-10,First Class,Aisha Patel,Consumer,West,Phoenix,Office Supplies,Art,Art - Model 550,1,0.1,26.06,10.14
1550,ORD-2213,2023-05-25,2023-06-01,Standard Class,Noah Silva,Consumer,West,Los Angeles,Office Supplies,Labels,Labels - Model 111,2,0.0,15.79,7.11
1551,ORD-2213,2023-05-25,2023-06-01,Standard Class,Noah Silva,Consumer,West,Los Angeles,Office Supplies,Labels,Labels - Model 281,2,0.1,14.43,5.61
1552,ORD-2214,2025-07-13,2025-07-13,Same Day,Fatima Silva,Consumer,East,New York,Office Supplies,Labels,Labels - Model 590,1,0.2,31.99,10.0
1553,ORD-2215,2023-05-21,2023-05-28,Standard Class,Noah Brown,Consumer,Central,Dallas,Office Supplies,Art,Art - Model 546,2,0.3,49.97,7.14
1554,ORD-2216,2024-06-08,2024-06-14,Standard Class,Priya Diaz,Corporate,South,Charlotte,Office Supplies,Labels,Labels - Model 739,1,0.0,39.48,17.76
1555,ORD-2217,2023-01-24,2023-01-27,First Class,Noah Smith,Corporate,South,Miami,Office Supplies,Binders,Binders - Model 926,1,0.3,24.38,3.48
1556,ORD-2218,2023-09-05,2023-09-10,Second Class,Maria Patel,Consumer,West,Los Angeles,Office Supplies,Binders,Binders - Model 789,2,0.0,40.63,18.28
1557,ORD-2219,2023-08-18,2023-08-25,Standard Class,Yuki Müller,Consumer,West,Phoenix,Office Supplies,Storage,Storage - Model 998,5,0.0,244.98,110.24
1558,ORD-2220,2023-10-30,2023-11-04,Second Class,James Rossi,Consumer,East,New York,Technology,Accessories,Accessories - Model 843,1,0.2,249.19,37.38
1559,ORD-2221,2023-04-07,2023-04-14,Standard Class,Liam Kim,Home Office,East,Newark,Technology,Machines,Machines - Model 550,2,0.0,818.93,262.06
1560,ORD-2222,2024-04-17,2024-04-21,Second Class,Carlos Rossi,Home Office,West,Phoenix,Technology,Accessories,Accessories - Model 932,3,0.0,1179.87,377.56
1561,ORD-2223,2025-05-19,2025-05-26,Standard Class,Omar Novak,Consumer,Central,Houston,Furniture,Furnishings,Furnishings - Model 387,2,0.1,196.76,26.24
1562,ORD-2224,2023-10-01,2023-10-06,Second Class,Ivy Kim,Consumer,Central,Minneapolis,Furniture,Furnishings,Furnishings - Model 747,1,0.0,227.96,50.15
1563,ORD-2225,2023-03-24,2023-03-31,Standard Class,James Silva,Home Office,East,Newark,Office Supplies,Storage,Storage - Model 247,1,0.0,33.18,14.93
1564,ORD-2226,2025-06-27,2025-07-04,Standard Class,Sofia Kim,Home Office,West,Phoenix,Office Supplies,Paper,Paper - Model 381,2,0.0,91.86,41.34
1565,ORD-2227,2024-11-12,2024-11-12,Same Day,Sofia Novak,Consumer,South,Miami,Office Supplies,Art,Art - Model 331,1,0.0,34.3,15.43
1566,ORD-2228,2025-12-07,2025-12-12,Second Class,Priya Garcia,Consumer,East,New York,Furniture,Furnishings,Furnishings - Model 171,3,0.0,497.31,109.41
1567,ORD-2229,2025-09-20,2025-09-27,Standard Class,Fatima Müller,Consumer,East,New York,Technology,Accessories,Accessories - Model 878,5,0.0,2486.23,795.59
1568,ORD-2230,2023-12-09,2023-12-14,Second Class,Liam Silva,Home Office,South,Charlotte,Office Supplies,Art,Art - Model 988,1,0.0,36.05,16.22
1569,ORD-2231,2024-06-04,2024-06-11,Standard Class,Carlos Brown,Consumer,Central,Chicago,Furniture,Bookcases,Bookcases - Model 638,1,0.2,162.2,4.06
1570,ORD-2231,2024-06-04,2024-06-11,Standard Class,Carlos Brown,Consumer,Central,Chicago,Furniture,Bookcases,Bookcases - Model 430,1,0.15,166.79,13.73
1571,ORD-2231,2024-06-04,2024-06-11,Standard Class,Carlos Brown,Consumer,Central,Chicago,Furniture,Bookcases,Bookcases - Model 763,3,0.1,437.59,58.35
1572,ORD-2232,2025-08-21,2025-08-25,Second Class,Yuki Nguyen,Corporate,Central,Chicago,Office Supplies,Binders,Binders - Model 106,2,0.0,62.65,28.19
1573,ORD-2233,2023-12-23,2023-12-29,Standard Class,Wei Khan,Consumer,West,Los Angeles,Office Supplies,Paper,Paper - Model 792,1,0.0,47.79,21.51
1574,ORD-2233,2023-12-23,2023-12-29,Standard Class,Wei Khan,Consumer,West,Los Angeles,Office Supplies,Paper,Paper - Model 487,2,0.15,36.36,12.83
1575,ORD-2233,2023-12-23,2023-12-29,Standard Class,Wei Khan,Consumer,West,Los Angeles,Office Supplies,Paper,Paper - Model 935,1,0.15,26.1,9.21
1576,ORD-2234,2023-11-13,2023-11-14,Same Day,Noah Patel,Corporate,West,Seattle,Office Supplies,Labels,Labels - Model 178,1,0.1,37.33,14.52
1577,ORD-2235,2023-10-29,2023-10-29,Same Day,James Okafor,Consumer,West,Los Angeles,Furniture,Bookcases,Bookcases - Model 315,2,0.1,364.51,48.6
1578,ORD-2236,2025-11-11,2025-11-17,Standard Class,Yuki Chen,Home Office,West,Phoenix,Technology,Copiers,Copiers - Model 447,1,0.1,365.89,89.44
1579,ORD-2236,2025-11-11,2025-11-17,Standard Class,Yuki Chen,Home Office,West,Phoenix,Technology,Copiers,Copiers - Model 876,2,0.0,402.47,128.79
1580,ORD-2237,2023-03-09,2023-03-13,Second Class,James Novak,Corporate,Central,Chicago,Furniture,Bookcases,Bookcases - Model 814,1,0.0,183.31,40.33
1581,ORD-2237,2023-03-09,2023-03-13,Second Class,James Novak,Corporate,Central,Chicago,Furniture,Bookcases,Bookcases - Model 806,1,0.0,308.59,67.89
1582,ORD-2238,2023-04-21,2023-04-27,Standard Class,Yuki Nguyen,Corporate,West,Phoenix,Office Supplies,Binders,Binders - Model 247,2,0.0,44.24,19.91
1583,ORD-2239,2024-07-20,2024-07-26,Standard Class,Aisha Patel,Consumer,East,Philadelphia,Office Supplies,Binders,Binders - Model 682,3,0.0,116.0,52.2
1584,ORD-2240,2025-09-29,2025-10-02,First Class,Maria Patel,Corporate,South,Nashville,Office Supplies,Storage,Storage - Model 545,3,0.3,45.45,6.49
1585,ORD-2241,2025-12-29,2026-01-03,Second Class,Fatima Smith,Home Office,Central,Houston,Furniture,Bookcases,Bookcases - Model 463,4,0.1,444.0,59.2
1586,ORD-2242,2024-08-31,2024-09-06,Standard Class,Liam Novak,Corporate,West,Phoenix,Office Supplies,Paper,Paper - Model 327,4,0.2,125.25,39.14
1587,ORD-2243,2024-03-26,2024-04-02,Standard Class,Aisha Kim,Home Office,South,Nashville,Office Supplies,Storage,Storage - Model 453,5,0.3,137.33,19.62
1588,ORD-2244,2025-12-11,2025-12-17,Standard Class,Liam Novak,Consumer,South,Atlanta,Office Supplies,Art,Art - Model 134,1,0.0,43.97,19.78
1589,ORD-2245,2024-12-27,2025-01-03,Standard Class,Wei Novak,Corporate,East,New York,Office Supplies,Binders,Binders - Model 908,2,0.15,71.6,25.27
1590,ORD-2246,2024-09-18,2024-09-24,Standard Class,Liam Okafor,Consumer,West,Los Angeles,Office Supplies,Labels,Labels - Model 289,4,0.1,131.56,51.16
1591,ORD-2247,2023-02-23,2023-02-25,First Class,Maria Rossi,Corporate,South,Nashville,Technology,Machines,Machines - Model 684,4,0.15,1735.17,347.03
1592,ORD-2247,2023-02-23,2023-02-25,First Class,Maria Rossi,Corporate,South,Nashville,Technology,Machines,Machines - Model 423,5,0.15,1331.01,266.2
1593,ORD-2248,2025-09-21,2025-09-28,Standard Class,Noah Diaz,Corporate,Central,Houston,Office Supplies,Paper,Paper - Model 347,3,0.2,85.37,26.68
1594,ORD-2249,2024-07-10,2024-07-16,Standard Class,Omar Patel,Home Office,Central,Dallas,Office Supplies,Binders,Binders - Model 703,3,0.0,95.13,42.81
1595,ORD-2250,2023-10-06,2023-10-12,Standard Class,James Chen,Corporate,West,Los Angeles,Furniture,Chairs,Chairs - Model 661,1,0.15,191.97,15.81
1596,ORD-2251,2024-12-01,2024-12-08,Standard Class,Priya Smith,Consumer,West,Phoenix,Office Supplies,Binders,Binders - Model 290,4,0.15,110.76,39.09
1597,ORD-2252,2024-06-03,2024-06-08,Second Class,Noah Diaz,Consumer,East,New York,Furniture,Bookcases,Bookcases - Model 900,1,0.1,415.1,55.35
1598,ORD-2253,2023-01-14,2023-01-19,Second Class,Priya Smith,Consumer,South,Atlanta,Furniture,Tables,Tables - Model 223,3,0.4,454.43,-174.2
1599,ORD-2254,2025-10-20,2025-10-27,Standard Class,James Brown,Home Office,East,New York,Office Supplies,Binders,Binders - Model 278,2,0.15,56.89,20.08
1600,ORD-2255,2023-09-24,2023-09-30,Standard Class,Ivy Patel,Corporate,East,Newark,Office Supplies,Paper,Paper - Model 583,1,0.0,35.24,15.86
1601,ORD-2256,2024-10-04,2024-10-11,Standard Class,Ethan Nguyen,Home Office,West,Los Angeles,Office Supplies,Storage,Storage - Model 333,2,0.15,76.18,26.89
1602,ORD-2257,2024-12-05,2024-12-11,Standard Class,Ivy Nguyen,Home Office,Central,Chicago,Technology,Copiers,Copiers - Model 377,1,0.0,414.5,132.64
1603,ORD-2257,2024-12-05,2024-12-11,Standard Class,Ivy Nguyen,Home Office,Central,Chicago,Technology,Copiers,Copiers - Model 885,5,0.2,1130.5,169.57
1604,ORD-2258,2024-04-04,2024-04-11,Standard Class,Noah Diaz,Corporate,Central,Dallas,Technology,Phones,Phones - Model 174,4,0.1,981.69,239.97
1605,ORD-2259,2025-03-13,2025-03-20,Standard Class,Noah Brown,Corporate,East,New York,Technology,Accessories,Accessories - Model 902,1,0.0,700.21,224.06
1606,ORD-2260,2025-07-05,2025-07-12,Standard Class,Noah Brown,Corporate,Central,Chicago,Furniture,Tables,Tables - Model 822,3,0.0,481.94,106.02
1607,ORD-2261,2023-12-15,2023-12-20,Second Class,Maria Silva,Home Office,West,Phoenix,Office Supplies,Art,Art - Model 280,1,0.0,45.13,20.31
1608,ORD-2262,2023-03-31,2023-04-07,Standard Class,Wei Garcia,Consumer,South,Nashville,Office Supplies,Art,Art - Model 159,5,0.1,143.71,55.88
1609,ORD-2263,2025-06-29,2025-07-04,Second Class,Ivy Brown,Consumer,West,Phoenix,Office Supplies,Art,Art - Model 132,1,0.0,29.47,13.26
1610,ORD-2264,2023-01-14,2023-01-21,Standard Class,Yuki Nguyen,Corporate,Central,Minneapolis,Office Supplies,Storage,Storage - Model 156,3,0.3,36.28,5.18
1611,ORD-2265,2023-06-11,2023-06-15,Second Class,Ivy Smith,Consumer,West,Phoenix,Furniture,Tables,Tables - Model 727,4,0.0,473.0,104.06
1612,ORD-2265,2023-06-11,2023-06-15,Second Class,Ivy Smith,Consumer,West,Phoenix,Furniture,Tables,Tables - Model 794,2,0.0,427.85,94.12
1613,ORD-2265,2023-06-11,2023-06-15,Second Class,Ivy Smith,Consumer,West,Phoenix,Furniture,Tables,Tables - Model 723,2,0.0,373.56,82.18
1614,ORD-2266,2025-06-25,2025-07-02,Standard Class,James Okafor,Corporate,South,Nashville,Office Supplies,Binders,Binders - Model 891,1,0.0,39.2,17.64
1615,ORD-2267,2023-07-06,2023-07-12,Standard Class,Sofia Rossi,Corporate,West,Seattle,Furniture,Furnishings,Furnishings - Model 810,3,0.0,629.46,138.48
1616,ORD-2267,2023-07-06,2023-07-12,Standard Class,Sofia Rossi,Corporate,West,Seattle,Furniture,Furnishings,Furnishings - Model 578,4,0.2,674.79,16.87
1617,ORD-2268,2023-05-20,2023-05-24,Second Class,Wei Brown,Home Office,East,New York,Furniture,Bookcases,Bookcases - Model 555,1,0.1,373.93,49.86
1618,ORD-2268,2023-05-20,2023-05-24,Second Class,Wei Brown,Home Office,East,New York,Furniture,Bookcases,Bookcases - Model 873,1,0.15,290.42,23.92
1619,ORD-2269,2025-07-30,2025-08-06,Standard Class,Maria Brown,Consumer,South,Charlotte,Office Supplies,Labels,Labels - Model 573,3,0.0,67.36,30.31
1620,ORD-2270,2024-07-26,2024-08-02,Standard Class,Liam Novak,Corporate,Central,Minneapolis,Office Supplies,Binders,Binders - Model 802,1,0.3,10.09,1.44
1621,ORD-2271,2023-12-28,2024-01-04,Standard Class,Ivy Patel,Consumer,East,New York,Technology,Copiers,Copiers - Model 192,2,0.0,557.08,178.27
1622,ORD-2272,2025-08-22,2025-08-25,First Class,Omar Novak,Corporate,South,Atlanta,Office Supplies,Storage,Storage - Model 745,1,0.0,48.64,21.89
1623,ORD-2272,2025-08-22,2025-08-25,First Class,Omar Novak,Corporate,South,Atlanta,Office Supplies,Storage,Storage - Model 208,1,0.1,46.7,18.16
1624,ORD-2272,2025-08-22,2025-08-25,First Class,Omar Novak,Corporate,South,Atlanta,Office Supplies,Storage,Storage - Model 384,5,0.1,86.43,33.61
1625,ORD-2273,2024-05-15,2024-05-20,Second Class,Aisha Garcia,Consumer,East,Philadelphia,Office Supplies,Storage,Storage - Model 628,1,0.15,42.52,15.01
1626,ORD-2274,2024-06-30,2024-07-07,Standard Class,Priya Nguyen,Consumer,South,Miami,Office Supplies,Art,Art - Model 147,3,0.0,118.0,53.1
1627,ORD-2274,2024-06-30,2024-07-07,Standard Class,Priya Nguyen,Consumer,South,Miami,Office Supplies,Art,Art - Model 853,2,0.1,92.86,36.11
1628,ORD-2275,2023-12-24,2023-12-30,Standard Class,Yuki Chen,Consumer,Central,Chicago,Office Supplies,Art,Art - Model 241,1,0.0,24.21,10.89
1629,ORD-2275,2023-12-24,2023-12-30,Standard Class,Yuki Chen,Consumer,Central,Chicago,Office Supplies,Art,Art - Model 298,4,0.0,158.15,71.17
1630,ORD-2276,2024-12-17,2024-12-24,Standard Class,Fatima Khan,Consumer,South,Miami,Technology,Copiers,Copiers - Model 754,2,0.3,397.04,-17.02
1631,ORD-2277,2024-08-10,2024-08-16,Standard Class,Aisha Patel,Consumer,East,Newark,Technology,Accessories,Accessories - Model 807,1,0.15,474.51,94.9
1632,ORD-2278,2023-11-11,2023-11-17,Standard Class,Ivy Smith,Consumer,South,Miami,Technology,Accessories,Accessories - Model 859,1,0.15,322.38,64.47
1633,ORD-2279,2023-04-24,2023-05-01,Standard Class,Liam Smith,Corporate,East,New York,Office Supplies,Storage,Storage - Model 265,1,0.0,46.38,20.87
1634,ORD-2279,2023-04-24,2023-05-01,Standard Class,Liam Smith,Corporate,East,New York,Office Supplies,Storage,Storage - Model 421,2,0.2,84.08,26.28
1635,ORD-2280,2023-01-07,2023-01-12,Second Class,Ivy Garcia,Consumer,South,Miami,Office Supplies,Binders,Binders - Model 266,1,0.0,23.71,10.67
1636,ORD-2281,2025-05-30,2025-06-06,Standard Class,Priya Chen,Corporate,East,Newark,Office Supplies,Storage,Storage - Model 625,1,0.1,33.22,12.92
1637,ORD-2282,2025-11-02,2025-11-09,Standard Class,Priya Kim,Home Office,East,New York,Technology,Copiers,Copiers - Model 105,2,0.15,931.98,186.4
1638,ORD-2282,2025-11-02,2025-11-09,Standard Class,Priya Kim,Home Office,East,New York,Technology,Copiers,Copiers - Model 722,2,0.1,225.96,55.23
1639,ORD-2283,2023-04-07,2023-04-09,First Class,Noah Novak,Consumer,East,Boston,Furniture,Tables,Tables - Model 179,2,0.1,469.53,62.6
1640,ORD-2284,2025-11-21,2025-11-23,First Class,Wei Khan,Corporate,Central,Minneapolis,Furniture,Chairs,Chairs - Model 204,4,0.15,789.4,65.01
1641,ORD-2284,2025-11-21,2025-11-23,First Class,Wei Khan,Corporate,Central,Minneapolis,Furniture,Chairs,Chairs - Model 291,5,0.0,1171.36,257.7
1642,ORD-2285,2025-02-21,2025-02-28,Standard Class,Maria Rossi,Consumer,Central,Chicago,Furniture,Tables,Tables - Model 214,1,0.2,153.19,3.83
1643,ORD-2286,2023-11-20,2023-11-27,Standard Class,Liam Rossi,Consumer,West,Seattle,Office Supplies,Binders,Binders - Model 494,2,0.1,59.8,23.26
1644,ORD-2287,2023-06-09,2023-06-16,Standard Class,James Brown,Consumer,Central,Dallas,Office Supplies,Art,Art - Model 998,2,0.2,64.28,20.09
1645,ORD-2288,2024-07-07,2024-07-14,Standard Class,Omar Smith,Corporate,South,Atlanta,Technology,Phones,Phones - Model 292,1,0.1,267.07,65.29
1646,ORD-2289,2025-08-09,2025-08-13,Second Class,Wei Chen,Corporate,South,Nashville,Office Supplies,Art,Art - Model 850,4,0.2,161.38,50.43
1647,ORD-2289,2025-08-09,2025-08-13,Second Class,Wei Chen,Corporate,South,Nashville,Office Supplies,Art,Art - Model 235,3,0.15,99.39,35.08
1648,ORD-2290,2024-10-21,2024-10-28,Standard Class,Wei Garcia,Corporate,Central,Minneapolis,Technology,Machines,Machines - Model 103,1,0.2,221.39,33.2
1649,ORD-2290,2024-10-21,2024-10-28,Standard Class,Wei Garcia,Corporate,Central,Minneapolis,Technology,Machines,Machines - Model 127,2,0.0,761.59,243.71
1650,ORD-2291,2023-11-12,2023-11-19,Standard Class,Yuki Smith,Corporate,West,Seattle,Office Supplies,Storage,Storage - Model 959,2,0.0,94.96,42.73
1651,ORD-2292,2023-05-04,2023-05-10,Standard Class,Fatima Smith,Consumer,Central,Chicago,Furniture,Tables,Tables - Model 899,2,0.0,528.28,116.22
1652,ORD-2292,2023-05-04,2023-05-10,Standard Class,Fatima Smith,Consumer,Central,Chicago,Furniture,Tables,Tables - Model 696,1,0.0,214.47,47.18
1653,ORD-2293,2023-12-29,2023-12-31,First Class,Maria Garcia,Consumer,West,San Francisco,Technology,Copiers,Copiers - Model 149,3,0.2,1470.82,220.62
1654,ORD-2294,2024-12-09,2024-12-15,Standard Class,Wei Chen,Consumer,West,Seattle,Furniture,Tables,Tables - Model 841,1,0.3,119.47,-22.18
1655,ORD-2294,2024-12-09,2024-12-15,Standard Class,Wei Chen,Consumer,West,Seattle,Furniture,Tables,Tables - Model 761,2,0.0,261.2,57.46
1656,ORD-2294,2024-12-09,2024-12-15,Standard Class,Wei Chen,Consumer,West,Seattle,Furniture,Tables,Tables - Model 477,1,0.3,185.44,-34.44
1657,ORD-2295,2025-09-12,2025-09-19,Standard Class,Maria Smith,Consumer,East,Newark,Office Supplies,Labels,Labels - Model 815,2,0.15,111.64,39.4
1658,ORD-2296,2025-03-25,2025-04-01,Standard Class,Ivy Silva,Consumer,Central,Houston,Furniture,Chairs,Chairs - Model 645,2,0.0,546.7,120.27
1659,ORD-2296,2025-03-25,2025-04-01,Standard Class,Ivy Silva,Consumer,Central,Houston,Furniture,Chairs,Chairs - Model 966,3,0.15,498.42,41.05
1660,ORD-2297,2023-09-16,2023-09-22,Standard Class,Noah Novak,Corporate,West,Phoenix,Office Supplies,Storage,Storage - Model 655,1,0.1,22.83,8.88
1661,ORD-2298,2023-10-10,2023-10-15,Second Class,Omar Patel,Corporate,Central,Chicago,Office Supplies,Binders,Binders - Model 550,1,0.1,51.11,19.87
1662,ORD-2299,2023-01-09,2023-01-12,First Class,Sofia Diaz,Corporate,West,San Francisco,Office Supplies,Art,Art - Model 879,4,0.0,117.64,52.94
1663,ORD-2300,2023-07-30,2023-08-05,Standard Class,Carlos Müller,Corporate,East,Newark,Office Supplies,Storage,Storage - Model 662,1,0.0,18.87,8.49
1664,ORD-2301,2024-01-17,2024-01-24,Standard Class,James Chen,Corporate,East,New York,Furniture,Tables,Tables - Model 449,1,0.0,437.72,96.3
1665,ORD-2302,2023-01-03,2023-01-05,First Class,Fatima Kim,Corporate,South,Charlotte,Office Supplies,Art,Art - Model 324,2,0.1,66.76,25.96
1666,ORD-2303,2023-05-15,2023-05-19,Second Class,Ethan Nguyen,Corporate,South,Charlotte,Furniture,Furnishings,Furnishings - Model 872,1,0.4,118.18,-45.3
1667,ORD-2304,2024-03-18,2024-03-25,Standard Class,Aisha Müller,Consumer,South,Nashville,Office Supplies,Storage,Storage - Model 232,1,0.1,40.34,15.69
1668,ORD-2305,2025-04-01,2025-04-08,Standard Class,Carlos Müller,Consumer,South,Nashville,Office Supplies,Paper,Paper - Model 564,1,0.0,27.77,12.5
1669,ORD-2306,2023-05-19,2023-05-25,Standard Class,Maria Müller,Corporate,Central,Dallas,Office Supplies,Binders,Binders - Model 699,4,0.0,183.47,82.56
1670,ORD-2306,2023-05-19,2023-05-25,Standard Class,Maria Müller,Corporate,Central,Dallas,Office Supplies,Binders,Binders - Model 649,1,0.2,7.75,2.42
1671,ORD-2307,2023-04-01,2023-04-04,First Class,Ethan Nguyen,Corporate,East,Newark,Technology,Machines,Machines - Model 676,5,0.15,1987.41,397.48
1672,ORD-2308,2023-08-03,2023-08-03,Same Day,Sofia Khan,Home Office,South,Charlotte,Office Supplies,Storage,Storage - Model 898,2,0.0,85.95,38.68
1673,ORD-2309,2024-04-18,2024-04-23,Second Class,Maria Rossi,Consumer,East,Boston,Office Supplies,Labels,Labels - Model 632,1,0.0,37.33,16.8
1674,ORD-2310,2024-07-12,2024-07-16,Second Class,Omar Brown,Consumer,West,Los Angeles,Office Supplies,Binders,Binders - Model 501,2,0.1,50.71,19.72
1675,ORD-2311,2024-03-07,2024-03-12,Second Class,Maria Rossi,Corporate,West,San Francisco,Office Supplies,Storage,Storage - Model 557,2,0.2,50.88,15.9
1676,ORD-2311,2024-03-07,2024-03-12,Second Class,Maria Rossi,Corporate,West,San Francisco,Office Supplies,Storage,Storage - Model 607,2,0.0,43.54,19.59
1677,ORD-2312,2025-03-16,2025-03-22,Standard Class,Ethan Diaz,Corporate,East,Newark,Technology,Accessories,Accessories - Model 121,3,0.1,1251.36,305.89
1678,ORD-2313,2024-01-10,2024-01-12,First Class,James Okafor,Corporate,South,Miami,Technology,Phones,Phones - Model 826,2,0.4,312.05,-67.61
1679,ORD-2314,2024-07-13,2024-07-18,Second Class,Wei Kim,Consumer,West,Los Angeles,Office Supplies,Art,Art - Model 731,1,0.0,39.67,17.85
1680,ORD-2315,2024-08-22,2024-08-23,Same Day,Fatima Müller,Consumer,Central,Minneapolis,Furniture,Tables,Tables - Model 245,4,0.4,664.5,-254.72
1681,ORD-2316,2025-12-10,2025-12-16,Standard Class,Ethan Rossi,Consumer,East,Philadelphia,Office Supplies,Labels,Labels - Model 385,3,0.1,107.79,41.92
1682,ORD-2317,2024-03-16,2024-03-22,Standard Class,Maria Müller,Consumer,South,Atlanta,Technology,Accessories,Accessories - Model 427,1,0.1,132.76,32.45
1683,ORD-2317,2024-03-16,2024-03-22,Standard Class,Maria Müller,Consumer,South,Atlanta,Technology,Accessories,Accessories - Model 627,4,0.0,1662.78,532.09
1684,ORD-2318,2023-05-29,2023-06-05,Standard Class,Omar Müller,Corporate,Central,Minneapolis,Technology,Machines,Machines - Model 480,3,0.0,1879.35,601.39
1685,ORD-2319,2023-09-16,2023-09-23,Standard Class,Carlos Garcia,Consumer,West,San Francisco,Office Supplies,Labels,Labels - Model 748,1,0.0,11.04,4.97
1686,ORD-2319,2023-09-16,2023-09-23,Standard Class,Carlos Garcia,Consumer,West,San Francisco,Office Supplies,Labels,Labels - Model 264,1,0.2,21.42,6.7
1687,ORD-2319,2023-09-16,2023-09-23,Standard Class,Carlos Garcia,Consumer,West,San Francisco,Office Supplies,Labels,Labels - Model 823,1,0.0,23.15,10.42
1688,ORD-2320,2025-01-20,2025-01-22,First Class,Ethan Brown,Corporate,West,Phoenix,Office Supplies,Paper,Paper - Model 843,1,0.4,5.96,-0.01
1689,ORD-2321,2023-07-10,2023-07-15,Second Class,Fatima Novak,Consumer,South,Charlotte,Office Supplies,Art,Art - Model 849,1,0.0,57.32,25.79
1690,ORD-2322,2024-02-09,2024-02-15,Standard Class,Liam Nguyen,Home Office,South,Atlanta,Office Supplies,Storage,Storage - Model 495,2,0.0,61.1,27.5
1691,ORD-2323,2023-12-14,2023-12-19,Second Class,Yuki Garcia,Consumer,South,Nashville,Office Supplies,Paper,Paper - Model 489,1,0.15,41.34,14.59
1692,ORD-2324,2024-02-03,2024-02-10,Standard Class,Carlos Rossi,Corporate,Central,Minneapolis,Office Supplies,Art,Art - Model 303,3,0.1,101.8,39.59
1693,ORD-2325,2025-02-15,2025-02-22,Standard Class,Fatima Smith,Corporate,South,Nashville,Furniture,Tables,Tables - Model 682,4,0.3,636.7,-118.25
1694,ORD-2326,2024-01-07,2024-01-14,Standard Class,Wei Diaz,Home Office,East,New York,Furniture,Bookcases,Bookcases - Model 533,2,0.0,428.81,94.34
1695,ORD-2327,2025-01-13,2025-01-15,First Class,Maria Brown,Home Office,Central,Houston,Furniture,Tables,Tables - Model 546,1,0.0,197.79,43.51
1696,ORD-2328,2023-06-13,2023-06-20,Standard Class,Fatima Okafor,Consumer,West,San Francisco,Technology,Copiers,Copiers - Model 105,3,0.3,934.63,-40.06
1697,ORD-2329,2025-04-05,2025-04-05,Same Day,Liam Chen,Consumer,West,Los Angeles,Office Supplies,Storage,Storage - Model 633,4,0.3,154.51,22.07
1698,ORD-2330,2024-06-27,2024-07-03,Standard Class,Fatima Smith,Corporate,South,Atlanta,Office Supplies,Binders,Binders - Model 465,1,0.1,46.96,18.26
1699,ORD-2331,2023-05-06,2023-05-11,Second Class,Wei Brown,Consumer,Central,Chicago,Furniture,Chairs,Chairs - Model 751,2,0.0,723.07,159.07
1700,ORD-2331,2023-05-06,2023-05-11,Second Class,Wei Brown,Consumer,Central,Chicago,Furniture,Chairs,Chairs - Model 990,5,0.15,1031.09,84.92
1701,ORD-2332,2023-04-08,2023-04-08,Same Day,Carlos Diaz,Home Office,East,Boston,Technology,Accessories,Accessories - Model 647,1,0.3,332.43,-14.26
1702,ORD-2333,2023-12-31,2024-01-07,Standard Class,Sofia Nguyen,Corporate,East,Newark,Technology,Accessories,Accessories - Model 431,2,0.4,533.5,-115.59
1703,ORD-2333,2023-12-31,2024-01-07,Standard Class,Sofia Nguyen,Corporate,East,Newark,Technology,Accessories,Accessories - Model 886,5,0.1,2690.29,657.63
1704,ORD-2334,2025-02-27,2025-03-05,Standard Class,Ethan Garcia,Home Office,Central,Houston,Furniture,Chairs,Chairs - Model 249,1,0.0,288.25,63.42
1705,ORD-2335,2024-11-29,2024-12-01,First Class,Yuki Müller,Corporate,West,Seattle,Technology,Copiers,Copiers - Model 423,4,0.0,1741.47,557.27
1706,ORD-2335,2024-11-29,2024-12-01,First Class,Yuki Müller,Corporate,West,Seattle,Technology,Copiers,Copiers - Model 316,1,0.15,533.36,106.67
1707,ORD-2336,2025-08-03,2025-08-10,Standard Class,Ivy Nguyen,Home Office,East,Newark,Office Supplies,Paper,Paper - Model 684,3,0.0,97.89,44.05
1708,ORD-2337,2024-09-25,2024-10-02,Standard Class,Carlos Patel,Consumer,East,Philadelphia,Office Supplies,Labels,Labels - Model 687,1,0.1,40.26,15.65
1709,ORD-2337,2024-09-25,2024-10-02,Standard Class,Carlos Patel,Consumer,East,Philadelphia,Office Supplies,Labels,Labels - Model 664,2,0.0,17.14,7.72
1710,ORD-2338,2025-10-11,2025-10-13,First Class,Noah Khan,Corporate,East,Boston,Office Supplies,Paper,Paper - Model 559,5,0.0,187.44,84.35
1711,ORD-2338,2025-10-11,2025-10-13,First Class,Noah Khan,Corporate,East,Boston,Office Supplies,Paper,Paper - Model 851,1,0.0,12.9,5.81
1712,ORD-2339,2025-06-17,2025-06-20,First Class,Liam Silva,Corporate,West,Los Angeles,Furniture,Furnishings,Furnishings - Model 563,3,0.3,536.99,-99.73
1713,ORD-2339,2025-06-17,2025-06-20,First Class,Liam Silva,Corporate,West,Los Angeles,Furniture,Furnishings,Furnishings - Model 235,1,0.1,96.12,12.81
1714,ORD-2340,2025-06-04,2025-06-11,Standard Class,Priya Okafor,Home Office,East,Newark,Office Supplies,Art,Art - Model 963,1,0.0,41.36,18.61
1715,ORD-2341,2023-12-16,2023-12-23,Standard Class,Liam Garcia,Corporate,South,Nashville,Office Supplies,Binders,Binders - Model 244,1,0.1,31.45,12.23
1716,ORD-2342,2025-05-06,2025-05-13,Standard Class,Sofia Kim,Consumer,Central,Houston,Furniture,Furnishings,Furnishings - Model 685,2,0.2,536.3,13.41
1717,ORD-2343,2025-12-29,2026-01-04,Standard Class,Omar Müller,Consumer,Central,Dallas,Office Supplies,Binders,Binders - Model 776,2,0.0,25.64,11.54
1718,ORD-2344,2024-07-04,2024-07-10,Standard Class,Noah Rossi,Corporate,West,Phoenix,Office Supplies,Binders,Binders - Model 107,5,0.0,231.88,104.35
1719,ORD-2345,2023-11-29,2023-12-05,Standard Class,Sofia Diaz,Home Office,Central,Minneapolis,Furniture,Bookcases,Bookcases - Model 810,3,0.2,449.17,11.23
1720,ORD-2346,2023-12-06,2023-12-13,Standard Class,Carlos Khan,Consumer,Central,Chicago,Office Supplies,Paper,Paper - Model 765,5,0.0,273.54,123.09
1721,ORD-2347,2025-12-18,2025-12-25,Standard Class,Aisha Smith,Corporate,South,Nashville,Technology,Phones,Phones - Model 761,4,0.0,2190.22,700.87
1722,ORD-2348,2024-04-23,2024-04-29,Standard Class,Aisha Silva,Home Office,South,Nashville,Office Supplies,Paper,Paper - Model 562,2,0.0,81.93,36.87
1723,ORD-2349,2025-10-23,2025-10-29,Standard Class,Ethan Chen,Consumer,West,San Francisco,Furniture,Chairs,Chairs - Model 847,3,0.0,416.41,91.61
1724,ORD-2349,2025-10-23,2025-10-29,Standard Class,Ethan Chen,Consumer,West,San Francisco,Furniture,Chairs,Chairs - Model 377,1,0.0,284.74,62.64
1725,ORD-2350,2025-07-03,2025-07-09,Standard Class,Sofia Nguyen,Consumer,East,Philadelphia,Office Supplies,Paper,Paper - Model 899,1,0.0,46.23,20.8
1726,ORD-2350,2025-07-03,2025-07-09,Standard Class,Sofia Nguyen,Consumer,East,Philadelphia,Office Supplies,Paper,Paper - Model 751,2,0.15,96.34,34.0
1727,ORD-2351,2024-05-21,2024-05-28,Standard Class,Aisha Smith,Consumer,East,New York,Office Supplies,Storage,Storage - Model 802,2,0.15,65.02,22.95
1728,ORD-2352,2024-12-07,2024-12-14,Standard Class,Noah Garcia,Consumer,West,San Francisco,Office Supplies,Paper,Paper - Model 736,3,0.1,89.36,34.75
1729,ORD-2353,2025-10-10,2025-10-17,Standard Class,Liam Nguyen,Consumer,East,New York,Technology,Phones,Phones - Model 373,1,0.15,281.95,56.39
1730,ORD-2354,2025-01-27,2025-02-02,Standard Class,Aisha Smith,Consumer,West,Seattle,Office Supplies,Binders,Binders - Model 247,5,0.0,123.7,55.66
1731,ORD-2355,2024-03-17,2024-03-23,Standard Class,Noah Chen,Corporate,East,Boston,Office Supplies,Storage,Storage - Model 826,4,0.0,100.22,45.1
1732,ORD-2356,2025-05-01,2025-05-07,Standard Class,Wei Garcia,Home Office,South,Nashville,Office Supplies,Storage,Storage - Model 415,5,0.3,180.64,25.81
1733,ORD-2356,2025-05-01,2025-05-07,Standard Class,Wei Garcia,Home Office,South,Nashville,Office Supplies,Storage,Storage - Model 185,1,0.2,26.33,8.23
1734,ORD-2357,2024-12-04,2024-12-10,Standard Class,Maria Patel,Corporate,West,Seattle,Office Supplies,Art,Art - Model 255,1,0.0,12.69,5.71
1735,ORD-2358,2024-10-17,2024-10-23,Standard Class,Maria Silva,Home Office,Central,Dallas,Office Supplies,Labels,Labels - Model 105,3,0.0,84.44,38.0
1736,ORD-2358,2024-10-17,2024-10-23,Standard Class,Maria Silva,Home Office,Central,Dallas,Office Supplies,Labels,Labels - Model 328,2,0.0,23.6,10.62
1737,ORD-2359,2024-09-01,2024-09-07,Standard Class,Noah Patel,Consumer,East,Newark,Technology,Accessories,Accessories - Model 333,2,0.2,934.74,140.21
1738,ORD-2360,2024-02-16,2024-02-20,Second Class,Liam Chen,Corporate,South,Atlanta,Office Supplies,Art,Art - Model 139,1,0.0,56.78,25.55
1739,ORD-2361,2023-07-07,2023-07-14,Standard Class,Wei Silva,Consumer,West,Los Angeles,Furniture,Chairs,Chairs - Model 481,2,0.0,773.29,170.12
1740,ORD-2362,2024-10-12,2024-10-19,Standard Class,Ethan Müller,Consumer,South,Miami,Office Supplies,Storage,Storage - Model 703,2,0.0,92.08,41.43
1741,ORD-2363,2024-08-14,2024-08-16,First Class,James Okafor,Consumer,South,Charlotte,Office Supplies,Storage,Storage - Model 646,5,0.0,160.99,72.44
1742,ORD-2364,2025-05-30,2025-06-05,Standard Class,Carlos Chen,Consumer,East,Boston,Technology,Accessories,Accessories - Model 529,2,0.15,658.85,131.77
1743,ORD-2365,2024-01-16,2024-01-22,Standard Class,Priya Okafor,Corporate,South,Atlanta,Office Supplies,Binders,Binders - Model 658,3,0.1,172.5,67.09
1744,ORD-2366,2025-12-14,2025-12-20,Standard Class,Priya Rossi,Corporate,Central,Dallas,Technology,Phones,Phones - Model 192,2,0.0,621.17,198.78
1745,ORD-2366,2025-12-14,2025-12-20,Standard Class,Priya Rossi,Corporate,Central,Dallas,Technology,Phones,Phones - Model 648,1,0.3,249.62,-10.7
1746,ORD-2367,2025-10-23,2025-10-30,Standard Class,Yuki Garcia,Corporate,Central,Chicago,Office Supplies,Labels,Labels - Model 871,4,0.0,65.57,29.51
1747,ORD-2368,2023-06-30,2023-07-07,Standard Class,Sofia Chen,Consumer,Central,Houston,Office Supplies,Labels,Labels - Model 161,1,0.3,14.38,2.05
1748,ORD-2369,2024-11-26,2024-11-29,First Class,Fatima Brown,Home Office,Central,Dallas,Office Supplies,Storage,Storage - Model 344,2,0.15,72.08,25.44
1749,ORD-2370,2023-05-03,2023-05-09,Standard Class,Sofia Khan,Consumer,Central,Minneapolis,Office Supplies,Paper,Paper - Model 768,2,0.0,74.16,33.37
1750,ORD-2370,2023-05-03,2023-05-09,Standard Class,Sofia Khan,Consumer,Central,Minneapolis,Office Supplies,Paper,Paper - Model 940,3,0.0,135.12,60.8
1751,ORD-2371,2024-07-16,2024-07-23,Standard Class,Yuki Kim,Corporate,West,Seattle,Technology,Accessories,Accessories - Model 571,1,0.0,519.4,166.21
1752,ORD-2372,2025-09-07,2025-09-10,First Class,Omar Khan,Consumer,West,Los Angeles,Office Supplies,Paper,Paper - Model 917,3,0.15,135.16,47.7
1753,ORD-2373,2025-12-09,2025-12-16,Standard Class,Liam Okafor,Corporate,Central,Minneapolis,Technology,Machines,Machines - Model 129,3,0.15,1014.37,202.87
1754,ORD-2374,2025-11-24,2025-12-01,Standard Class,Aisha Kim,Home Office,West,Seattle,Furniture,Chairs,Chairs - Model 590,1,0.1,227.1,30.28
1755,ORD-2375,2023-04-03,2023-04-09,Standard Class,James Silva,Corporate,West,Phoenix,Office Supplies,Labels,Labels - Model 746,2,0.2,92.27,28.84
1756,ORD-2376,2023-01-17,2023-01-20,First Class,Sofia Kim,Corporate,Central,Dallas,Office Supplies,Art,Art - Model 640,3,0.2,53.88,16.83
1757,ORD-2377,2024-11-17,2024-11-23,Standard Class,Sofia Rossi,Corporate,South,Charlotte,Office Supplies,Binders,Binders - Model 105,2,0.0,110.44,49.7
1758,ORD-2378,2023-12-21,2023-12-26,Second Class,Wei Khan,Consumer,West,Seattle,Office Supplies,Art,Art - Model 460,1,0.3,26.4,3.77
1759,ORD-2379,2024-01-02,2024-01-06,Second Class,Yuki Diaz,Consumer,East,Newark,Office Supplies,Storage,Storage - Model 155,1,0.0,21.56,9.7
1760,ORD-2380,2023-12-30,2024-01-05,Standard Class,Maria Silva,Consumer,West,Los Angeles,Office Supplies,Storage,Storage - Model 314,4,0.0,96.97,43.64
1761,ORD-2381,2023-10-21,2023-10-25,Second Class,James Diaz,Home Office,Central,Houston,Office Supplies,Labels,Labels - Model 799,4,0.1,110.92,43.14
1762,ORD-2382,2023-12-23,2023-12-30,Standard Class,James Silva,Consumer,Central,Dallas,Technology,Phones,Phones - Model 113,1,0.0,374.68,119.9
1763,ORD-2383,2025-08-31,2025-09-02,First Class,Ethan Novak,Corporate,South,Atlanta,Furniture,Bookcases,Bookcases - Model 150,3,0.2,468.84,11.72
1764,ORD-2383,2025-08-31,2025-09-02,First Class,Ethan Novak,Corporate,South,Atlanta,Furniture,Bookcases,Bookcases - Model 623,1,0.0,181.34,39.9
1765,ORD-2384,2025-04-30,2025-05-05,Second Class,Priya Garcia,Consumer,West,San Francisco,Furniture,Furnishings,Furnishings - Model 252,3,0.2,676.97,16.93
1766,ORD-2385,2024-10-29,2024-11-04,Standard Class,Yuki Garcia,Consumer,Central,Chicago,Office Supplies,Storage,Storage - Model 698,1,0.2,28.09,8.78
1767,ORD-2386,2023-11-04,2023-11-07,First Class,Priya Garcia,Consumer,East,Philadelphia,Technology,Machines,Machines - Model 875,1,0.2,329.0,49.35
1768,ORD-2387,2024-12-02,2024-12-07,Second Class,Ethan Khan,Home Office,East,New York,Office Supplies,Labels,Labels - Model 174,1,0.0,35.4,15.93
1769,ORD-2388,2024-12-01,2024-12-07,Standard Class,Wei Chen,Corporate,Central,Dallas,Office Supplies,Binders,Binders - Model 906,2,0.15,49.96,17.63
1770,ORD-2389,2025-10-31,2025-11-07,Standard Class,Liam Nguyen,Consumer,West,Los Angeles,Technology,Machines,Machines - Model 818,1,0.1,443.61,108.44
1771,ORD-2390,2024-10-14,2024-10-20,Standard Class,Sofia Kim,Home Office,East,Boston,Technology,Accessories,Accessories - Model 841,3,0.15,1707.95,341.59
1772,ORD-2390,2024-10-14,2024-10-20,Standard Class,Sofia Kim,Home Office,East,Boston,Technology,Accessories,Accessories - Model 143,2,0.15,370.9,74.18
1773,ORD-2391,2025-09-09,2025-09-12,First Class,Carlos Chen,Consumer,South,Nashville,Office Supplies,Binders,Binders - Model 721,3,0.0,136.63,61.48
1774,ORD-2392,2024-05-03,2024-05-05,First Class,Priya Müller,Consumer,West,Seattle,Office Supplies,Labels,Labels - Model 402,1,0.0,27.47,12.36
1775,ORD-2392,2024-05-03,2024-05-05,First Class,Priya Müller,Consumer,West,Seattle,Office Supplies,Labels,Labels - Model 532,2,0.0,63.57,28.61
1776,ORD-2393,2023-10-12,2023-10-19,Standard Class,Omar Garcia,Consumer,East,Boston,Office Supplies,Storage,Storage - Model 573,2,0.2,53.85,16.83
1777,ORD-2394,2024-06-02,2024-06-08,Standard Class,Liam Khan,Corporate,South,Charlotte,Furniture,Tables,Tables - Model 670,1,0.1,201.01,26.8
1778,ORD-2395,2025-11-12,2025-11-19,Standard Class,Sofia Kim,Corporate,West,Seattle,Furniture,Chairs,Chairs - Model 981,4,0.1,1385.05,184.67
1779,ORD-2395,2025-11-12,2025-11-19,Standard Class,Sofia Kim,Corporate,West,Seattle,Furniture,Chairs,Chairs - Model 870,1,0.4,198.94,-76.27
1780,ORD-2396,2023-07-17,2023-07-20,First Class,Priya Chen,Consumer,West,Los Angeles,Furniture,Furnishings,Furnishings - Model 419,3,0.0,794.74,174.85
1781,ORD-2397,2025-04-26,2025-05-01,Second Class,Aisha Okafor,Home Office,Central,Minneapolis,Office Supplies,Storage,Storage - Model 740,1,0.1,7.45,2.9
1782,ORD-2397,2025-04-26,2025-05-01,Second Class,Aisha Okafor,Home Office,Central,Minneapolis,Office Supplies,Storage,Storage - Model 819,2,0.2,60.75,18.99
1783,ORD-2398,2023-03-30,2023-04-06,Standard Class,Noah Smith,Consumer,South,Charlotte,Office Supplies,Art,Art - Model 169,3,0.1,73.72,28.67
1784,ORD-2398,2023-03-30,2023-04-06,Standard Class,Noah Smith,Consumer,South,Charlotte,Office Supplies,Art,Art - Model 276,1,0.1,14.59,5.67
1785,ORD-2399,2024-01-03,2024-01-07,Second Class,Ethan Silva,Consumer,South,Miami,Office Supplies,Storage,Storage - Model 221,4,0.3,128.5,18.36
1786,ORD-2400,2023-04-20,2023-04-26,Standard Class,Ivy Okafor,Corporate,Central,Houston,Office Supplies,Art,Art - Model 600,3,0.15,33.58,11.85
1787,ORD-2400,2023-04-20,2023-04-26,Standard Class,Ivy Okafor,Corporate,Central,Houston,Office Supplies,Art,Art - Model 343,4,0.2,101.9,31.84
1788,ORD-2400,2023-04-20,2023-04-26,Standard Class,Ivy Okafor,Corporate,Central,Houston,Office Supplies,Art,Art - Model 800,1,0.15,29.49,10.41
1789,ORD-2401,2023-02-09,2023-02-15,Standard Class,Omar Chen,Corporate,West,Los Angeles,Furniture,Bookcases,Bookcases - Model 769,1,0.1,273.13,36.41
1790,ORD-2402,2024-07-01,2024-07-05,Second Class,Wei Nguyen,Consumer,West,Phoenix,Office Supplies,Paper,Paper - Model 620,3,0.0,71.31,32.09
1791,ORD-2403,2024-12-28,2025-01-04,Standard Class,Noah Silva,Consumer,East,Newark,Technology,Machines,Machines - Model 872,3,0.0,924.11,295.71
1792,ORD-2403,2024-12-28,2025-01-04,Standard Class,Noah Silva,Consumer,East,Newark,Technology,Machines,Machines - Model 360,1,0.2,481.6,72.24
1793,ORD-2403,2024-12-28,2025-01-04,Standard Class,Noah Silva,Consumer,East,Newark,Technology,Machines,Machines - Model 241,1,0.0,291.24,93.2
1794,ORD-2404,2024-07-31,2024-08-07,Standard Class,Ivy Smith,Corporate,South,Atlanta,Furniture,Chairs,Chairs - Model 427,2,0.3,355.23,-65.96
1795,ORD-2405,2023-04-01,2023-04-07,Standard Class,Ivy Patel,Corporate,East,Philadelphia,Office Supplies,Storage,Storage - Model 429,2,0.15,83.04,29.31
1796,ORD-2405,2023-04-01,2023-04-07,Standard Class,Ivy Patel,Corporate,East,Philadelphia,Office Supplies,Storage,Storage - Model 426,2,0.0,76.09,34.24
1797,ORD-2406,2025-08-07,2025-08-07,Same Day,Fatima Nguyen,Consumer,West,Phoenix,Office Supplies,Binders,Binders - Model 451,1,0.1,18.54,7.21
1798,ORD-2406,2025-08-07,2025-08-07,Same Day,Fatima Nguyen,Consumer,West,Phoenix,Office Supplies,Binders,Binders - Model 420,4,0.0,110.33,49.65
1799,ORD-2407,2025-10-09,2025-10-13,Second Class,Maria Garcia,Consumer,South,Atlanta,Office Supplies,Paper,Paper - Model 407,3,0.0,76.88,34.59
1800,ORD-2408,2025-06-04,2025-06-11,Standard Class,Noah Kim,Consumer,South,Miami,Furniture,Chairs,Chairs - Model 801,1,0.2,120.0,3.0
1801,ORD-2409,2024-01-15,2024-01-21,Standard Class,Carlos Khan,Corporate,East,New York,Furniture,Tables,Tables - Model 493,1,0.1,208.91,27.86
1802,ORD-2410,2024-08-01,2024-08-04,First Class,Aisha Khan,Consumer,West,Phoenix,Office Supplies,Storage,Storage - Model 689,5,0.3,129.8,18.54
1803,ORD-2411,2025-07-16,2025-07-20,Second Class,Maria Nguyen,Corporate,Central,Minneapolis,Office Supplies,Storage,Storage - Model 691,2,0.1,74.41,28.94
1804,ORD-2412,2023-07-27,2023-08-01,Second Class,Sofia Okafor,Consumer,West,Los Angeles,Technology,Phones,Phones - Model 517,3,0.1,1055.73,258.07
1805,ORD-2413,2025-08-29,2025-09-04,Standard Class,Priya Khan,Corporate,Central,Minneapolis,Office Supplies,Art,Art - Model 487,2,0.0,41.17,18.53
1806,ORD-2413,2025-08-29,2025-09-04,Standard Class,Priya Khan,Corporate,Central,Minneapolis,Office Supplies,Art,Art - Model 191,1,0.15,23.68,8.36
1807,ORD-2414,2023-05-19,2023-05-21,First Class,Liam Khan,Consumer,West,Seattle,Office Supplies,Binders,Binders - Model 530,2,0.15,56.04,19.78
1808,ORD-2415,2023-01-01,2023-01-07,Standard Class,Carlos Nguyen,Consumer,West,Seattle,Office Supplies,Storage,Storage - Model 829,1,0.15,41.86,14.78
1809,ORD-2416,2025-08-01,2025-08-04,First Class,Ethan Diaz,Home Office,East,Newark,Furniture,Chairs,Chairs - Model 776,1,0.0,345.9,76.1
1810,ORD-2417,2024-09-28,2024-10-02,Second Class,Aisha Diaz,Consumer,East,New York,Office Supplies,Paper,Paper - Model 589,3,0.1,135.91,52.85
1811,ORD-2418,2023-03-02,2023-03-09,Standard Class,Liam Garcia,Consumer,West,Los Angeles,Office Supplies,Storage,Storage - Model 145,2,0.0,19.49,8.77
1812,ORD-2419,2023-05-11,2023-05-13,First Class,Fatima Nguyen,Consumer,East,Boston,Office Supplies,Paper,Paper - Model 536,2,0.0,48.55,21.85
1813,ORD-2420,2023-10-17,2023-10-24,Standard Class,Priya Khan,Home Office,Central,Chicago,Furniture,Chairs,Chairs - Model 622,1,0.0,245.97,54.12
1814,ORD-2420,2023-10-17,2023-10-24,Standard Class,Priya Khan,Home Office,Central,Chicago,Furniture,Chairs,Chairs - Model 726,3,0.15,678.13,55.85
1815,ORD-2421,2024-03-13,2024-03-18,Second Class,Liam Patel,Home Office,West,Phoenix,Office Supplies,Storage,Storage - Model 985,1,0.15,35.3,12.46
1816,ORD-2422,2025-01-29,2025-02-05,Standard Class,Omar Silva,Consumer,West,Los Angeles,Office Supplies,Labels,Labels - Model 987,3,0.0,132.5,59.62
1817,ORD-2422,2025-01-29,2025-02-05,Standard Class,Omar Silva,Consumer,West,Los Angeles,Office Supplies,Labels,Labels - Model 907,2,0.15,33.94,11.98
1818,ORD-2423,2023-11-06,2023-11-11,Second Class,Aisha Diaz,Consumer,West,Los Angeles,Technology,Machines,Machines - Model 556,1,0.0,477.81,152.9
1819,ORD-2424,2025-10-15,2025-10-20,Second Class,Carlos Rossi,Corporate,South,Atlanta,Office Supplies,Binders,Binders - Model 352,2,0.2,70.74,22.11
1820,ORD-2425,2025-05-09,2025-05-12,First Class,Ivy Silva,Home Office,Central,Minneapolis,Technology,Phones,Phones - Model 530,3,0.0,1873.63,599.56
1821,ORD-2426,2024-10-29,2024-11-05,Standard Class,Yuki Brown,Consumer,West,Seattle,Furniture,Furnishings,Furnishings - Model 178,5,0.15,1169.9,96.35
1822,ORD-2426,2024-10-29,2024-11-05,Standard Class,Yuki Brown,Consumer,West,Seattle,Furniture,Furnishings,Furnishings - Model 316,2,0.1,680.62,90.75
1823,ORD-2427,2025-02-08,2025-02-15,Standard Class,Maria Brown,Consumer,South,Atlanta,Office Supplies,Art,Art - Model 652,1,0.15,22.89,8.08
1824,ORD-2428,2025-11-21,2025-11-26,Second Class,Omar Garcia,Consumer,Central,Chicago,Office Supplies,Art,Art - Model 355,3,0.1,74.77,29.08
1825,ORD-2428,2025-11-21,2025-11-26,Second Class,Omar Garcia,Consumer,Central,Chicago,Office Supplies,Art,Art - Model 205,2,0.15,61.32,21.64
1826,ORD-2429,2023-01-17,2023-01-23,Standard Class,Wei Müller,Consumer,East,Philadelphia,Furniture,Chairs,Chairs - Model 571,4,0.0,898.26,197.62
1827,ORD-2430,2024-07-14,2024-07-19,Second Class,Noah Khan,Home Office,West,San Francisco,Technology,Copiers,Copiers - Model 493,1,0.0,345.47,110.55
1828,ORD-2431,2023-12-13,2023-12-20,Standard Class,Wei Okafor,Consumer,Central,Chicago,Office Supplies,Paper,Paper - Model 105,2,0.15,47.57,16.79
1829,ORD-2432,2023-11-14,2023-11-16,First Class,Ivy Garcia,Consumer,Central,Dallas,Furniture,Chairs,Chairs - Model 133,1,0.0,55.85,12.28
1830,ORD-2432,2023-11-14,2023-11-16,First Class,Ivy Garcia,Consumer,Central,Dallas,Furniture,Chairs,Chairs - Model 264,1,0.1,199.89,26.65
1831,ORD-2433,2025-10-05,2025-10-12,Standard Class,Ivy Müller,Corporate,East,New York,Furniture,Bookcases,Bookcases - Model 838,2,0.0,473.33,104.13
1832,ORD-2434,2025-04-15,2025-04-20,Second Class,Omar Chen,Consumer,Central,Dallas,Office Supplies,Paper,Paper - Model 240,1,0.3,35.48,5.07
1833,ORD-2435,2023-01-01,2023-01-01,Same Day,Liam Patel,Corporate,Central,Minneapolis,Office Supplies,Binders,Binders - Model 805,4,0.2,124.15,38.8
1834,ORD-2436,2025-03-20,2025-03-26,Standard Class,Liam Patel,Consumer,South,Charlotte,Technology,Phones,Phones - Model 148,1,0.0,551.82,176.58
1835,ORD-2436,2025-03-20,2025-03-26,Standard Class,Liam Patel,Consumer,South,Charlotte,Technology,Phones,Phones - Model 113,1,0.4,340.64,-73.81
1836,ORD-2437,2023-01-11,2023-01-18,Standard Class,Yuki Garcia,Home Office,South,Atlanta,Technology,Phones,Phones - Model 648,4,0.0,951.77,304.56
1837,ORD-2438,2023-11-15,2023-11-20,Second Class,James Novak,Consumer,East,Philadelphia,Office Supplies,Paper,Paper - Model 953,3,0.0,113.91,51.26
1838,ORD-2438,2023-11-15,2023-11-20,Second Class,James Novak,Consumer,East,Philadelphia,Office Supplies,Paper,Paper - Model 866,3,0.0,121.3,54.58
1839,ORD-2438,2023-11-15,2023-11-20,Second Class,James Novak,Consumer,East,Philadelphia,Office Supplies,Paper,Paper - Model 715,2,0.1,59.2,23.02
1840,ORD-2439,2023-11-29,2023-12-05,Standard Class,Yuki Nguyen,Consumer,East,Boston,Office Supplies,Storage,Storage - Model 732,4,0.0,171.75,77.29
1841,ORD-2440,2024-12-18,2024-12-24,Standard Class,Maria Rossi,Home Office,Central,Chicago,Furniture,Chairs,Chairs - Model 663,1,0.0,174.43,38.37
1842,ORD-2440,2024-12-18,2024-12-24,Standard Class,Maria Rossi,Home Office,Central,Chicago,Furniture,Chairs,Chairs - Model 135,1,0.15,210.42,17.32
1843,ORD-2441,2024-06-05,2024-06-11,Standard Class,Ethan Garcia,Corporate,South,Miami,Technology,Machines,Machines - Model 956,3,0.1,984.59,240.68
1844,ORD-2442,2024-02-21,2024-02-24,First Class,Aisha Okafor,Home Office,Central,Dallas,Office Supplies,Paper,Paper - Model 677,1,0.0,53.8,24.21
1845,ORD-2443,2025-09-16,2025-09-22,Standard Class,Wei Silva,Corporate,West,Los Angeles,Office Supplies,Binders,Binders - Model 651,3,0.0,55.74,25.08
1846,ORD-2443,2025-09-16,2025-09-22,Standard Class,Wei Silva,Corporate,West,Los Angeles,Office Supplies,Binders,Binders - Model 755,2,0.2,38.29,11.96
1847,ORD-2443,2025-09-16,2025-09-22,Standard Class,Wei Silva,Corporate,West,Los Angeles,Office Supplies,Binders,Binders - Model 172,4,0.15,114.95,40.57
1848,ORD-2444,2023-11-26,2023-11-28,First Class,Wei Diaz,Consumer,West,San Francisco,Technology,Accessories,Accessories - Model 318,1,0.0,286.24,91.59
1849,ORD-2444,2023-11-26,2023-11-28,First Class,Wei Diaz,Consumer,West,San Francisco,Technology,Accessories,Accessories - Model 693,2,0.0,910.3,291.3
1850,ORD-2444,2023-11-26,2023-11-28,First Class,Wei Diaz,Consumer,West,San Francisco,Technology,Accessories,Accessories - Model 306,2,0.1,1183.49,289.3
1851,ORD-2445,2023-01-16,2023-01-20,Second Class,Omar Rossi,Home Office,South,Atlanta,Office Supplies,Labels,Labels - Model 504,2,0.0,81.93,36.87
1852,ORD-2445,2023-01-16,2023-01-20,Second Class,Omar Rossi,Home Office,South,Atlanta,Office Supplies,Labels,Labels - Model 914,3,0.0,134.4,60.48
1853,ORD-2446,2023-12-04,2023-12-10,Standard Class,Aisha Silva,Home Office,South,Charlotte,Technology,Phones,Phones - Model 165,4,0.1,2598.28,635.14
1854,ORD-2447,2025-06-29,2025-07-06,Standard Class,Ivy Diaz,Consumer,South,Charlotte,Office Supplies,Binders,Binders - Model 695,1,0.0,18.69,8.41
1855,ORD-2447,2025-06-29,2025-07-06,Standard Class,Ivy Diaz,Consumer,South,Charlotte,Office Supplies,Binders,Binders - Model 239,2,0.0,59.23,26.65
1856,ORD-2448,2024-08-17,2024-08-24,Standard Class,James Okafor,Corporate,South,Nashville,Office Supplies,Storage,Storage - Model 259,1,0.2,26.28,8.22
1857,ORD-2449,2023-05-28,2023-06-03,Standard Class,Maria Kim,Corporate,South,Atlanta,Office Supplies,Art,Art - Model 740,2,0.1,62.86,24.45
1858,ORD-2450,2024-09-13,2024-09-17,Second Class,Yuki Garcia,Consumer,East,New York,Furniture,Tables,Tables - Model 309,3,0.0,705.15,155.13
1859,ORD-2451,2023-11-08,2023-11-14,Standard Class,Noah Silva,Consumer,East,Boston,Technology,Machines,Machines - Model 899,4,0.4,729.03,-157.96
1860,ORD-2452,2024-10-13,2024-10-17,Second Class,Priya Kim,Consumer,Central,Chicago,Furniture,Tables,Tables - Model 464,1,0.1,189.21,25.23
1861,ORD-2453,2024-10-07,2024-10-13,Standard Class,Ivy Chen,Consumer,Central,Dallas,Office Supplies,Labels,Labels - Model 611,4,0.1,151.83,59.05
1862,ORD-2454,2023-09-30,2023-10-07,Standard Class,Wei Silva,Home Office,West,Seattle,Office Supplies,Art,Art - Model 161,4,0.0,213.22,95.95
1863,ORD-2455,2024-12-15,2024-12-17,First Class,Carlos Diaz,Consumer,East,Boston,Office Supplies,Binders,Binders - Model 949,1,0.15,35.95,12.69
1864,ORD-2455,2024-12-15,2024-12-17,First Class,Carlos Diaz,Consumer,East,Boston,Office Supplies,Binders,Binders - Model 671,3,0.0,36.75,16.54
1865,ORD-2456,2024-06-18,2024-06-22,Second Class,Liam Okafor,Consumer,Central,Minneapolis,Office Supplies,Art,Art - Model 387,1,0.15,38.73,13.67
1866,ORD-2456,2024-06-18,2024-06-22,Second Class,Liam Okafor,Consumer,Central,Minneapolis,Office Supplies,Art,Art - Model 836,4,0.0,210.26,94.62
1867,ORD-2456,2024-06-18,2024-06-22,Second Class,Liam Okafor,Consumer,Central,Minneapolis,Office Supplies,Art,Art - Model 153,1,0.0,24.51,11.03
1868,ORD-2457,2023-09-23,2023-09-30,Standard Class,Fatima Novak,Consumer,Central,Chicago,Office Supplies,Labels,Labels - Model 103,2,0.3,40.96,5.84
1869,ORD-2458,2024-12-20,2024-12-26,Standard Class,Ivy Rossi,Home Office,East,Boston,Office Supplies,Paper,Paper - Model 702,4,0.0,176.08,79.23
1870,ORD-2459,2025-03-11,2025-03-18,Standard Class,Noah Nguyen,Consumer,West,San Francisco,Office Supplies,Art,Art - Model 250,2,0.0,99.6,44.82
1871,ORD-2460,2023-06-27,2023-07-04,Standard Class,Aisha Rossi,Consumer,West,Phoenix,Office Supplies,Labels,Labels - Model 219,4,0.15,112.54,39.72
1872,ORD-2461,2023-12-11,2023-12-18,Standard Class,Wei Kim,Consumer,West,Seattle,Office Supplies,Storage,Storage - Model 830,2,0.0,32.79,14.75
1873,ORD-2462,2024-03-05,2024-03-09,Second Class,Fatima Garcia,Home Office,South,Nashville,Office Supplies,Paper,Paper - Model 106,1,0.0,51.33,23.1
1874,ORD-2463,2024-12-14,2024-12-15,Same Day,Sofia Khan,Consumer,West,San Francisco,Office Supplies,Labels,Labels - Model 417,2,0.15,19.38,6.84
1875,ORD-2464,2023-12-15,2023-12-20,Second Class,Liam Khan,Consumer,Central,Chicago,Technology,Machines,Machines - Model 666,5,0.0,1942.64,621.65
1876,ORD-2465,2023-11-20,2023-11-22,First Class,Maria Nguyen,Consumer,Central,Chicago,Office Supplies,Binders,Binders - Model 517,1,0.15,41.18,14.54
1877,ORD-2466,2023-08-19,2023-08-23,Second Class,Maria Müller,Corporate,East,Boston,Office Supplies,Paper,Paper - Model 792,4,0.0,194.06,87.33
1878,ORD-2467,2024-02-28,2024-03-06,Standard Class,Priya Patel,Consumer,West,Phoenix,Furniture,Chairs,Chairs - Model 869,1,0.0,237.11,52.17
1879,ORD-2468,2023-11-28,2023-12-05,Standard Class,Maria Rossi,Corporate,East,Boston,Office Supplies,Art,Art - Model 336,1,0.3,36.2,5.17
1880,ORD-2469,2025-07-07,2025-07-14,Standard Class,Priya Okafor,Home Office,West,Seattle,Technology,Phones,Phones - Model 990,1,0.1,547.09,133.73
1881,ORD-2470,2023-09-18,2023-09-22,Second Class,Carlos Müller,Consumer,Central,Minneapolis,Office Supplies,Art,Art - Model 238,2,0.0,129.39,58.23
1882,ORD-2471,2025-11-25,2025-11-30,Second Class,Carlos Garcia,Consumer,East,Philadelphia,Technology,Copiers,Copiers - Model 948,1,0.2,232.67,34.9
1883,ORD-2471,2025-11-25,2025-11-30,Second Class,Carlos Garcia,Consumer,East,Philadelphia,Technology,Copiers,Copiers - Model 394,2,0.4,423.89,-91.84
1884,ORD-2472,2023-07-24,2023-07-27,First Class,Ivy Rossi,Corporate,Central,Dallas,Office Supplies,Paper,Paper - Model 823,2,0.1,80.02,31.12
1885,ORD-2473,2025-03-24,2025-03-24,Same Day,Yuki Müller,Corporate,East,Newark,Office Supplies,Labels,Labels - Model 672,3,0.15,86.26,30.44
1886,ORD-2473,2025-03-24,2025-03-24,Same Day,Yuki Müller,Corporate,East,Newark,Office Supplies,Labels,Labels - Model 671,1,0.2,47.6,14.88
1887,ORD-2474,2024-11-20,2024-11-24,Second Class,Liam Müller,Home Office,Central,Minneapolis,Furniture,Tables,Tables - Model 826,5,0.2,958.52,23.96
1888,ORD-2475,2023-12-09,2023-12-15,Standard Class,Omar Brown,Corporate,West,San Francisco,Office Supplies,Art,Art - Model 341,5,0.1,267.69,104.1
1889,ORD-2476,2025-04-13,2025-04-19,Standard Class,Priya Nguyen,Consumer,East,Boston,Office Supplies,Storage,Storage - Model 661,1,0.1,24.61,9.57
1890,ORD-2477,2023-05-30,2023-06-06,Standard Class,Aisha Patel,Consumer,Central,Dallas,Technology,Accessories,Accessories - Model 982,5,0.1,1925.53,470.69
1891,ORD-2478,2024-05-30,2024-06-05,Standard Class,Maria Khan,Corporate,Central,Chicago,Technology,Phones,Phones - Model 726,1,0.3,231.29,-9.92
1892,ORD-2479,2025-06-19,2025-06-26,Standard Class,Ivy Chen,Corporate,East,Philadelphia,Office Supplies,Paper,Paper - Model 219,2,0.0,11.51,5.18
1893,ORD-2479,2025-06-19,2025-06-26,Standard Class,Ivy Chen,Corporate,East,Philadelphia,Office Supplies,Paper,Paper - Model 220,5,0.0,251.89,113.35
1894,ORD-2479,2025-06-19,2025-06-26,Standard Class,Ivy Chen,Corporate,East,Philadelphia,Office Supplies,Paper,Paper - Model 444,1,0.0,45.09,20.29
1895,ORD-2480,2025-12-27,2026-01-03,Standard Class,Ethan Novak,Corporate,West,Los Angeles,Office Supplies,Art,Art - Model 151,3,0.1,98.09,38.15
1896,ORD-2481,2023-04-24,2023-05-01,Standard Class,Maria Khan,Home Office,East,New York,Furniture,Bookcases,Bookcases - Model 766,1,0.1,317.81,42.38
1897,ORD-2481,2023-04-24,2023-05-01,Standard Class,Maria Khan,Home Office,East,New York,Furniture,Bookcases,Bookcases - Model 700,2,0.0,470.61,103.53
1898,ORD-2481,2023-04-24,2023-05-01,Standard Class,Maria Khan,Home Office,East,New York,Furniture,Bookcases,Bookcases - Model 301,3,0.3,368.28,-68.4
1899,ORD-2482,2025-04-09,2025-04-15,Standard Class,James Garcia,Corporate,Central,Minneapolis,Office Supplies,Labels,Labels - Model 259,2,0.1,45.83,17.82
1900,ORD-2483,2024-05-19,2024-05-26,Standard Class,Omar Novak,Corporate,West,Los Angeles,Technology,Phones,Phones - Model 135,3,0.15,944.68,188.94
1901,ORD-2483,2024-05-19,2024-05-26,Standard Class,Omar Novak,Corporate,West,Los Angeles,Technology,Phones,Phones - Model 226,5,0.0,740.01,236.8
1902,ORD-2484,2023-01-29,2023-02-04,Standard Class,Liam Khan,Corporate,West,Seattle,Furniture,Furnishings,Furnishings - Model 301,1,0.1,315.05,42.01
1903,ORD-2485,2023-01-24,2023-01-30,Standard Class,Aisha Smith,Corporate,West,San Francisco,Technology,Accessories,Accessories - Model 868,4,0.0,1413.94,452.46
1904,ORD-2486,2023-12-09,2023-12-13,Second Class,Fatima Okafor,Consumer,Central,Dallas,Office Supplies,Paper,Paper - Model 886,2,0.0,13.35,6.01
1905,ORD-2487,2024-01-29,2024-02-04,Standard Class,Maria Patel,Home Office,South,Miami,Furniture,Furnishings,Furnishings - Model 425,1,0.0,108.75,23.92
1906,ORD-2488,2025-10-30,2025-11-04,Second Class,Carlos Garcia,Consumer,East,Newark,Furniture,Furnishings,Furnishings - Model 568,2,0.4,323.5,-124.01
1907,ORD-2488,2025-10-30,2025-11-04,Second Class,Carlos Garcia,Consumer,East,Newark,Furniture,Furnishings,Furnishings - Model 838,1,0.0,310.12,68.23
1908,ORD-2489,2025-01-23,2025-01-29,Standard Class,Carlos Smith,Consumer,Central,Houston,Office Supplies,Storage,Storage - Model 956,1,0.0,60.18,27.08
1909,ORD-2489,2025-01-23,2025-01-29,Standard Class,Carlos Smith,Consumer,Central,Houston,Office Supplies,Storage,Storage - Model 987,2,0.0,26.73,12.03
1910,ORD-2489,2025-01-23,2025-01-29,Standard Class,Carlos Smith,Consumer,Central,Houston,Office Supplies,Storage,Storage - Model 243,3,0.1,112.29,43.67
1911,ORD-2490,2025-01-14,2025-01-14,Same Day,Carlos Khan,Consumer,Central,Minneapolis,Office Supplies,Art,Art - Model 401,2,0.0,103.5,46.58
1912,ORD-2491,2023-01-01,2023-01-03,First Class,Aisha Okafor,Consumer,South,Miami,Furniture,Tables,Tables - Model 120,4,0.15,1048.09,86.32
1913,ORD-2491,2023-01-01,2023-01-03,First Class,Aisha Okafor,Consumer,South,Miami,Furniture,Tables,Tables - Model 608,2,0.15,504.95,41.59
1914,ORD-2491,2023-01-01,2023-01-03,First Class,Aisha Okafor,Consumer,South,Miami,Furniture,Tables,Tables - Model 624,4,0.0,983.6,216.39
1915,ORD-2492,2024-01-22,2024-01-26,Second Class,Fatima Rossi,Consumer,West,Los Angeles,Office Supplies,Binders,Binders - Model 234,5,0.15,204.23,72.08
1916,ORD-2492,2024-01-22,2024-01-26,Second Class,Fatima Rossi,Consumer,West,Los Angeles,Office Supplies,Binders,Binders - Model 229,4,0.0,142.71,64.22
1917,ORD-2493,2024-09-13,2024-09-19,Standard Class,Carlos Müller,Home Office,West,Phoenix,Office Supplies,Art,Art - Model 773,1,0.1,32.95,12.82
1918,ORD-2494,2025-04-14,2025-04-20,Standard Class,Priya Okafor,Corporate,South,Charlotte,Office Supplies,Storage,Storage - Model 289,1,0.3,17.32,2.47
1919,ORD-2495,2024-06-06,2024-06-09,First Class,Fatima Diaz,Home Office,South,Nashville,Furniture,Chairs,Chairs - Model 784,1,0.0,390.24,85.85
1920,ORD-2496,2024-03-29,2024-04-02,Second Class,Omar Brown,Corporate,East,Boston,Office Supplies,Paper,Paper - Model 711,1,0.1,34.38,13.37
1921,ORD-2496,2024-03-29,2024-04-02,Second Class,Omar Brown,Corporate,East,Boston,Office Supplies,Paper,Paper - Model 309,2,0.2,64.43,20.14
1922,ORD-2496,2024-03-29,2024-04-02,Second Class,Omar Brown,Corporate,East,Boston,Office Supplies,Paper,Paper - Model 371,1,0.15,41.58,14.68
1923,ORD-2497,2025-08-23,2025-08-26,First Class,Ivy Garcia,Corporate,East,Newark,Office Supplies,Storage,Storage - Model 405,2,0.1,58.91,22.91
1924,ORD-2498,2023-08-21,2023-08-28,Standard Class,Liam Garcia,Corporate,West,Seattle,Furniture,Tables,Tables - Model 232,2,0.15,590.07,48.59
1925,ORD-2498,2023-08-21,2023-08-28,Standard Class,Liam Garcia,Corporate,West,Seattle,Furniture,Tables,Tables - Model 970,1,0.1,122.86,16.38
1926,ORD-2499,2025-12-08,2025-12-15,Standard Class,Priya Kim,Corporate,Central,Minneapolis,Technology,Accessories,Accessories - Model 559,4,0.0,2491.93,797.42
1927,ORD-2500,2025-04-27,2025-04-30,First Class,Sofia Chen,Corporate,South,Charlotte,Technology,Phones,Phones - Model 366,3,0.1,1751.41,428.12
1928,ORD-2501,2023-06-01,2023-06-06,Second Class,Noah Okafor,Home Office,South,Miami,Office Supplies,Labels,Labels - Model 274,1,0.1,24.6,9.57
1929,ORD-2501,2023-06-01,2023-06-06,Second Class,Noah Okafor,Home Office,South,Miami,Office Supplies,Labels,Labels - Model 753,1,0.1,22.06,8.58
1930,ORD-2502,2025-08-21,2025-08-27,Standard Class,Omar Müller,Consumer,Central,Minneapolis,Furniture,Chairs,Chairs - Model 437,2,0.0,482.59,106.17
1931,ORD-2503,2023-06-30,2023-07-02,First Class,Maria Rossi,Home Office,South,Charlotte,Technology,Phones,Phones - Model 213,3,0.15,1477.45,295.49
1932,ORD-2504,2023-01-03,2023-01-07,Second Class,Fatima Garcia,Consumer,East,New York,Furniture,Chairs,Chairs - Model 852,2,0.0,398.9,87.76
1933,ORD-2505,2024-01-13,2024-01-16,First Class,Wei Nguyen,Corporate,South,Nashville,Technology,Accessories,Accessories - Model 166,1,0.0,405.79,129.85
1934,ORD-2506,2023-10-03,2023-10-05,First Class,James Okafor,Home Office,South,Atlanta,Office Supplies,Art,Art - Model 548,2,0.0,37.21,16.75
1935,ORD-2506,2023-10-03,2023-10-05,First Class,James Okafor,Home Office,South,Atlanta,Office Supplies,Art,Art - Model 872,4,0.0,195.06,87.78
1936,ORD-2506,2023-10-03,2023-10-05,First Class,James Okafor,Home Office,South,Atlanta,Office Supplies,Art,Art - Model 129,2,0.0,64.63,29.08
1937,ORD-2507,2024-08-02,2024-08-05,First Class,Noah Garcia,Corporate,Central,Houston,Office Supplies,Storage,Storage - Model 403,2,0.3,45.49,6.5
1938,ORD-2507,2024-08-02,2024-08-05,First Class,Noah Garcia,Corporate,Central,Houston,Office Supplies,Storage,Storage - Model 836,2,0.2,27.45,8.58
1939,ORD-2508,2024-03-04,2024-03-11,Standard Class,Carlos Smith,Consumer,Central,Dallas,Office Supplies,Storage,Storage - Model 643,2,0.0,80.22,36.1
1940,ORD-2509,2025-08-04,2025-08-07,First Class,Ethan Chen,Corporate,Central,Minneapolis,Office Supplies,Labels,Labels - Model 926,2,0.0,119.09,53.59
1941,ORD-2510,2023-03-02,2023-03-09,Standard Class,Carlos Khan,Consumer,East,Philadelphia,Technology,Copiers,Copiers - Model 117,1,0.0,465.47,148.95
1942,ORD-2511,2024-11-04,2024-11-11,Standard Class,Carlos Diaz,Consumer,West,Phoenix,Furniture,Bookcases,Bookcases - Model 688,2,0.0,730.0,160.6
1943,ORD-2512,2023-04-07,2023-04-12,Second Class,Liam Chen,Consumer,Central,Houston,Office Supplies,Labels,Labels - Model 353,1,0.0,45.8,20.61
1944,ORD-2512,2023-04-07,2023-04-12,Second Class,Liam Chen,Consumer,Central,Houston,Office Supplies,Labels,Labels - Model 573,3,0.0,86.25,38.81
1945,ORD-2512,2023-04-07,2023-04-12,Second Class,Liam Chen,Consumer,Central,Houston,Office Supplies,Labels,Labels - Model 702,4,0.4,162.72,0.0
1946,ORD-2513,2024-09-04,2024-09-10,Standard Class,Priya Kim,Consumer,East,Philadelphia,Office Supplies,Binders,Binders - Model 365,3,0.15,58.15,20.52
1947,ORD-2513,2024-09-04,2024-09-10,Standard Class,Priya Kim,Consumer,East,Philadelphia,Office Supplies,Binders,Binders - Model 452,1,0.1,32.82,12.76
1948,ORD-2514,2023-05-26,2023-05-31,Second Class,Priya Khan,Home Office,East,Newark,Technology,Accessories,Accessories - Model 859,3,0.0,1182.15,378.29
1949,ORD-2515,2025-05-25,2025-06-01,Standard Class,Fatima Novak,Corporate,West,Phoenix,Technology,Machines,Machines - Model 445,3,0.0,575.35,184.11
1950,ORD-2516,2024-09-17,2024-09-23,Standard Class,Maria Patel,Consumer,West,San Francisco,Technology,Phones,Phones - Model 709,2,0.0,898.75,287.6
1951,ORD-2517,2024-01-31,2024-02-05,Second Class,Sofia Nguyen,Corporate,South,Atlanta,Technology,Phones,Phones - Model 798,1,0.0,212.4,67.97
1952,ORD-2518,2025-02-11,2025-02-12,Same Day,Liam Silva,Home Office,East,Philadelphia,Office Supplies,Paper,Paper - Model 920,5,0.15,97.79,34.51
1953,ORD-2518,2025-02-11,2025-02-12,Same Day,Liam Silva,Home Office,East,Philadelphia,Office Supplies,Paper,Paper - Model 891,1,0.0,44.96,20.23
1954,ORD-2519,2025-11-01,2025-11-08,Standard Class,Omar Brown,Corporate,Central,Dallas,Office Supplies,Storage,Storage - Model 947,4,0.15,94.01,33.18
1955,ORD-2520,2025-03-09,2025-03-09,Same Day,Yuki Kim,Consumer,East,New York,Technology,Copiers,Copiers - Model 375,2,0.2,761.52,114.23
1956,ORD-2521,2023-12-27,2024-01-03,Standard Class,Priya Novak,Home Office,Central,Minneapolis,Office Supplies,Storage,Storage - Model 236,2,0.3,68.42,9.78
1957,ORD-2521,2023-12-27,2024-01-03,Standard Class,Priya Novak,Home Office,Central,Minneapolis,Office Supplies,Storage,Storage - Model 837,2,0.0,64.68,29.11
1958,ORD-2521,2023-12-27,2024-01-03,Standard Class,Priya Novak,Home Office,Central,Minneapolis,Office Supplies,Storage,Storage - Model 530,3,0.0,91.55,41.2
1959,ORD-2522,2024-03-02,2024-03-08,Standard Class,James Garcia,Consumer,West,Seattle,Office Supplies,Binders,Binders - Model 555,1,0.0,34.36,15.46
1960,ORD-2523,2024-08-20,2024-08-24,Second Class,Ethan Okafor,Corporate,East,Boston,Furniture,Furnishings,Furnishings - Model 500,2,0.0,497.21,109.39
1961,ORD-2524,2024-11-30,2024-12-05,Second Class,Fatima Garcia,Home Office,Central,Houston,Technology,Machines,Machines - Model 585,1,0.1,238.57,58.32
1962,ORD-2524,2024-11-30,2024-12-05,Second Class,Fatima Garcia,Home Office,Central,Houston,Technology,Machines,Machines - Model 312,2,0.3,429.63,-18.41
1963,ORD-2524,2024-11-30,2024-12-05,Second Class,Fatima Garcia,Home Office,Central,Houston,Technology,Machines,Machines - Model 542,2,0.15,373.05,74.61
1964,ORD-2525,2025-05-22,2025-05-28,Standard Class,Sofia Nguyen,Consumer,West,Seattle,Furniture,Tables,Tables - Model 919,1,0.15,217.72,17.93
1965,ORD-2526,2023-06-23,2023-06-30,Standard Class,Aisha Okafor,Consumer,East,Philadelphia,Office Supplies,Storage,Storage - Model 589,2,0.3,57.41,8.2
1966,ORD-2526,2023-06-23,2023-06-30,Standard Class,Aisha Okafor,Consumer,East,Philadelphia,Office Supplies,Storage,Storage - Model 258,3,0.1,172.72,67.17
1967,ORD-2526,2023-06-23,2023-06-30,Standard Class,Aisha Okafor,Consumer,East,Philadelphia,Office Supplies,Storage,Storage - Model 672,1,0.3,28.19,4.03
1968,ORD-2527,2025-09-20,2025-09-26,Standard Class,Aisha Diaz,Consumer,South,Miami,Office Supplies,Labels,Labels - Model 478,1,0.0,37.75,16.99
1969,ORD-2527,2025-09-20,2025-09-26,Standard Class,Aisha Diaz,Consumer,South,Miami,Office Supplies,Labels,Labels - Model 307,4,0.2,187.68,58.65
1970,ORD-2528,2023-01-02,2023-01-06,Second Class,Carlos Müller,Corporate,East,Philadelphia,Furniture,Bookcases,Bookcases - Model 574,3,0.3,216.33,-40.17
1971,ORD-2529,2024-01-07,2024-01-13,Standard Class,Priya Smith,Corporate,South,Charlotte,Furniture,Chairs,Chairs - Model 194,3,0.4,357.77,-137.14
1972,ORD-2530,2023-01-16,2023-01-21,Second Class,Yuki Chen,Corporate,West,Los Angeles,Office Supplies,Art,Art - Model 781,1,0.3,31.96,4.57
1973,ORD-2531,2024-11-30,2024-12-07,Standard Class,James Garcia,Consumer,South,Miami,Office Supplies,Labels,Labels - Model 395,1,0.3,30.89,4.41
1974,ORD-2532,2025-03-26,2025-03-30,Second Class,Ivy Diaz,Home Office,East,New York,Office Supplies,Storage,Storage - Model 909,2,0.1,66.52,25.87
1975,ORD-2533,2023-11-25,2023-11-29,Second Class,James Chen,Consumer,Central,Minneapolis,Office Supplies,Storage,Storage - Model 962,2,0.3,27.26,3.89
1976,ORD-2534,2025-08-13,2025-08-15,First Class,James Chen,Corporate,West,Seattle,Office Supplies,Binders,Binders - Model 876,4,0.4,110.65,0.0
1977,ORD-2534,2025-08-13,2025-08-15,First Class,James Chen,Corporate,West,Seattle,Office Supplies,Binders,Binders - Model 591,2,0.2,16.63,5.2
1978,ORD-2534,2025-08-13,2025-08-15,First Class,James Chen,Corporate,West,Seattle,Office Supplies,Binders,Binders - Model 424,1,0.3,27.31,3.9
1979,ORD-2535,2024-12-24,2024-12-30,Standard Class,Carlos Patel,Corporate,West,Seattle,Furniture,Tables,Tables - Model 466,1,0.0,447.44,98.43
1980,ORD-2536,2025-08-09,2025-08-15,Standard Class,Aisha Kim,Corporate,West,Seattle,Office Supplies,Paper,Paper - Model 519,3,0.0,59.33,26.7
1981,ORD-2536,2025-08-09,2025-08-15,Standard Class,Aisha Kim,Corporate,West,Seattle,Office Supplies,Paper,Paper - Model 846,1,0.15,19.3,6.81
1982,ORD-2536,2025-08-09,2025-08-15,Standard Class,Aisha Kim,Corporate,West,Seattle,Office Supplies,Paper,Paper - Model 518,2,0.15,73.19,25.83
1983,ORD-2537,2023-12-03,2023-12-03,Same Day,Yuki Brown,Consumer,East,Newark,Technology,Phones,Phones - Model 243,3,0.1,1516.81,370.77
1984,ORD-2538,2024-11-03,2024-11-08,Second Class,Carlos Müller,Consumer,South,Charlotte,Office Supplies,Labels,Labels - Model 231,1,0.2,32.48,10.15
1985,ORD-2539,2025-11-12,2025-11-14,First Class,Aisha Khan,Consumer,East,New York,Furniture,Furnishings,Furnishings - Model 170,4,0.15,1089.77,89.75
1986,ORD-2540,2025-09-01,2025-09-06,Second Class,Noah Patel,Corporate,West,Seattle,Office Supplies,Storage,Storage - Model 992,2,0.0,41.04,18.47
1987,ORD-2541,2023-12-28,2024-01-01,Second Class,Aisha Khan,Corporate,Central,Chicago,Furniture,Tables,Tables - Model 419,2,0.0,412.84,90.82
1988,ORD-2542,2024-12-22,2024-12-23,Same Day,Aisha Patel,Home Office,South,Charlotte,Furniture,Chairs,Chairs - Model 170,1,0.0,187.18,41.18
1989,ORD-2543,2025-11-20,2025-11-27,Standard Class,Liam Garcia,Corporate,East,Philadelphia,Office Supplies,Paper,Paper - Model 352,1,0.3,10.11,1.44
1990,ORD-2544,2024-02-09,2024-02-16,Standard Class,Ethan Silva,Corporate,West,Seattle,Technology,Phones,Phones - Model 593,2,0.0,456.26,146.01
1991,ORD-2544,2024-02-09,2024-02-16,Standard Class,Ethan Silva,Corporate,West,Seattle,Technology,Phones,Phones - Model 392,2,0.0,249.57,79.86
1992,ORD-2545,2025-05-12,2025-05-19,Standard Class,Liam Garcia,Home Office,West,San Francisco,Office Supplies,Art,Art - Model 748,1,0.0,35.11,15.8
1993,ORD-2546,2023-06-03,2023-06-09,Standard Class,Omar Novak,Consumer,South,Miami,Furniture,Bookcases,Bookcases - Model 342,1,0.4,134.82,-51.67
1994,ORD-2547,2024-11-02,2024-11-08,Standard Class,Wei Novak,Corporate,Central,Chicago,Technology,Accessories,Accessories - Model 891,1,0.1,426.51,104.26
1995,ORD-2547,2024-11-02,2024-11-08,Standard Class,Wei Novak,Corporate,Central,Chicago,Technology,Accessories,Accessories - Model 374,1,0.15,294.11,58.82
1996,ORD-2548,2024-06-08,2024-06-14,Standard Class,Aisha Okafor,Corporate,South,Miami,Office Supplies,Paper,Paper - Model 416,2,0.1,93.78,36.47
1997,ORD-2549,2024-06-18,2024-06-22,Second Class,James Brown,Consumer,East,New York,Furniture,Bookcases,Bookcases - Model 770,3,0.2,639.79,15.99
1998,ORD-2550,2023-09-21,2023-09-25,Second Class,Noah Chen,Consumer,West,Phoenix,Office Supplies,Art,Art - Model 855,1,0.1,36.68,14.26
1999,ORD-2551,2024-11-29,2024-12-05,Standard Class,Maria Khan,Home Office,East,Philadelphia,Office Supplies,Paper,Paper - Model 468,3,0.2,118.73,37.1
2000,ORD-2552,2024-05-27,2024-05-28,Same Day,Noah Novak,Corporate,Central,Minneapolis,Office Supplies,Binders,Binders - Model 953,2,0.1,62.64,24.36
2001,ORD-2553,2023-09-26,2023-10-03,Standard Class,Wei Chen,Home Office,South,Nashville,Furniture,Furnishings,Furnishings - Model 120,1,0.1,241.41,32.19
2002,ORD-2554,2023-09-05,2023-09-12,Standard Class,Priya Novak,Corporate,Central,Chicago,Office Supplies,Art,Art - Model 204,1,0.3,28.11,4.01
2003,ORD-2555,2024-04-01,2024-04-08,Standard Class,Ivy Smith,Consumer,South,Charlotte,Office Supplies,Binders,Binders - Model 535,3,0.2,103.01,32.19
2004,ORD-2556,2024-04-12,2024-04-17,Second Class,Noah Garcia,Consumer,East,Philadelphia,Furniture,Bookcases,Bookcases - Model 909,1,0.2,186.61,4.66
2005,ORD-2557,2024-06-03,2024-06-07,Second Class,James Diaz,Corporate,South,Nashville,Office Supplies,Art,Art - Model 650,2,0.15,75.52,26.65
2006,ORD-2558,2023-04-01,2023-04-04,First Class,Fatima Silva,Consumer,West,San Francisco,Office Supplies,Labels,Labels - Model 382,5,0.0,137.64,61.94
2007,ORD-2559,2024-03-25,2024-03-30,Second Class,Wei Silva,Corporate,Central,Houston,Furniture,Chairs,Chairs - Model 800,2,0.15,551.72,45.44
2008,ORD-2560,2024-01-03,2024-01-09,Standard Class,Liam Garcia,Home Office,Central,Dallas,Technology,Phones,Phones - Model 841,2,0.0,483.43,154.7
2009,ORD-2561,2023-08-02,2023-08-08,Standard Class,Fatima Kim,Consumer,South,Miami,Office Supplies,Binders,Binders - Model 871,1,0.3,17.14,2.45
2010,ORD-2562,2025-10-12,2025-10-18,Standard Class,Sofia Nguyen,Corporate,South,Miami,Furniture,Chairs,Chairs - Model 167,4,0.0,1005.94,221.31
2011,ORD-2563,2023-01-22,2023-01-28,Standard Class,James Brown,Corporate,Central,Chicago,Office Supplies,Paper,Paper - Model 211,4,0.15,91.2,32.19
2012,ORD-2564,2024-01-15,2024-01-22,Standard Class,Omar Patel,Home Office,South,Nashville,Technology,Phones,Phones - Model 581,1,0.3,392.36,-16.82
2013,ORD-2565,2025-06-26,2025-07-02,Standard Class,Ethan Diaz,Corporate,South,Atlanta,Technology,Phones,Phones - Model 306,1,0.1,335.07,81.91
2014,ORD-2566,2024-01-13,2024-01-19,Standard Class,Fatima Müller,Consumer,East,Newark,Office Supplies,Art,Art - Model 791,2,0.1,58.13,22.6
2015,ORD-2567,2025-11-09,2025-11-14,Second Class,Wei Diaz,Consumer,South,Charlotte,Technology,Phones,Phones - Model 835,2,0.15,513.16,102.63
2016,ORD-2568,2024-07-26,2024-07-29,First Class,Carlos Khan,Consumer,East,Boston,Technology,Accessories,Accessories - Model 922,1,0.0,486.23,155.59
2017,ORD-2569,2025-05-02,2025-05-08,Standard Class,Wei Novak,Home Office,Central,Houston,Office Supplies,Labels,Labels - Model 515,1,0.3,20.6,2.94
2018,ORD-2570,2025-12-28,2026-01-03,Standard Class,Noah Kim,Consumer,West,Seattle,Furniture,Chairs,Chairs - Model 481,3,0.1,770.85,102.78
2019,ORD-2571,2024-04-18,2024-04-21,First Class,Carlos Chen,Consumer,East,Philadelphia,Technology,Machines,Machines - Model 116,1,0.15,223.66,44.73
2020,ORD-2571,2024-04-18,2024-04-21,First Class,Carlos Chen,Consumer,East,Philadelphia,Technology,Machines,Machines - Model 492,2,0.0,601.65,192.53
2021,ORD-2572,2025-07-06,2025-07-13,Standard Class,James Rossi,Consumer,East,New York,Technology,Phones,Phones - Model 392,1,0.0,420.02,134.41
2022,ORD-2573,2025-05-14,2025-05-17,First Class,Noah Garcia,Corporate,Central,Chicago,Office Supplies,Art,Art - Model 158,1,0.0,46.56,20.95
2023,ORD-2574,2024-11-17,2024-11-22,Second Class,Sofia Rossi,Consumer,South,Atlanta,Office Supplies,Paper,Paper - Model 248,1,0.1,39.47,15.35
2024,ORD-2574,2024-11-17,2024-11-22,Second Class,Sofia Rossi,Consumer,South,Atlanta,Office Supplies,Paper,Paper - Model 443,1,0.0,38.38,17.27
2025,ORD-2574,2024-11-17,2024-11-22,Second Class,Sofia Rossi,Consumer,South,Atlanta,Office Supplies,Paper,Paper - Model 214,1,0.0,49.32,22.2
2026,ORD-2575,2024-07-26,2024-08-01,Standard Class,Sofia Nguyen,Consumer,East,Boston,Furniture,Furnishings,Furnishings - Model 884,1,0.1,274.45,36.6
2027,ORD-2576,2025-07-12,2025-07-16,Second Class,Ethan Rossi,Consumer,South,Atlanta,Office Supplies,Labels,Labels - Model 998,1,0.4,30.47,0.0
2028,ORD-2577,2023-07-15,2023-07-21,Standard Class,Noah Khan,Consumer,West,San Francisco,Office Supplies,Paper,Paper - Model 494,4,0.0,181.42,81.64
2029,ORD-2578,2023-12-29,2024-01-05,Standard Class,Aisha Diaz,Consumer,West,Los Angeles,Office Supplies,Binders,Binders - Model 577,2,0.3,66.8,9.55
2030,ORD-2578,2023-12-29,2024-01-05,Standard Class,Aisha Diaz,Consumer,West,Los Angeles,Office Supplies,Binders,Binders - Model 225,3,0.0,144.27,64.92
2031,ORD-2579,2025-03-13,2025-03-19,Standard Class,Fatima Novak,Consumer,Central,Dallas,Furniture,Tables,Tables - Model 150,1,0.0,319.94,70.39
2032,ORD-2580,2024-07-02,2024-07-09,Standard Class,Noah Okafor,Corporate,West,San Francisco,Office Supplies,Labels,Labels - Model 418,1,0.3,31.01,4.42
2033,ORD-2581,2023-12-23,2023-12-26,First Class,Ethan Brown,Home Office,South,Atlanta,Office Supplies,Binders,Binders - Model 400,4,0.15,112.71,39.78
2034,ORD-2582,2024-04-14,2024-04-21,Standard Class,Wei Okafor,Corporate,South,Nashville,Office Supplies,Storage,Storage - Model 441,5,0.3,198.13,28.3
2035,ORD-2583,2025-08-22,2025-08-29,Standard Class,Carlos Garcia,Home Office,South,Miami,Furniture,Furnishings,Furnishings - Model 890,2,0.1,528.31,70.44
2036,ORD-2584,2024-06-14,2024-06-21,Standard Class,Ivy Patel,Corporate,West,Los Angeles,Office Supplies,Art,Art - Model 438,4,0.15,105.53,37.25
2037,ORD-2585,2023-05-05,2023-05-12,Standard Class,Priya Diaz,Corporate,South,Miami,Office Supplies,Binders,Binders - Model 872,2,0.4,26.91,0.0
2038,ORD-2586,2023-03-10,2023-03-13,First Class,Ivy Garcia,Consumer,Central,Chicago,Technology,Machines,Machines - Model 714,4,0.15,2020.38,404.08
2039,ORD-2587,2024-11-03,2024-11-09,Standard Class,Maria Müller,Corporate,West,Phoenix,Office Supplies,Labels,Labels - Model 850,3,0.0,115.31,51.89
2040,ORD-2588,2024-05-31,2024-06-06,Standard Class,Liam Okafor,Consumer,South,Atlanta,Furniture,Furnishings,Furnishings - Model 924,2,0.1,616.94,82.26
2041,ORD-2589,2023-01-19,2023-01-26,Standard Class,Sofia Rossi,Consumer,South,Nashville,Technology,Phones,Phones - Model 800,4,0.1,1495.15,365.48
2042,ORD-2590,2024-12-20,2024-12-20,Same Day,Wei Nguyen,Consumer,South,Nashville,Technology,Machines,Machines - Model 389,3,0.3,522.87,-22.41
2043,ORD-2591,2023-04-18,2023-04-24,Standard Class,Noah Smith,Consumer,West,Phoenix,Office Supplies,Storage,Storage - Model 131,2,0.0,52.51,23.63
2044,ORD-2592,2023-07-09,2023-07-14,Second Class,Omar Khan,Consumer,South,Nashville,Furniture,Chairs,Chairs - Model 692,4,0.2,307.51,7.68
2045,ORD-2593,2023-07-21,2023-07-28,Standard Class,Ethan Khan,Consumer,Central,Minneapolis,Furniture,Furnishings,Furnishings - Model 104,3,0.2,676.16,16.91
2046,ORD-2594,2023-04-19,2023-04-23,Second Class,Wei Novak,Corporate,South,Charlotte,Furniture,Bookcases,Bookcases - Model 771,3,0.0,866.47,190.62
2047,ORD-2595,2025-05-22,2025-05-26,Second Class,Ivy Chen,Corporate,Central,Houston,Technology,Phones,Phones - Model 188,4,0.3,1335.02,-57.22
2048,ORD-2596,2023-07-03,2023-07-08,Second Class,Fatima Diaz,Corporate,West,Phoenix,Office Supplies,Paper,Paper - Model 469,1,0.0,32.82,14.77
2049,ORD-2597,2025-08-21,2025-08-24,First Class,Ethan Rossi,Corporate,West,Seattle,Office Supplies,Paper,Paper - Model 795,4,0.3,92.15,13.17
2050,ORD-2598,2025-04-19,2025-04-22,First Class,Aisha Okafor,Corporate,West,Phoenix,Office Supplies,Labels,Labels - Model 343,2,0.0,23.71,10.67
2051,ORD-2599,2024-01-02,2024-01-08,Standard Class,Priya Diaz,Consumer,East,New York,Furniture,Bookcases,Bookcases - Model 173,4,0.1,641.09,85.48
2052,ORD-2600,2024-03-07,2024-03-11,Second Class,Wei Brown,Consumer,South,Miami,Office Supplies,Binders,Binders - Model 236,2,0.0,91.09,40.99
2053,ORD-2601,2025-11-25,2025-12-02,Standard Class,Wei Diaz,Corporate,East,Philadelphia,Office Supplies,Art,Art - Model 208,2,0.0,105.76,47.59
2054,ORD-2602,2025-04-18,2025-04-23,Second Class,Ivy Garcia,Corporate,West,Los Angeles,Office Supplies,Storage,Storage - Model 177,5,0.1,98.1,38.15
2055,ORD-2603,2023-10-11,2023-10-17,Standard Class,Maria Novak,Home Office,Central,Chicago,Office Supplies,Paper,Paper - Model 242,2,0.1,76.51,29.75
2056,ORD-2604,2024-10-17,2024-10-19,First Class,Aisha Rossi,Consumer,South,Miami,Office Supplies,Labels,Labels - Model 530,2,0.3,42.18,6.03
2057,ORD-2605,2024-05-30,2024-06-05,Standard Class,Noah Brown,Consumer,East,Boston,Office Supplies,Storage,Storage - Model 354,2,0.0,89.53,40.29
2058,ORD-2606,2023-09-10,2023-09-17,Standard Class,Wei Chen,Home Office,South,Nashville,Office Supplies,Paper,Paper - Model 585,1,0.0,37.1,16.7
2059,ORD-2606,2023-09-10,2023-09-17,Standard Class,Wei Chen,Home Office,South,Nashville,Office Supplies,Paper,Paper - Model 217,2,0.0,76.43,34.39
2060,ORD-2607,2023-07-20,2023-07-24,Second Class,Omar Khan,Corporate,East,Newark,Office Supplies,Art,Art - Model 672,1,0.1,24.27,9.44
2061,ORD-2608,2025-07-16,2025-07-22,Standard Class,Noah Chen,Consumer,South,Charlotte,Furniture,Furnishings,Furnishings - Model 862,1,0.1,242.92,32.39
2062,ORD-2609,2024-11-19,2024-11-19,Same Day,Noah Müller,Consumer,Central,Minneapolis,Furniture,Bookcases,Bookcases - Model 618,2,0.0,325.61,71.63
2063,ORD-2610,2023-02-15,2023-02-21,Standard Class,Wei Silva,Home Office,East,Boston,Furniture,Furnishings,Furnishings - Model 301,1,0.2,300.43,7.52
2064,ORD-2611,2025-03-12,2025-03-19,Standard Class,Omar Silva,Home Office,West,Los Angeles,Office Supplies,Paper,Paper - Model 758,2,0.0,95.34,42.9
2065,ORD-2612,2023-06-26,2023-07-03,Standard Class,Wei Novak,Corporate,East,Boston,Technology,Phones,Phones - Model 259,3,0.1,960.71,234.84
2066,ORD-2612,2023-06-26,2023-07-03,Standard Class,Wei Novak,Corporate,East,Boston,Technology,Phones,Phones - Model 812,3,0.1,571.8,139.77
2067,ORD-2613,2023-08-31,2023-09-06,Standard Class,Fatima Khan,Consumer,Central,Dallas,Office Supplies,Art,Art - Model 965,3,0.3,68.78,9.83
2068,ORD-2614,2025-11-09,2025-11-16,Standard Class,Liam Chen,Home Office,East,Newark,Technology,Phones,Phones - Model 634,1,0.0,443.39,141.89
2069,ORD-2615,2025-11-04,2025-11-09,Second Class,Noah Chen,Consumer,East,Philadelphia,Technology,Machines,Machines - Model 568,2,0.3,568.79,-24.38
2070,ORD-2616,2025-11-07,2025-11-13,Standard Class,Wei Novak,Home Office,East,Philadelphia,Office Supplies,Labels,Labels - Model 465,1,0.3,23.11,3.31
2071,ORD-2617,2023-10-02,2023-10-06,Second Class,Carlos Smith,Consumer,West,Seattle,Technology,Copiers,Copiers - Model 613,1,0.0,174.84,55.95
2072,ORD-2617,2023-10-02,2023-10-06,Second Class,Carlos Smith,Consumer,West,Seattle,Technology,Copiers,Copiers - Model 601,1,0.0,327.35,104.75
2073,ORD-2617,2023-10-02,2023-10-06,Second Class,Carlos Smith,Consumer,West,Seattle,Technology,Copiers,Copiers - Model 507,2,0.1,542.28,132.56
2074,ORD-2618,2025-05-30,2025-06-06,Standard Class,Ivy Rossi,Corporate,South,Atlanta,Office Supplies,Art,Art - Model 787,1,0.2,32.86,10.27
2075,ORD-2618,2025-05-30,2025-06-06,Standard Class,Ivy Rossi,Corporate,South,Atlanta,Office Supplies,Art,Art - Model 109,1,0.0,25.52,11.49
2076,ORD-2618,2025-05-30,2025-06-06,Standard Class,Ivy Rossi,Corporate,South,Atlanta,Office Supplies,Art,Art - Model 597,3,0.0,143.56,64.6
2077,ORD-2619,2023-08-26,2023-09-02,Standard Class,Carlos Nguyen,Corporate,Central,Houston,Furniture,Bookcases,Bookcases - Model 798,4,0.0,991.25,218.08
2078,ORD-2620,2024-01-13,2024-01-14,Same Day,Noah Novak,Corporate,East,New York,Office Supplies,Storage,Storage - Model 682,1,0.0,44.95,20.23
2079,ORD-2621,2025-02-26,2025-03-04,Standard Class,Ivy Brown,Consumer,South,Charlotte,Office Supplies,Storage,Storage - Model 539,2,0.4,59.37,0.0
2080,ORD-2622,2025-11-22,2025-11-29,Standard Class,Aisha Silva,Corporate,West,Seattle,Furniture,Furnishings,Furnishings - Model 817,1,0.3,56.97,-10.58
2081,ORD-2623,2025-03-02,2025-03-08,Standard Class,Sofia Chen,Home Office,East,New York,Furniture,Chairs,Chairs - Model 474,4,0.0,1140.57,250.93
2082,ORD-2623,2025-03-02,2025-03-08,Standard Class,Sofia Chen,Home Office,East,New York,Furniture,Chairs,Chairs - Model 358,2,0.0,550.23,121.05
2083,ORD-2623,2025-03-02,2025-03-08,Standard Class,Sofia Chen,Home Office,East,New York,Furniture,Chairs,Chairs - Model 855,1,0.1,211.39,28.19
2084,ORD-2624,2025-05-25,2025-05-29,Second Class,Noah Nguyen,Corporate,East,Boston,Furniture,Furnishings,Furnishings - Model 765,1,0.15,86.98,7.16
2085,ORD-2625,2025-07-22,2025-07-29,Standard Class,Liam Nguyen,Corporate,Central,Minneapolis,Technology,Accessories,Accessories - Model 696,2,0.0,1143.32,365.86
2086,ORD-2626,2025-12-01,2025-12-08,Standard Class,Ivy Patel,Corporate,South,Nashville,Furniture,Furnishings,Furnishings - Model 267,1,0.1,207.2,27.63
2087,ORD-2627,2024-05-12,2024-05-16,Second Class,Wei Garcia,Corporate,South,Atlanta,Office Supplies,Art,Art - Model 452,1,0.1,30.34,11.8
2088,ORD-2627,2024-05-12,2024-05-16,Second Class,Wei Garcia,Corporate,South,Atlanta,Office Supplies,Art,Art - Model 579,5,0.0,190.03,85.51
2089,ORD-2628,2023-07-13,2023-07-20,Standard Class,Sofia Novak,Consumer,East,New York,Office Supplies,Art,Art - Model 223,1,0.0,38.78,17.45
2090,ORD-2629,2025-06-01,2025-06-08,Standard Class,Maria Nguyen,Corporate,East,Philadelphia,Office Supplies,Art,Art - Model 472,3,0.4,85.84,0.0
2091,ORD-2630,2024-04-20,2024-04-25,Second Class,Fatima Diaz,Consumer,South,Atlanta,Furniture,Furnishings,Furnishings - Model 670,2,0.1,512.81,68.38
2092,ORD-2631,2023-09-23,2023-09-29,Standard Class,Maria Kim,Corporate,Central,Chicago,Office Supplies,Storage,Storage - Model 484,1,0.0,39.85,17.93
2093,ORD-2632,2024-05-10,2024-05-16,Standard Class,James Novak,Consumer,West,Los Angeles,Technology,Accessories,Accessories - Model 839,1,0.0,296.33,94.82
2094,ORD-2633,2023-06-01,2023-06-08,Standard Class,Omar Novak,Corporate,East,Philadelphia,Furniture,Bookcases,Bookcases - Model 971,2,0.1,667.38,88.98
2095,ORD-2634,2024-06-11,2024-06-17,Standard Class,Priya Novak,Consumer,East,Boston,Office Supplies,Art,Art - Model 580,2,0.2,37.76,11.8
2096,ORD-2635,2024-05-01,2024-05-06,Second Class,Noah Garcia,Consumer,East,Newark,Furniture,Bookcases,Bookcases - Model 312,1,0.0,473.19,104.1
2097,ORD-2636,2025-03-23,2025-03-29,Standard Class,Sofia Rossi,Corporate,East,Newark,Office Supplies,Art,Art - Model 769,1,0.1,41.0,15.94
2098,ORD-2636,2025-03-23,2025-03-29,Standard Class,Sofia Rossi,Corporate,East,Newark,Office Supplies,Art,Art - Model 632,2,0.3,51.57,7.37
2099,ORD-2637,2025-08-12,2025-08-18,Standard Class,Maria Garcia,Home Office,West,Los Angeles,Office Supplies,Storage,Storage - Model 173,4,0.2,12.8,4.0
2100,ORD-2638,2023-12-17,2023-12-24,Standard Class,Omar Novak,Home Office,South,Miami,Technology,Copiers,Copiers - Model 739,1,0.0,544.07,174.1
2101,ORD-2639,2023-07-18,2023-07-21,First Class,Ethan Chen,Consumer,South,Miami,Office Supplies,Binders,Binders - Model 206,3,0.1,139.64,54.31
2102,ORD-2640,2025-06-11,2025-06-14,First Class,Liam Smith,Consumer,West,Los Angeles,Office Supplies,Storage,Storage - Model 197,2,0.3,36.46,5.22
2103,ORD-2641,2025-02-20,2025-02-25,Second Class,Wei Rossi,Consumer,East,Philadelphia,Technology,Copiers,Copiers - Model 241,1,0.3,360.81,-15.46
2104,ORD-2642,2024-11-14,2024-11-17,First Class,Priya Kim,Corporate,Central,Chicago,Technology,Accessories,Accessories - Model 533,1,0.15,287.55,57.51
2105,ORD-2643,2024-03-12,2024-03-14,First Class,Yuki Müller,Corporate,South,Nashville,Technology,Machines,Machines - Model 165,2,0.0,440.88,141.08
2106,ORD-2643,2024-03-12,2024-03-14,First Class,Yuki Müller,Corporate,South,Nashville,Technology,Machines,Machines - Model 174,2,0.2,796.71,119.5
2107,ORD-2644,2024-06-16,2024-06-23,Standard Class,Wei Kim,Consumer,East,New York,Technology,Phones,Phones - Model 884,1,0.1,377.07,92.17
2108,ORD-2645,2023-09-21,2023-09-24,First Class,James Brown,Corporate,East,Boston,Technology,Copiers,Copiers - Model 856,1,0.0,215.96,69.11
2109,ORD-2646,2023-10-19,2023-10-25,Standard Class,Fatima Garcia,Consumer,East,Philadelphia,Furniture,Bookcases,Bookcases - Model 160,1,0.1,254.03,33.87
2110,ORD-2647,2024-01-27,2024-01-29,First Class,Aisha Okafor,Consumer,East,Newark,Technology,Phones,Phones - Model 224,5,0.1,3457.12,845.07
2111,ORD-2648,2025-10-05,2025-10-08,First Class,Noah Smith,Consumer,East,New York,Office Supplies,Paper,Paper - Model 683,1,0.0,40.41,18.18
2112,ORD-2649,2023-03-23,2023-03-25,First Class,James Okafor,Consumer,Central,Dallas,Technology,Machines,Machines - Model 829,2,0.0,644.1,206.11
2113,ORD-2649,2023-03-23,2023-03-25,First Class,James Okafor,Consumer,Central,Dallas,Technology,Machines,Machines - Model 821,1,0.15,387.81,77.56
2114,ORD-2650,2023-09-09,2023-09-14,Second Class,Ivy Brown,Corporate,East,New York,Office Supplies,Storage,Storage - Model 319,2,0.0,84.33,37.95
2115,ORD-2651,2024-01-06,2024-01-12,Standard Class,Noah Kim,Corporate,East,New York,Technology,Phones,Phones - Model 353,4,0.1,1614.32,394.61
2116,ORD-2652,2024-09-16,2024-09-21,Second Class,Ethan Müller,Consumer,East,New York,Office Supplies,Storage,Storage - Model 654,3,0.0,80.61,36.27
2117,ORD-2653,2024-01-06,2024-01-08,First Class,Carlos Silva,Corporate,West,Seattle,Office Supplies,Labels,Labels - Model 485,4,0.1,106.68,41.48
2118,ORD-2653,2024-01-06,2024-01-08,First Class,Carlos Silva,Corporate,West,Seattle,Office Supplies,Labels,Labels - Model 338,1,0.1,37.44,14.56
2119,ORD-2654,2025-11-30,2025-12-04,Second Class,Liam Silva,Consumer,South,Nashville,Office Supplies,Paper,Paper - Model 463,1,0.0,52.39,23.57
2120,ORD-2655,2023-08-26,2023-08-28,First Class,Wei Silva,Corporate,East,New York,Technology,Machines,Machines - Model 572,2,0.15,961.95,192.39
2121,ORD-2656,2024-11-10,2024-11-12,First Class,Liam Nguyen,Corporate,West,Los Angeles,Office Supplies,Storage,Storage - Model 966,3,0.2,9.6,3.0
2122,ORD-2657,2023-09-01,2023-09-04,First Class,Omar Novak,Consumer,East,Philadelphia,Technology,Copiers,Copiers - Model 402,2,0.3,628.46,-26.93
2123,ORD-2658,2024-12-06,2024-12-13,Standard Class,Carlos Müller,Consumer,South,Atlanta,Office Supplies,Storage,Storage - Model 834,1,0.1,30.38,11.82
2124,ORD-2659,2025-12-29,2026-01-02,Second Class,Liam Novak,Consumer,West,Los Angeles,Office Supplies,Art,Art - Model 585,1,0.0,30.07,13.53
2125,ORD-2660,2025-02-19,2025-02-25,Standard Class,Noah Nguyen,Consumer,East,Newark,Office Supplies,Labels,Labels - Model 423,4,0.2,144.3,45.09
2126,ORD-2660,2025-02-19,2025-02-25,Standard Class,Noah Nguyen,Consumer,East,Newark,Office Supplies,Labels,Labels - Model 730,2,0.0,76.76,34.54
2127,ORD-2661,2025-08-27,2025-09-01,Second Class,Liam Novak,Corporate,West,Los Angeles,Office Supplies,Storage,Storage - Model 889,2,0.0,49.53,22.29
2128,ORD-2662,2023-09-23,2023-09-29,Standard Class,Maria Rossi,Consumer,West,Phoenix,Office Supplies,Storage,Storage - Model 168,2,0.0,61.2,27.54
2129,ORD-2663,2025-07-13,2025-07-18,Second Class,Maria Müller,Consumer,West,San Francisco,Office Supplies,Paper,Paper - Model 956,2,0.0,60.42,27.19
2130,ORD-2664,2024-08-11,2024-08-14,First Class,Yuki Kim,Consumer,West,Seattle,Furniture,Bookcases,Bookcases - Model 246,2,0.0,369.36,81.26
2131,ORD-2665,2024-04-23,2024-04-28,Second Class,Ivy Silva,Corporate,Central,Chicago,Technology,Phones,Phones - Model 726,2,0.2,252.99,37.94
2132,ORD-2666,2025-06-03,2025-06-08,Second Class,Noah Smith,Consumer,South,Nashville,Furniture,Bookcases,Bookcases - Model 644,2,0.15,350.92,28.9
2133,ORD-2667,2024-10-23,2024-10-25,First Class,Carlos Müller,Consumer,South,Miami,Office Supplies,Art,Art - Model 392,1,0.0,22.61,10.17
2134,ORD-2668,2025-02-22,2025-02-28,Standard Class,James Novak,Consumer,South,Nashville,Office Supplies,Art,Art - Model 316,2,0.0,69.35,31.21
2135,ORD-2669,2025-07-30,2025-08-05,Standard Class,Priya Okafor,Corporate,East,Boston,Office Supplies,Art,Art - Model 566,3,0.2,92.26,28.83
2136,ORD-2669,2025-07-30,2025-08-05,Standard Class,Priya Okafor,Corporate,East,Boston,Office Supplies,Art,Art - Model 711,1,0.1,37.46,14.57
2137,ORD-2670,2023-04-09,2023-04-15,Standard Class,Ivy Okafor,Consumer,East,Newark,Office Supplies,Paper,Paper - Model 526,4,0.0,230.31,103.64
2138,ORD-2671,2024-12-04,2024-12-11,Standard Class,Liam Diaz,Corporate,East,Newark,Office Supplies,Storage,Storage - Model 723,2,0.4,45.93,0.0
2139,ORD-2672,2025-11-24,2025-11-29,Second Class,Omar Silva,Consumer,South,Charlotte,Furniture,Bookcases,Bookcases - Model 372,1,0.15,87.61,7.22
2140,ORD-2673,2025-03-20,2025-03-20,Same Day,Noah Chen,Consumer,West,Seattle,Office Supplies,Storage,Storage - Model 665,1,0.0,34.17,15.38
2141,ORD-2674,2025-12-21,2025-12-28,Standard Class,Wei Chen,Corporate,South,Nashville,Office Supplies,Art,Art - Model 333,3,0.15,121.15,42.76
2142,ORD-2675,2025-04-05,2025-04-07,First Class,Carlos Patel,Consumer,West,Los Angeles,Office Supplies,Paper,Paper - Model 983,2,0.0,57.08,25.69
2143,ORD-2676,2023-11-19,2023-11-26,Standard Class,Liam Diaz,Corporate,South,Charlotte,Office Supplies,Storage,Storage - Model 564,1,0.1,27.01,10.5
2144,ORD-2677,2024-06-22,2024-06-23,Same Day,Sofia Okafor,Consumer,Central,Minneapolis,Furniture,Tables,Tables - Model 973,2,0.0,397.25,87.39
2145,ORD-2678,2025-11-13,2025-11-20,Standard Class,Yuki Müller,Consumer,West,Seattle,Technology,Phones,Phones - Model 658,1,0.2,450.26,67.54
2146,ORD-2679,2023-11-21,2023-11-23,First Class,Liam Chen,Consumer,Central,Minneapolis,Technology,Machines,Machines - Model 254,2,0.0,464.66,148.69
2147,ORD-2680,2024-06-27,2024-07-02,Second Class,Sofia Müller,Consumer,West,Seattle,Technology,Accessories,Accessories - Model 600,2,0.0,906.74,290.16
2148,ORD-2681,2024-02-23,2024-03-01,Standard Class,Fatima Diaz,Home Office,Central,Chicago,Office Supplies,Paper,Paper - Model 210,2,0.2,34.45,10.77
2149,ORD-2682,2023-02-18,2023-02-24,Standard Class,Liam Kim,Corporate,East,Philadelphia,Furniture,Chairs,Chairs - Model 247,1,0.0,244.39,53.77
2150,ORD-2683,2024-06-05,2024-06-12,Standard Class,Omar Silva,Consumer,Central,Minneapolis,Office Supplies,Storage,Storage - Model 588,2,0.0,112.6,50.67
2151,ORD-2684,2025-06-14,2025-06-21,Standard Class,Ethan Okafor,Home Office,South,Charlotte,Office Supplies,Storage,Storage - Model 337,3,0.0,85.78,38.6
2152,ORD-2685,2023-10-19,2023-10-22,First Class,Fatima Müller,Consumer,South,Nashville,Office Supplies,Binders,Binders - Model 990,2,0.2,39.19,12.25
2153,ORD-2685,2023-10-19,2023-10-22,First Class,Fatima Müller,Consumer,South,Nashville,Office Supplies,Binders,Binders - Model 491,4,0.1,145.7,56.66
2154,ORD-2686,2023-08-23,2023-08-30,Standard Class,Fatima Kim,Consumer,West,San Francisco,Office Supplies,Storage,Storage - Model 340,1,0.0,29.52,13.28
2155,ORD-2687,2025-05-16,2025-05-23,Standard Class,Maria Nguyen,Corporate,Central,Chicago,Office Supplies,Labels,Labels - Model 895,3,0.15,71.37,25.19
2156,ORD-2687,2025-05-16,2025-05-23,Standard Class,Maria Nguyen,Corporate,Central,Chicago,Office Supplies,Labels,Labels - Model 712,1,0.15,22.54,7.95
2157,ORD-2687,2025-05-16,2025-05-23,Standard Class,Maria Nguyen,Corporate,Central,Chicago,Office Supplies,Labels,Labels - Model 468,1,0.3,23.5,3.35
2158,ORD-2688,2023-12-12,2023-12-18,Standard Class,Omar Garcia,Home Office,Central,Houston,Office Supplies,Labels,Labels - Model 347,2,0.4,44.64,0.0
2159,ORD-2689,2023-09-12,2023-09-16,Second Class,James Okafor,Corporate,Central,Houston,Office Supplies,Paper,Paper - Model 182,3,0.0,101.54,45.69
2160,ORD-2690,2024-09-04,2024-09-07,First Class,Noah Nguyen,Corporate,Central,Chicago,Technology,Phones,Phones - Model 167,5,0.1,1928.67,471.45
2161,ORD-2691,2023-10-17,2023-10-24,Standard Class,Priya Nguyen,Consumer,West,Seattle,Technology,Accessories,Accessories - Model 786,2,0.1,803.24,196.35
2162,ORD-2691,2023-10-17,2023-10-24,Standard Class,Priya Nguyen,Consumer,West,Seattle,Technology,Accessories,Accessories - Model 361,1,0.2,120.02,18.0
2163,ORD-2692,2025-01-15,2025-01-21,Standard Class,Wei Kim,Consumer,East,Boston,Technology,Machines,Machines - Model 574,2,0.0,1079.12,345.32
2164,ORD-2693,2024-12-26,2025-01-01,Standard Class,Priya Smith,Consumer,Central,Minneapolis,Office Supplies,Paper,Paper - Model 113,2,0.1,98.9,38.46
2165,ORD-2694,2023-07-03,2023-07-09,Standard Class,Wei Garcia,Consumer,South,Charlotte,Office Supplies,Binders,Binders - Model 432,2,0.1,20.61,8.02
2166,ORD-2695,2025-10-13,2025-10-20,Standard Class,Maria Nguyen,Consumer,Central,Chicago,Office Supplies,Labels,Labels - Model 827,1,0.15,26.81,9.46
2167,ORD-2696,2024-02-07,2024-02-09,First Class,Priya Khan,Consumer,West,Phoenix,Technology,Accessories,Accessories - Model 276,2,0.3,501.88,-21.51
2168,ORD-2697,2024-07-20,2024-07-27,Standard Class,Liam Okafor,Consumer,Central,Chicago,Office Supplies,Storage,Storage - Model 504,3,0.1,129.46,50.34
2169,ORD-2697,2024-07-20,2024-07-27,Standard Class,Liam Okafor,Consumer,Central,Chicago,Office Supplies,Storage,Storage - Model 267,2,0.0,87.99,39.6
2170,ORD-2697,2024-07-20,2024-07-27,Standard Class,Liam Okafor,Consumer,Central,Chicago,Office Supplies,Storage,Storage - Model 810,1,0.1,15.47,6.02
2171,ORD-2698,2024-06-28,2024-07-01,First Class,Fatima Rossi,Consumer,West,Los Angeles,Office Supplies,Paper,Paper - Model 771,2,0.15,42.91,15.14
2172,ORD-2698,2024-06-28,2024-07-01,First Class,Fatima Rossi,Consumer,West,Los Angeles,Office Supplies,Paper,Paper - Model 710,2,0.2,89.58,27.99
2173,ORD-2699,2025-01-30,2025-02-06,Standard Class,Liam Novak,Consumer,East,Boston,Office Supplies,Paper,Paper - Model 258,3,0.0,137.55,61.9
2174,ORD-2700,2024-12-10,2024-12-17,Standard Class,Ethan Okafor,Corporate,Central,Dallas,Office Supplies,Art,Art - Model 598,2,0.3,63.99,9.14
2175,ORD-2701,2025-06-11,2025-06-13,First Class,Sofia Kim,Home Office,East,Philadelphia,Office Supplies,Storage,Storage - Model 514,1,0.0,49.1,22.09
2176,ORD-2701,2025-06-11,2025-06-13,First Class,Sofia Kim,Home Office,East,Philadelphia,Office Supplies,Storage,Storage - Model 748,1,0.0,39.16,17.62
2177,ORD-2701,2025-06-11,2025-06-13,First Class,Sofia Kim,Home Office,East,Philadelphia,Office Supplies,Storage,Storage - Model 830,2,0.0,42.28,19.02
2178,ORD-2702,2024-07-07,2024-07-13,Standard Class,Omar Smith,Consumer,West,San Francisco,Office Supplies,Storage,Storage - Model 224,3,0.0,130.62,58.78
2179,ORD-2703,2024-05-31,2024-06-07,Standard Class,Priya Kim,Consumer,Central,Dallas,Office Supplies,Paper,Paper - Model 853,3,0.0,98.75,44.44
2180,ORD-2704,2025-09-18,2025-09-25,Standard Class,Ivy Patel,Consumer,East,Newark,Technology,Accessories,Accessories - Model 678,1,0.15,590.46,118.09
2181,ORD-2705,2024-04-06,2024-04-12,Standard Class,Noah Brown,Corporate,South,Nashville,Office Supplies,Paper,Paper - Model 324,1,0.15,37.16,13.12
2182,ORD-2706,2023-02-19,2023-02-26,Standard Class,Wei Müller,Corporate,East,Boston,Office Supplies,Binders,Binders - Model 467,3,0.2,62.09,19.4
2183,ORD-2707,2023-05-14,2023-05-19,Second Class,Liam Kim,Consumer,East,New York,Office Supplies,Labels,Labels - Model 615,1,0.0,41.24,18.56
2184,ORD-2708,2024-08-19,2024-08-26,Standard Class,Noah Kim,Consumer,East,Philadelphia,Office Supplies,Labels,Labels - Model 681,2,0.0,82.4,37.08
2185,ORD-2709,2025-08-14,2025-08-20,Standard Class,Aisha Patel,Corporate,West,Phoenix,Office Supplies,Art,Art - Model 753,1,0.0,35.9,16.16
2186,ORD-2709,2025-08-14,2025-08-20,Standard Class,Aisha Patel,Corporate,West,Phoenix,Office Supplies,Art,Art - Model 455,2,0.0,32.63,14.69
2187,ORD-2710,2024-07-24,2024-07-29,Second Class,Wei Chen,Consumer,East,Boston,Office Supplies,Labels,Labels - Model 106,1,0.0,34.6,15.57
2188,ORD-2711,2023-05-11,2023-05-14,First Class,Ivy Khan,Corporate,South,Atlanta,Technology,Machines,Machines - Model 298,3,0.0,806.39,258.05
2189,ORD-2712,2025-12-09,2025-12-13,Second Class,Wei Okafor,Consumer,East,Philadelphia,Office Supplies,Art,Art - Model 988,2,0.0,74.52,33.54
2190,ORD-2713,2025-12-16,2025-12-17,Same Day,Omar Diaz,Consumer,East,Newark,Office Supplies,Storage,Storage - Model 234,2,0.0,100.84,45.38
2191,ORD-2714,2024-04-30,2024-05-07,Standard Class,Priya Garcia,Corporate,East,Philadelphia,Technology,Accessories,Accessories - Model 277,1,0.0,253.41,81.09
2192,ORD-2715,2025-11-15,2025-11-18,First Class,Fatima Kim,Corporate,West,San Francisco,Office Supplies,Paper,Paper - Model 484,1,0.1,44.76,17.41
2193,ORD-2716,2023-08-19,2023-08-25,Standard Class,Noah Novak,Consumer,East,Boston,Technology,Machines,Machines - Model 398,1,0.0,486.18,155.58
2194,ORD-2716,2023-08-19,2023-08-25,Standard Class,Noah Novak,Consumer,East,Boston,Technology,Machines,Machines - Model 985,5,0.1,882.91,215.82
2195,ORD-2716,2023-08-19,2023-08-25,Standard Class,Noah Novak,Consumer,East,Boston,Technology,Machines,Machines - Model 794,2,0.0,482.89,154.52
2196,ORD-2717,2024-01-16,2024-01-23,Standard Class,Yuki Smith,Corporate,West,Los Angeles,Office Supplies,Storage,Storage - Model 310,1,0.0,30.82,13.87
2197,ORD-2718,2024-12-28,2025-01-03,Standard Class,Liam Okafor,Corporate,South,Atlanta,Technology,Copiers,Copiers - Model 823,1,0.0,448.71,143.59
2198,ORD-2719,2023-03-30,2023-04-05,Standard Class,Omar Khan,Consumer,West,Los Angeles,Furniture,Tables,Tables - Model 951,1,0.3,22.29,-4.13
2199,ORD-2719,2023-03-30,2023-04-05,Standard Class,Omar Khan,Consumer,West,Los Angeles,Furniture,Tables,Tables - Model 105,1,0.15,260.16,21.43
2200,ORD-2720,2025-02-18,2025-02-25,Standard Class,Priya Rossi,Consumer,West,Seattle,Technology,Copiers,Copiers - Model 775,2,0.0,1173.67,375.57
2201,ORD-2721,2023-05-16,2023-05-23,Standard Class,Liam Diaz,Corporate,Central,Chicago,Office Supplies,Paper,Paper - Model 234,1,0.0,44.83,20.17
2202,ORD-2722,2025-02-15,2025-02-17,First Class,Wei Müller,Home Office,South,Miami,Technology,Copiers,Copiers - Model 572,1,0.0,530.74,169.84
2203,ORD-2723,2023-10-23,2023-10-29,Standard Class,Noah Silva,Consumer,Central,Chicago,Office Supplies,Binders,Binders - Model 717,1,0.1,51.44,20.01
2204,ORD-2724,2024-01-07,2024-01-12,Second Class,Ivy Novak,Consumer,East,Newark,Technology,Accessories,Accessories - Model 513,1,0.0,47.08,15.06
2205,ORD-2724,2024-01-07,2024-01-12,Second Class,Ivy Novak,Consumer,East,Newark,Technology,Accessories,Accessories - Model 871,1,0.0,336.54,107.69
2206,ORD-2725,2024-12-28,2024-12-29,Same Day,Fatima Nguyen,Consumer,South,Miami,Office Supplies,Binders,Binders - Model 698,1,0.0,45.19,20.33
2207,ORD-2726,2025-06-11,2025-06-18,Standard Class,Yuki Brown,Corporate,Central,Chicago,Technology,Phones,Phones - Model 625,4,0.2,1014.88,152.23
2208,ORD-2727,2023-05-09,2023-05-15,Standard Class,Fatima Rossi,Consumer,East,Boston,Office Supplies,Labels,Labels - Model 912,1,0.0,51.67,23.25
2209,ORD-2727,2023-05-09,2023-05-15,Standard Class,Fatima Rossi,Consumer,East,Boston,Office Supplies,Labels,Labels - Model 960,3,0.0,88.13,39.66
2210,ORD-2728,2023-01-10,2023-01-16,Standard Class,Wei Diaz,Consumer,South,Nashville,Office Supplies,Storage,Storage - Model 186,3,0.0,100.0,45.0
2211,ORD-2728,2023-01-10,2023-01-16,Standard Class,Wei Diaz,Consumer,South,Nashville,Office Supplies,Storage,Storage - Model 840,4,0.1,139.02,54.06
2212,ORD-2728,2023-01-10,2023-01-16,Standard Class,Wei Diaz,Consumer,South,Nashville,Office Supplies,Storage,Storage - Model 472,1,0.15,37.38,13.19
2213,ORD-2729,2025-03-05,2025-03-07,First Class,Ethan Garcia,Consumer,South,Atlanta,Technology,Accessories,Accessories - Model 383,2,0.0,906.67,290.14
2214,ORD-2729,2025-03-05,2025-03-07,First Class,Ethan Garcia,Consumer,South,Atlanta,Technology,Accessories,Accessories - Model 527,1,0.2,484.22,72.63
2215,ORD-2729,2025-03-05,2025-03-07,First Class,Ethan Garcia,Consumer,South,Atlanta,Technology,Accessories,Accessories - Model 884,3,0.15,1826.65,365.33
2216,ORD-2730,2023-05-15,2023-05-21,Standard Class,Maria Müller,Consumer,South,Atlanta,Office Supplies,Paper,Paper - Model 174,4,0.2,115.75,36.17
2217,ORD-2730,2023-05-15,2023-05-21,Standard Class,Maria Müller,Consumer,South,Atlanta,Office Supplies,Paper,Paper - Model 782,1,0.2,31.77,9.93
2218,ORD-2730,2023-05-15,2023-05-21,Standard Class,Maria Müller,Consumer,South,Atlanta,Office Supplies,Paper,Paper - Model 191,3,0.0,151.43,68.14
2219,ORD-2731,2024-08-30,2024-09-03,Second Class,Aisha Chen,Consumer,South,Miami,Furniture,Chairs,Chairs - Model 241,1,0.15,130.1,10.71
2220,ORD-2732,2025-12-28,2026-01-04,Standard Class,Wei Diaz,Consumer,West,Phoenix,Office Supplies,Binders,Binders - Model 590,5,0.0,276.45,124.4
2221,ORD-2732,2025-12-28,2026-01-04,Standard Class,Wei Diaz,Consumer,West,Phoenix,Office Supplies,Binders,Binders - Model 194,3,0.1,83.83,32.6
2222,ORD-2732,2025-12-28,2026-01-04,Standard Class,Wei Diaz,Consumer,West,Phoenix,Office Supplies,Binders,Binders - Model 967,5,0.1,210.78,81.97
2223,ORD-2733,2023-04-29,2023-05-01,First Class,Ivy Novak,Consumer,Central,Dallas,Furniture,Bookcases,Bookcases - Model 249,1,0.0,244.66,53.83
2224,ORD-2734,2024-10-02,2024-10-09,Standard Class,Omar Smith,Consumer,South,Atlanta,Technology,Machines,Machines - Model 217,2,0.0,648.56,207.54
2225,ORD-2734,2024-10-02,2024-10-09,Standard Class,Omar Smith,Consumer,South,Atlanta,Technology,Machines,Machines - Model 529,3,0.0,1765.81,565.06
2226,ORD-2735,2025-02-20,2025-02-25,Second Class,Liam Novak,Consumer,West,Seattle,Furniture,Furnishings,Furnishings - Model 404,1,0.15,235.19,19.37
2227,ORD-2735,2025-02-20,2025-02-25,Second Class,Liam Novak,Consumer,West,Seattle,Furniture,Furnishings,Furnishings - Model 223,1,0.2,249.51,6.23
2228,ORD-2735,2025-02-20,2025-02-25,Second Class,Liam Novak,Consumer,West,Seattle,Furniture,Furnishings,Furnishings - Model 528,2,0.1,367.03,48.94
2229,ORD-2736,2024-07-13,2024-07-20,Standard Class,Noah Patel,Home Office,South,Miami,Office Supplies,Paper,Paper - Model 845,4,0.0,167.21,75.24
2230,ORD-2736,2024-07-13,2024-07-20,Standard Class,Noah Patel,Home Office,South,Miami,Office Supplies,Paper,Paper - Model 502,2,0.1,95.81,37.26
2231,ORD-2736,2024-07-13,2024-07-20,Standard Class,Noah Patel,Home Office,South,Miami,Office Supplies,Paper,Paper - Model 493,2,0.2,61.2,19.12
2232,ORD-2737,2025-03-01,2025-03-05,Second Class,Ivy Nguyen,Home Office,West,Seattle,Furniture,Tables,Tables - Model 710,2,0.0,530.19,116.64
2233,ORD-2737,2025-03-01,2025-03-05,Second Class,Ivy Nguyen,Home Office,West,Seattle,Furniture,Tables,Tables - Model 480,1,0.0,133.56,29.38
2234,ORD-2737,2025-03-01,2025-03-05,Second Class,Ivy Nguyen,Home Office,West,Seattle,Furniture,Tables,Tables - Model 922,1,0.0,235.82,51.88
2235,ORD-2738,2024-08-12,2024-08-17,Second Class,Priya Khan,Consumer,West,Seattle,Technology,Accessories,Accessories - Model 115,1,0.15,519.33,103.87
2236,ORD-2738,2024-08-12,2024-08-17,Second Class,Priya Khan,Consumer,West,Seattle,Technology,Accessories,Accessories - Model 156,2,0.3,544.39,-23.32
2237,ORD-2738,2024-08-12,2024-08-17,Second Class,Priya Khan,Consumer,West,Seattle,Technology,Accessories,Accessories - Model 860,3,0.0,1145.12,366.44
2238,ORD-2739,2025-07-09,2025-07-16,Standard Class,Priya Müller,Consumer,South,Charlotte,Furniture,Bookcases,Bookcases - Model 104,2,0.3,392.43,-72.88
2239,ORD-2740,2023-09-28,2023-10-04,Standard Class,Maria Patel,Corporate,West,Seattle,Furniture,Bookcases,Bookcases - Model 927,1,0.0,219.02,48.19
2240,ORD-2741,2023-10-20,2023-10-26,Standard Class,Ivy Kim,Consumer,South,Miami,Office Supplies,Labels,Labels - Model 807,1,0.0,29.54,13.3
2241,ORD-2742,2024-11-13,2024-11-17,Second Class,Ethan Novak,Corporate,East,Newark,Furniture,Chairs,Chairs - Model 383,1,0.3,132.59,-24.62
2242,ORD-2743,2023-12-19,2023-12-23,Second Class,Priya Garcia,Consumer,West,Phoenix,Technology,Accessories,Accessories - Model 777,4,0.0,1258.71,402.79
2243,ORD-2744,2025-07-02,2025-07-08,Standard Class,Aisha Chen,Home Office,Central,Dallas,Technology,Phones,Phones - Model 781,2,0.1,816.52,199.59
2244,ORD-2744,2025-07-02,2025-07-08,Standard Class,Aisha Chen,Home Office,Central,Dallas,Technology,Phones,Phones - Model 284,2,0.0,284.38,91.0
2245,ORD-2744,2025-07-02,2025-07-08,Standard Class,Aisha Chen,Home Office,Central,Dallas,Technology,Phones,Phones - Model 530,1,0.0,388.08,124.19
2246,ORD-2745,2025-12-11,2025-12-17,Standard Class,James Garcia,Consumer,East,Newark,Office Supplies,Labels,Labels - Model 428,1,0.3,25.19,3.6
2247,ORD-2746,2025-04-28,2025-05-04,Standard Class,Fatima Novak,Corporate,South,Atlanta,Office Supplies,Paper,Paper - Model 165,1,0.0,35.03,15.76
2248,ORD-2747,2023-08-28,2023-09-03,Standard Class,Maria Kim,Consumer,East,Philadelphia,Technology,Machines,Machines - Model 337,2,0.1,387.9,94.82
2249,ORD-2748,2024-11-14,2024-11-16,First Class,Maria Khan,Consumer,Central,Minneapolis,Technology,Phones,Phones - Model 317,1,0.15,594.12,118.82
2250,ORD-2749,2023-10-20,2023-10-25,Second Class,Ethan Okafor,Consumer,West,Seattle,Technology,Phones,Phones - Model 994,2,0.4,619.6,-134.24
2251,ORD-2750,2025-01-04,2025-01-10,Standard Class,Priya Smith,Corporate,West,Phoenix,Office Supplies,Storage,Storage - Model 188,1,0.1,29.32,11.4
2252,ORD-2750,2025-01-04,2025-01-10,Standard Class,Priya Smith,Corporate,West,Phoenix,Office Supplies,Storage,Storage - Model 766,1,0.4,27.39,0.0
2253,ORD-2751,2025-08-06,2025-08-09,First Class,Wei Brown,Consumer,East,Boston,Office Supplies,Binders,Binders - Model 219,1,0.1,31.03,12.07
2254,ORD-2752,2023-01-03,2023-01-09,Standard Class,Wei Novak,Consumer,Central,Minneapolis,Office Supplies,Storage,Storage - Model 690,3,0.0,89.72,40.37
2255,ORD-2753,2025-11-17,2025-11-20,First Class,Noah Silva,Home Office,West,San Francisco,Office Supplies,Art,Art - Model 716,1,0.0,32.96,14.83
2256,ORD-2754,2024-04-09,2024-04-12,First Class,Ethan Diaz,Home Office,South,Nashville,Office Supplies,Art,Art - Model 170,3,0.0,152.55,68.65
2257,ORD-2754,2024-04-09,2024-04-12,First Class,Ethan Diaz,Home Office,South,Nashville,Office Supplies,Art,Art - Model 241,2,0.0,56.02,25.21
2258,ORD-2755,2024-05-10,2024-05-17,Standard Class,Noah Smith,Consumer,South,Miami,Office Supplies,Paper,Paper - Model 766,1,0.15,34.91,12.32
2259,ORD-2755,2024-05-10,2024-05-17,Standard Class,Noah Smith,Consumer,South,Miami,Office Supplies,Paper,Paper - Model 344,2,0.2,71.13,22.23
2260,ORD-2755,2024-05-10,2024-05-17,Standard Class,Noah Smith,Consumer,South,Miami,Office Supplies,Paper,Paper - Model 977,5,0.3,132.91,18.99
2261,ORD-2756,2023-01-25,2023-01-31,Standard Class,Noah Rossi,Consumer,West,Seattle,Office Supplies,Art,Art - Model 107,2,0.15,51.42,18.15
2262,ORD-2757,2023-03-14,2023-03-20,Standard Class,Noah Rossi,Corporate,Central,Dallas,Office Supplies,Art,Art - Model 488,2,0.15,55.63,19.64
2263,ORD-2758,2024-07-28,2024-08-04,Standard Class,Priya Kim,Corporate,South,Atlanta,Office Supplies,Labels,Labels - Model 290,1,0.0,47.13,21.21
2264,ORD-2759,2024-09-04,2024-09-10,Standard Class,Wei Nguyen,Consumer,West,Seattle,Office Supplies,Labels,Labels - Model 589,1,0.15,5.79,2.04
2265,ORD-2759,2024-09-04,2024-09-10,Standard Class,Wei Nguyen,Consumer,West,Seattle,Office Supplies,Labels,Labels - Model 597,3,0.1,92.08,35.81
2266,ORD-2760,2024-07-30,2024-08-05,Standard Class,Omar Novak,Consumer,East,Philadelphia,Technology,Phones,Phones - Model 397,3,0.15,853.4,170.68
2267,ORD-2761,2025-04-18,2025-04-22,Second Class,Carlos Garcia,Consumer,South,Nashville,Furniture,Furnishings,Furnishings - Model 906,2,0.3,421.6,-78.29
2268,ORD-2762,2023-06-29,2023-06-29,Same Day,Noah Rossi,Corporate,West,Los Angeles,Office Supplies,Storage,Storage - Model 162,1,0.2,17.88,5.59
2269,ORD-2763,2024-05-22,2024-05-27,Second Class,Noah Silva,Consumer,South,Atlanta,Furniture,Furnishings,Furnishings - Model 870,1,0.1,69.65,9.29
2270,ORD-2763,2024-05-22,2024-05-27,Second Class,Noah Silva,Consumer,South,Atlanta,Furniture,Furnishings,Furnishings - Model 498,1,0.0,257.54,56.66
2271,ORD-2764,2023-12-19,2023-12-19,Same Day,Omar Diaz,Consumer,East,Boston,Office Supplies,Labels,Labels - Model 876,1,0.2,21.96,6.86
2272,ORD-2765,2024-04-09,2024-04-16,Standard Class,Noah Okafor,Consumer,Central,Dallas,Office Supplies,Labels,Labels - Model 349,4,0.0,123.68,55.66
2273,ORD-2766,2023-07-22,2023-07-29,Standard Class,Yuki Kim,Consumer,East,Philadelphia,Office Supplies,Paper,Paper - Model 276,1,0.0,45.91,20.66
2274,ORD-2767,2024-03-21,2024-03-26,Second Class,Priya Rossi,Home Office,Central,Houston,Furniture,Chairs,Chairs - Model 282,2,0.0,464.63,102.22
2275,ORD-2767,2024-03-21,2024-03-26,Second Class,Priya Rossi,Home Office,Central,Houston,Furniture,Chairs,Chairs - Model 413,2,0.1,388.55,51.81
2276,ORD-2768,2024-02-26,2024-03-01,Second Class,Aisha Diaz,Corporate,East,New York,Office Supplies,Paper,Paper - Model 817,1,0.0,45.14,20.31
2277,ORD-2769,2025-11-19,2025-11-23,Second Class,Ivy Khan,Consumer,East,Boston,Furniture,Chairs,Chairs - Model 759,3,0.1,765.23,102.03
2278,ORD-2770,2024-10-11,2024-10-17,Standard Class,Noah Smith,Corporate,West,Phoenix,Office Supplies,Art,Art - Model 921,1,0.0,39.87,17.94
2279,ORD-2771,2023-09-22,2023-09-28,Standard Class,Liam Smith,Corporate,West,Los Angeles,Office Supplies,Art,Art - Model 101,2,0.2,43.76,13.67
2280,ORD-2772,2024-01-28,2024-02-03,Standard Class,Omar Khan,Consumer,South,Atlanta,Furniture,Tables,Tables - Model 460,2,0.0,566.31,124.59
2281,ORD-2773,2024-03-15,2024-03-21,Standard Class,Priya Okafor,Consumer,Central,Houston,Office Supplies,Storage,Storage - Model 870,3,0.15,107.92,38.09
2282,ORD-2774,2025-02-09,2025-02-15,Standard Class,Maria Kim,Corporate,Central,Houston,Furniture,Furnishings,Furnishings - Model 770,3,0.2,712.7,17.81
2283,ORD-2775,2024-11-10,2024-11-16,Standard Class,Yuki Müller,Consumer,East,Boston,Technology,Copiers,Copiers - Model 507,3,0.0,1811.31,579.62
2284,ORD-2776,2023-01-04,2023-01-11,Standard Class,Priya Khan,Corporate,South,Miami,Technology,Machines,Machines - Model 674,1,0.0,297.49,95.2
2285,ORD-2776,2023-01-04,2023-01-11,Standard Class,Priya Khan,Corporate,South,Miami,Technology,Machines,Machines - Model 277,4,0.3,535.42,-22.95
2286,ORD-2777,2025-12-27,2025-12-27,Same Day,Priya Nguyen,Corporate,West,Phoenix,Office Supplies,Binders,Binders - Model 565,2,0.0,76.28,34.32
2287,ORD-2777,2025-12-27,2025-12-27,Same Day,Priya Nguyen,Corporate,West,Phoenix,Office Supplies,Binders,Binders - Model 546,3,0.1,134.05,52.13
2288,ORD-2777,2025-12-27,2025-12-27,Same Day,Priya Nguyen,Corporate,West,Phoenix,Office Supplies,Binders,Binders - Model 522,1,0.1,36.92,14.36
2289,ORD-2778,2025-02-07,2025-02-10,First Class,Fatima Okafor,Corporate,East,Philadelphia,Office Supplies,Art,Art - Model 663,1,0.15,20.33,7.18
2290,ORD-2779,2024-01-23,2024-01-26,First Class,Wei Novak,Corporate,East,Newark,Furniture,Chairs,Chairs - Model 284,2,0.0,510.31,112.27
2291,ORD-2780,2024-01-03,2024-01-03,Same Day,Ivy Patel,Consumer,South,Charlotte,Office Supplies,Paper,Paper - Model 571,1,0.1,29.25,11.38
2292,ORD-2781,2024-12-07,2024-12-14,Standard Class,Liam Garcia,Corporate,Central,Dallas,Office Supplies,Paper,Paper - Model 312,2,0.1,24.79,9.64
2293,ORD-2781,2024-12-07,2024-12-14,Standard Class,Liam Garcia,Corporate,Central,Dallas,Office Supplies,Paper,Paper - Model 967,1,0.2,14.72,4.6
2294,ORD-2781,2024-12-07,2024-12-14,Standard Class,Liam Garcia,Corporate,Central,Dallas,Office Supplies,Paper,Paper - Model 223,4,0.0,154.57,69.56
2295,ORD-2782,2023-12-23,2023-12-26,First Class,James Chen,Consumer,Central,Minneapolis,Office Supplies,Labels,Labels - Model 526,3,0.15,88.8,31.34
2296,ORD-2783,2025-06-27,2025-06-29,First Class,Carlos Smith,Corporate,East,Philadelphia,Office Supplies,Paper,Paper - Model 498,1,0.0,37.5,16.88
2297,ORD-2784,2024-04-23,2024-04-29,Standard Class,Carlos Khan,Consumer,West,Phoenix,Technology,Copiers,Copiers - Model 150,1,0.1,149.06,36.44
2298,ORD-2785,2025-12-21,2025-12-28,Standard Class,Noah Novak,Home Office,West,Los Angeles,Office Supplies,Art,Art - Model 558,1,0.0,65.11,29.3
2299,ORD-2786,2024-05-19,2024-05-26,Standard Class,Maria Khan,Consumer,East,Philadelphia,Office Supplies,Art,Art - Model 162,1,0.2,24.11,7.53
2300,ORD-2787,2025-07-25,2025-07-31,Standard Class,Carlos Müller,Consumer,West,San Francisco,Technology,Copiers,Copiers - Model 155,1,0.0,298.84,95.63
2301,ORD-2787,2025-07-25,2025-07-31,Standard Class,Carlos Müller,Consumer,West,San Francisco,Technology,Copiers,Copiers - Model 651,5,0.1,1812.11,442.96
2302,ORD-2787,2025-07-25,2025-07-31,Standard Class,Carlos Müller,Consumer,West,San Francisco,Technology,Copiers,Copiers - Model 207,1,0.0,202.96,64.95
2303,ORD-2788,2023-06-10,2023-06-12,First Class,James Brown,Corporate,West,Los Angeles,Furniture,Tables,Tables - Model 623,2,0.0,276.55,60.84
2304,ORD-2789,2024-11-13,2024-11-20,Standard Class,Noah Kim,Consumer,South,Nashville,Office Supplies,Art,Art - Model 883,2,0.1,13.11,5.1
2305,ORD-2790,2025-09-13,2025-09-20,Standard Class,Ivy Müller,Consumer,West,San Francisco,Office Supplies,Paper,Paper - Model 270,4,0.15,104.57,36.91
2306,ORD-2791,2024-10-21,2024-10-24,First Class,Aisha Smith,Consumer,Central,Minneapolis,Technology,Copiers,Copiers - Model 293,2,0.0,705.76,225.84
2307,ORD-2792,2025-04-13,2025-04-19,Standard Class,Carlos Diaz,Consumer,West,Phoenix,Office Supplies,Labels,Labels - Model 114,1,0.15,47.85,16.89
2308,ORD-2792,2025-04-13,2025-04-19,Standard Class,Carlos Diaz,Consumer,West,Phoenix,Office Supplies,Labels,Labels - Model 277,2,0.0,105.54,47.49
2309,ORD-2793,2025-06-18,2025-06-25,Standard Class,Ivy Patel,Home Office,East,Newark,Office Supplies,Art,Art - Model 285,1,0.2,46.94,14.67
2310,ORD-2794,2023-01-22,2023-01-25,First Class,Ethan Silva,Corporate,West,Los Angeles,Office Supplies,Labels,Labels - Model 889,3,0.0,168.88,75.99
2311,ORD-2795,2024-03-24,2024-03-30,Standard Class,Ivy Brown,Consumer,East,New York,Furniture,Bookcases,Bookcases - Model 970,1,0.15,142.69,11.75
2312,ORD-2795,2024-03-24,2024-03-30,Standard Class,Ivy Brown,Consumer,East,New York,Furniture,Bookcases,Bookcases - Model 892,2,0.15,578.78,47.66
2313,ORD-2796,2023-10-26,2023-11-01,Standard Class,Ivy Nguyen,Consumer,West,Los Angeles,Technology,Copiers,Copiers - Model 749,1,0.0,456.18,145.98
2314,ORD-2797,2025-05-24,2025-05-31,Standard Class,Fatima Nguyen,Consumer,West,Los Angeles,Technology,Machines,Machines - Model 882,2,0.0,1072.75,343.28
2315,ORD-2798,2025-08-13,2025-08-19,Standard Class,Yuki Silva,Home Office,South,Charlotte,Furniture,Tables,Tables - Model 790,4,0.0,593.31,130.53
2316,ORD-2799,2024-12-20,2024-12-23,First Class,Liam Garcia,Consumer,South,Atlanta,Office Supplies,Labels,Labels - Model 579,1,0.3,13.34,1.91
2317,ORD-2800,2024-07-12,2024-07-18,Standard Class,Sofia Kim,Consumer,West,Phoenix,Office Supplies,Binders,Binders - Model 963,2,0.0,68.58,30.86
2318,ORD-2801,2024-11-29,2024-12-04,Second Class,Aisha Diaz,Corporate,South,Nashville,Office Supplies,Storage,Storage - Model 376,3,0.0,58.95,26.53
2319,ORD-2802,2024-11-03,2024-11-09,Standard Class,Noah Diaz,Corporate,East,Newark,Technology,Accessories,Accessories - Model 297,1,0.0,424.52,135.84
2320,ORD-2803,2024-11-28,2024-12-01,First Class,Ivy Kim,Corporate,Central,Chicago,Office Supplies,Labels,Labels - Model 552,2,0.0,86.1,38.75
2321,ORD-2804,2023-07-13,2023-07-20,Standard Class,Liam Kim,Home Office,West,Seattle,Office Supplies,Art,Art - Model 580,1,0.1,56.4,21.93
2322,ORD-2804,2023-07-13,2023-07-20,Standard Class,Liam Kim,Home Office,West,Seattle,Office Supplies,Art,Art - Model 486,5,0.0,96.58,43.46
2323,ORD-2804,2023-07-13,2023-07-20,Standard Class,Liam Kim,Home Office,West,Seattle,Office Supplies,Art,Art - Model 557,2,0.1,59.22,23.03
2324,ORD-2805,2025-01-24,2025-01-30,Standard Class,Noah Patel,Consumer,West,San Francisco,Furniture,Tables,Tables - Model 470,4,0.0,843.59,185.59
2325,ORD-2806,2023-07-11,2023-07-18,Standard Class,Fatima Okafor,Corporate,South,Miami,Office Supplies,Paper,Paper - Model 220,3,0.15,99.53,35.13
2326,ORD-2806,2023-07-11,2023-07-18,Standard Class,Fatima Okafor,Corporate,South,Miami,Office Supplies,Paper,Paper - Model 171,1,0.0,56.32,25.34
2327,ORD-2807,2023-11-03,2023-11-05,First Class,Carlos Diaz,Corporate,East,Newark,Technology,Machines,Machines - Model 757,2,0.3,592.36,-25.39
2328,ORD-2808,2025-05-22,2025-05-26,Second Class,Maria Müller,Corporate,West,San Francisco,Office Supplies,Binders,Binders - Model 243,1,0.2,22.04,6.89
2329,ORD-2809,2024-07-05,2024-07-11,Standard Class,Ivy Silva,Home Office,West,Phoenix,Office Supplies,Storage,Storage - Model 936,2,0.2,70.1,21.9
2330,ORD-2810,2025-11-18,2025-11-18,Same Day,Priya Patel,Consumer,Central,Chicago,Technology,Machines,Machines - Model 176,3,0.0,1623.85,519.63
2331,ORD-2811,2024-10-24,2024-10-24,Same Day,James Rossi,Corporate,East,Boston,Technology,Machines,Machines - Model 206,3,0.0,1365.78,437.05
2332,ORD-2812,2024-05-11,2024-05-17,Standard Class,Liam Kim,Home Office,South,Charlotte,Furniture,Bookcases,Bookcases - Model 851,1,0.2,189.28,4.73
2333,ORD-2813,2023-08-01,2023-08-06,Second Class,Sofia Rossi,Consumer,East,Boston,Furniture,Furnishings,Furnishings - Model 599,1,0.0,316.18,69.56
2334,ORD-2814,2025-09-06,2025-09-13,Standard Class,Sofia Kim,Consumer,East,Boston,Technology,Phones,Phones - Model 679,1,0.0,486.57,155.7
2335,ORD-2815,2025-03-18,2025-03-25,Standard Class,Maria Kim,Consumer,Central,Houston,Office Supplies,Storage,Storage - Model 196,4,0.1,56.16,21.84
2336,ORD-2816,2024-11-22,2024-11-23,Same Day,Noah Müller,Corporate,West,Los Angeles,Technology,Machines,Machines - Model 951,1,0.1,547.53,133.84
2337,ORD-2817,2024-11-26,2024-11-28,First Class,Maria Novak,Consumer,West,Phoenix,Office Supplies,Storage,Storage - Model 397,4,0.1,175.89,68.4
2338,ORD-2818,2023-10-28,2023-11-03,Standard Class,Liam Khan,Corporate,West,Los Angeles,Office Supplies,Art,Art - Model 405,3,0.3,59.27,8.47
2339,ORD-2818,2023-10-28,2023-11-03,Standard Class,Liam Khan,Corporate,West,Los Angeles,Office Supplies,Art,Art - Model 935,1,0.0,17.02,7.66
2340,ORD-2819,2025-12-24,2025-12-27,First Class,Aisha Müller,Home Office,South,Charlotte,Office Supplies,Art,Art - Model 271,1,0.0,22.08,9.93
2341,ORD-2820,2024-08-15,2024-08-17,First Class,Omar Khan,Consumer,West,Phoenix,Technology,Copiers,Copiers - Model 529,2,0.1,820.28,200.52
2342,ORD-2821,2025-12-03,2025-12-10,Standard Class,Liam Garcia,Consumer,Central,Minneapolis,Office Supplies,Binders,Binders - Model 591,3,0.1,146.47,56.96
2343,ORD-2822,2025-11-25,2025-11-30,Second Class,Fatima Müller,Consumer,East,Boston,Office Supplies,Storage,Storage - Model 770,1,0.0,18.76,8.44
2344,ORD-2823,2023-10-28,2023-10-31,First Class,Fatima Kim,Consumer,East,Newark,Technology,Copiers,Copiers - Model 408,2,0.15,514.44,102.89
2345,ORD-2824,2025-04-13,2025-04-13,Same Day,Ethan Diaz,Home Office,Central,Chicago,Furniture,Furnishings,Furnishings - Model 402,3,0.1,718.28,95.77
2346,ORD-2824,2025-04-13,2025-04-13,Same Day,Ethan Diaz,Home Office,Central,Chicago,Furniture,Furnishings,Furnishings - Model 464,2,0.0,477.67,105.08
2347,ORD-2825,2025-08-27,2025-09-02,Standard Class,Ivy Patel,Corporate,West,Phoenix,Office Supplies,Paper,Paper - Model 549,3,0.0,70.15,31.57
2348,ORD-2826,2023-02-14,2023-02-20,Standard Class,Ivy Brown,Corporate,Central,Houston,Office Supplies,Storage,Storage - Model 407,1,0.0,30.09,13.54
2349,ORD-2827,2025-10-19,2025-10-20,Same Day,Fatima Nguyen,Consumer,South,Atlanta,Technology,Copiers,Copiers - Model 329,2,0.2,429.02,64.36
2350,ORD-2828,2023-01-23,2023-01-30,Standard Class,Ivy Novak,Consumer,Central,Houston,Office Supplies,Art,Art - Model 569,2,0.0,59.08,26.59
2351,ORD-2829,2023-04-05,2023-04-11,Standard Class,Noah Chen,Corporate,West,Los Angeles,Furniture,Bookcases,Bookcases - Model 736,5,0.0,1220.98,268.62
2352,ORD-2830,2025-01-15,2025-01-21,Standard Class,James Brown,Consumer,East,Boston,Technology,Machines,Machines - Model 967,2,0.15,498.28,99.66
2353,ORD-2831,2024-06-25,2024-07-02,Standard Class,Ethan Rossi,Consumer,East,Newark,Furniture,Bookcases,Bookcases - Model 341,2,0.0,490.65,107.94
2354,ORD-2832,2023-07-05,2023-07-12,Standard Class,Ivy Garcia,Corporate,South,Charlotte,Office Supplies,Storage,Storage - Model 276,1,0.0,31.13,14.01
2355,ORD-2833,2025-01-01,2025-01-08,Standard Class,Aisha Garcia,Consumer,Central,Houston,Furniture,Bookcases,Bookcases - Model 914,2,0.2,278.0,6.95
2356,ORD-2834,2024-03-13,2024-03-20,Standard Class,Ethan Garcia,Consumer,West,Seattle,Office Supplies,Binders,Binders - Model 898,1,0.3,23.09,3.3
2357,ORD-2835,2023-07-27,2023-07-28,Same Day,Noah Chen,Consumer,South,Atlanta,Office Supplies,Paper,Paper - Model 868,3,0.0,103.35,46.51
2358,ORD-2836,2025-12-12,2025-12-16,Second Class,Ivy Kim,Consumer,South,Miami,Furniture,Bookcases,Bookcases - Model 989,2,0.0,658.52,144.87
2359,ORD-2837,2025-02-03,2025-02-10,Standard Class,Priya Diaz,Consumer,East,New York,Technology,Phones,Phones - Model 637,3,0.0,1728.93,553.26
2360,ORD-2837,2025-02-03,2025-02-10,Standard Class,Priya Diaz,Consumer,East,New York,Technology,Phones,Phones - Model 833,3,0.0,1171.59,374.91
2361,ORD-2838,2023-09-21,2023-09-28,Standard Class,Carlos Brown,Corporate,West,Los Angeles,Technology,Phones,Phones - Model 463,3,0.0,1318.69,421.98
2362,ORD-2838,2023-09-21,2023-09-28,Standard Class,Carlos Brown,Corporate,West,Los Angeles,Technology,Phones,Phones - Model 406,3,0.2,467.85,70.18
2363,ORD-2838,2023-09-21,2023-09-28,Standard Class,Carlos Brown,Corporate,West,Los Angeles,Technology,Phones,Phones - Model 986,1,0.0,448.71,143.59
2364,ORD-2839,2024-07-25,2024-07-28,First Class,Ivy Silva,Home Office,South,Atlanta,Office Supplies,Binders,Binders - Model 631,2,0.0,50.26,22.61
2365,ORD-2839,2024-07-25,2024-07-28,First Class,Ivy Silva,Home Office,South,Atlanta,Office Supplies,Binders,Binders - Model 110,1,0.0,53.61,24.13
2366,ORD-2840,2024-06-09,2024-06-16,Standard Class,Ivy Diaz,Corporate,East,Philadelphia,Office Supplies,Paper,Paper - Model 860,2,0.0,38.82,17.47
2367,ORD-2840,2024-06-09,2024-06-16,Standard Class,Ivy Diaz,Corporate,East,Philadelphia,Office Supplies,Paper,Paper - Model 289,3,0.0,91.49,41.17
2368,ORD-2841,2024-07-16,2024-07-23,Standard Class,Omar Silva,Corporate,East,Philadelphia,Furniture,Chairs,Chairs - Model 791,2,0.0,227.28,50.0
2369,ORD-2842,2023-06-13,2023-06-17,Second Class,Ivy Nguyen,Consumer,West,Seattle,Technology,Phones,Phones - Model 858,2,0.0,873.9,279.64
2370,ORD-2843,2025-11-03,2025-11-06,First Class,Ethan Chen,Consumer,West,San Francisco,Technology,Phones,Phones - Model 575,1,0.0,235.46,75.34
2371,ORD-2844,2023-02-19,2023-02-25,Standard Class,Wei Okafor,Consumer,South,Miami,Office Supplies,Labels,Labels - Model 318,2,0.15,71.68,25.3
2372,ORD-2845,2023-01-16,2023-01-22,Standard Class,Liam Rossi,Corporate,East,Newark,Technology,Copiers,Copiers - Model 396,2,0.0,1290.27,412.89
2373,ORD-2845,2023-01-16,2023-01-22,Standard Class,Liam Rossi,Corporate,East,Newark,Technology,Copiers,Copiers - Model 646,1,0.0,339.39,108.6
2374,ORD-2846,2023-12-16,2023-12-22,Standard Class,Aisha Okafor,Home Office,East,New York,Furniture,Bookcases,Bookcases - Model 268,4,0.0,572.34,125.92
2375,ORD-2847,2025-10-27,2025-11-01,Second Class,Liam Garcia,Consumer,East,Boston,Office Supplies,Labels,Labels - Model 991,3,0.0,100.45,45.2
2376,ORD-2848,2025-11-27,2025-12-04,Standard Class,Aisha Okafor,Consumer,East,Boston,Office Supplies,Labels,Labels - Model 411,1,0.0,46.19,20.79
2377,ORD-2849,2025-01-01,2025-01-04,First Class,Carlos Silva,Consumer,Central,Houston,Office Supplies,Storage,Storage - Model 579,2,0.15,60.86,21.48
2378,ORD-2850,2023-03-17,2023-03-20,First Class,Maria Patel,Consumer,West,Phoenix,Technology,Copiers,Copiers - Model 850,2,0.0,843.07,269.78
2379,ORD-2851,2024-08-11,2024-08-14,First Class,Maria Müller,Consumer,Central,Houston,Office Supplies,Art,Art - Model 508,1,0.0,49.62,22.33
2380,ORD-2852,2025-03-20,2025-03-22,First Class,Wei Brown,Consumer,West,Los Angeles,Technology,Copiers,Copiers - Model 310,1,0.15,356.94,71.39
2381,ORD-2852,2025-03-20,2025-03-22,First Class,Wei Brown,Consumer,West,Los Angeles,Technology,Copiers,Copiers - Model 821,1,0.0,636.6,203.71
2382,ORD-2853,2025-12-06,2025-12-12,Standard Class,Aisha Chen,Corporate,South,Nashville,Office Supplies,Art,Art - Model 785,3,0.0,129.76,58.39
2383,ORD-2854,2025-06-21,2025-06-28,Standard Class,Aisha Garcia,Corporate,West,Seattle,Office Supplies,Binders,Binders - Model 491,2,0.15,40.42,14.27
2384,ORD-2855,2025-05-07,2025-05-13,Standard Class,Ethan Nguyen,Consumer,East,New York,Furniture,Bookcases,Bookcases - Model 200,1,0.1,202.65,27.02
2385,ORD-2855,2025-05-07,2025-05-13,Standard Class,Ethan Nguyen,Consumer,East,New York,Furniture,Bookcases,Bookcases - Model 109,5,0.1,1529.39,203.92
2386,ORD-2856,2024-11-29,2024-12-04,Second Class,Wei Kim,Consumer,East,Philadelphia,Office Supplies,Labels,Labels - Model 681,1,0.0,35.58,16.01
2387,ORD-2857,2023-03-11,2023-03-14,First Class,Omar Müller,Home Office,East,Boston,Office Supplies,Art,Art - Model 782,1,0.0,22.17,9.98
2388,ORD-2858,2025-10-06,2025-10-13,Standard Class,Fatima Müller,Corporate,Central,Dallas,Office Supplies,Paper,Paper - Model 593,4,0.2,147.59,46.12
2389,ORD-2859,2023-10-24,2023-10-31,Standard Class,James Khan,Consumer,South,Nashville,Technology,Accessories,Accessories - Model 640,3,0.0,1226.69,392.54
2390,ORD-2860,2024-07-31,2024-07-31,Same Day,James Diaz,Corporate,Central,Minneapolis,Furniture,Tables,Tables - Model 139,1,0.0,133.22,29.31
2391,ORD-2860,2024-07-31,2024-07-31,Same Day,James Diaz,Corporate,Central,Minneapolis,Furniture,Tables,Tables - Model 313,1,0.0,172.04,37.85
2392,ORD-2860,2024-07-31,2024-07-31,Same Day,James Diaz,Corporate,Central,Minneapolis,Furniture,Tables,Tables - Model 598,2,0.3,274.99,-51.07
2393,ORD-2861,2025-12-20,2025-12-26,Standard Class,Ethan Chen,Home Office,Central,Minneapolis,Office Supplies,Paper,Paper - Model 673,4,0.0,167.72,75.47
2394,ORD-2862,2023-06-20,2023-06-24,Second Class,Carlos Diaz,Consumer,Central,Minneapolis,Office Supplies,Art,Art - Model 900,3,0.15,67.59,23.86
2395,ORD-2863,2023-11-08,2023-11-11,First Class,Liam Novak,Consumer,East,New York,Furniture,Bookcases,Bookcases - Model 719,1,0.0,405.39,89.19
2396,ORD-2864,2023-10-30,2023-11-03,Second Class,Ivy Patel,Consumer,West,San Francisco,Furniture,Furnishings,Furnishings - Model 413,2,0.0,478.7,105.31
2397,ORD-2865,2025-11-28,2025-12-04,Standard Class,Ivy Rossi,Consumer,East,Newark,Technology,Accessories,Accessories - Model 139,5,0.0,3979.39,1273.41
2398,ORD-2866,2023-07-03,2023-07-10,Standard Class,James Rossi,Consumer,East,Newark,Office Supplies,Art,Art - Model 391,1,0.1,29.22,11.36
2399,ORD-2867,2023-07-13,2023-07-15,First Class,Sofia Chen,Consumer,West,Seattle,Office Supplies,Storage,Storage - Model 621,3,0.0,120.06,54.02
2400,ORD-2868,2025-11-30,2025-12-07,Standard Class,Maria Brown,Consumer,Central,Dallas,Furniture,Bookcases,Bookcases - Model 773,2,0.0,889.58,195.71
2401,ORD-2869,2024-12-23,2024-12-30,Standard Class,Priya Müller,Consumer,East,New York,Office Supplies,Binders,Binders - Model 886,2,0.1,77.83,30.27
2402,ORD-2869,2024-12-23,2024-12-30,Standard Class,Priya Müller,Consumer,East,New York,Office Supplies,Binders,Binders - Model 788,2,0.15,86.92,30.68
2403,ORD-2870,2023-07-01,2023-07-07,Standard Class,Maria Novak,Consumer,South,Charlotte,Furniture,Chairs,Chairs - Model 670,4,0.2,705.33,17.63
2404,ORD-2870,2023-07-01,2023-07-07,Standard Class,Maria Novak,Consumer,South,Charlotte,Furniture,Chairs,Chairs - Model 223,2,0.1,229.82,30.64
2405,ORD-2871,2024-02-06,2024-02-09,First Class,Fatima Smith,Corporate,South,Miami,Office Supplies,Labels,Labels - Model 662,3,0.2,52.68,16.46
2406,ORD-2872,2024-03-05,2024-03-07,First Class,Wei Okafor,Consumer,Central,Dallas,Furniture,Tables,Tables - Model 510,1,0.0,252.73,55.6
2407,ORD-2872,2024-03-05,2024-03-07,First Class,Wei Okafor,Consumer,Central,Dallas,Furniture,Tables,Tables - Model 237,1,0.15,86.03,7.09
2408,ORD-2872,2024-03-05,2024-03-07,First Class,Wei Okafor,Consumer,Central,Dallas,Furniture,Tables,Tables - Model 221,1,0.0,82.91,18.24
2409,ORD-2873,2024-12-12,2024-12-17,Second Class,Sofia Novak,Consumer,West,Phoenix,Office Supplies,Labels,Labels - Model 748,1,0.0,55.94,25.17
2410,ORD-2874,2023-05-10,2023-05-17,Standard Class,Aisha Okafor,Corporate,South,Miami,Office Supplies,Paper,Paper - Model 120,2,0.0,75.65,34.04
2411,ORD-2875,2023-09-27,2023-09-29,First Class,Fatima Khan,Consumer,West,Phoenix,Technology,Machines,Machines - Model 329,1,0.0,418.1,133.79
2412,ORD-2876,2025-09-06,2025-09-09,First Class,Liam Okafor,Consumer,South,Atlanta,Technology,Phones,Phones - Model 557,1,0.0,645.37,206.52
2413,ORD-2877,2024-04-01,2024-04-02,Same Day,Omar Silva,Consumer,West,San Francisco,Furniture,Chairs,Chairs - Model 228,1,0.0,64.39,14.17
2414,ORD-2878,2024-08-01,2024-08-07,Standard Class,Ivy Diaz,Home Office,East,Boston,Office Supplies,Art,Art - Model 727,4,0.1,112.68,43.82
2415,ORD-2878,2024-08-01,2024-08-07,Standard Class,Ivy Diaz,Home Office,East,Boston,Office Supplies,Art,Art - Model 667,2,0.0,46.37,20.86
2416,ORD-2879,2023-09-21,2023-09-21,Same Day,James Khan,Corporate,East,Newark,Office Supplies,Storage,Storage - Model 189,3,0.3,98.92,14.13
2417,ORD-2880,2025-11-24,2025-11-30,Standard Class,Ethan Chen,Consumer,West,Los Angeles,Furniture,Chairs,Chairs - Model 721,1,0.15,154.9,12.76
2418,ORD-2881,2023-05-17,2023-05-22,Second Class,Carlos Khan,Corporate,West,Phoenix,Office Supplies,Art,Art - Model 940,3,0.0,110.49,49.72
2419,ORD-2881,2023-05-17,2023-05-22,Second Class,Carlos Khan,Corporate,West,Phoenix,Office Supplies,Art,Art - Model 239,3,0.2,153.11,47.85
2420,ORD-2881,2023-05-17,2023-05-22,Second Class,Carlos Khan,Corporate,West,Phoenix,Office Supplies,Art,Art - Model 361,3,0.1,83.67,32.54
2421,ORD-2882,2025-10-24,2025-10-30,Standard Class,Wei Nguyen,Corporate,West,Seattle,Technology,Phones,Phones - Model 124,5,0.0,3859.21,1234.94
2422,ORD-2882,2025-10-24,2025-10-30,Standard Class,Wei Nguyen,Corporate,West,Seattle,Technology,Phones,Phones - Model 838,3,0.1,525.49,128.45
2423,ORD-2883,2023-06-20,2023-06-27,Standard Class,James Diaz,Corporate,West,San Francisco,Office Supplies,Labels,Labels - Model 135,3,0.15,97.31,34.35
2424,ORD-2884,2023-11-03,2023-11-06,First Class,Ivy Diaz,Consumer,West,Seattle,Office Supplies,Storage,Storage - Model 437,1,0.3,21.62,3.09
2425,ORD-2885,2024-12-13,2024-12-20,Standard Class,Aisha Smith,Corporate,Central,Minneapolis,Office Supplies,Binders,Binders - Model 155,4,0.1,108.01,42.0
2426,ORD-2886,2025-11-08,2025-11-11,First Class,Aisha Kim,Home Office,South,Atlanta,Technology,Accessories,Accessories - Model 415,1,0.0,122.72,39.27
2427,ORD-2887,2025-05-08,2025-05-14,Standard Class,Liam Silva,Consumer,West,Phoenix,Furniture,Furnishings,Furnishings - Model 768,1,0.1,180.06,24.01
2428,ORD-2888,2025-12-22,2025-12-29,Standard Class,Aisha Kim,Corporate,Central,Dallas,Office Supplies,Binders,Binders - Model 257,2,0.3,62.14,8.87
2429,ORD-2889,2024-05-15,2024-05-16,Same Day,James Rossi,Consumer,South,Nashville,Furniture,Chairs,Chairs - Model 398,1,0.4,209.36,-80.26
2430,ORD-2890,2024-06-01,2024-06-01,Same Day,Wei Diaz,Consumer,Central,Houston,Office Supplies,Paper,Paper - Model 544,2,0.2,24.34,7.6
2431,ORD-2891,2025-03-24,2025-03-30,Standard Class,Noah Brown,Consumer,West,Los Angeles,Office Supplies,Labels,Labels - Model 452,4,0.0,144.13,64.86
2432,ORD-2892,2023-11-20,2023-11-27,Standard Class,Sofia Chen,Home Office,East,Newark,Technology,Copiers,Copiers - Model 353,4,0.15,1712.07,342.42
2433,ORD-2893,2025-12-22,2025-12-29,Standard Class,Carlos Brown,Consumer,East,Philadelphia,Office Supplies,Art,Art - Model 825,1,0.1,29.21,11.36
2434,ORD-2894,2024-02-09,2024-02-16,Standard Class,Ivy Kim,Consumer,West,San Francisco,Office Supplies,Paper,Paper - Model 770,1,0.0,64.97,29.24
2435,ORD-2894,2024-02-09,2024-02-16,Standard Class,Ivy Kim,Consumer,West,San Francisco,Office Supplies,Paper,Paper - Model 493,1,0.0,13.69,6.16
2436,ORD-2894,2024-02-09,2024-02-16,Standard Class,Ivy Kim,Consumer,West,San Francisco,Office Supplies,Paper,Paper - Model 627,2,0.1,7.2,2.8
2437,ORD-2895,2025-04-07,2025-04-14,Standard Class,Yuki Diaz,Consumer,West,Seattle,Office Supplies,Storage,Storage - Model 897,2,0.2,56.32,17.6
2438,ORD-2896,2023-06-11,2023-06-12,Same Day,Fatima Diaz,Consumer,West,Phoenix,Technology,Phones,Phones - Model 100,2,0.0,534.7,171.11
2439,ORD-2897,2025-05-16,2025-05-22,Standard Class,Ivy Rossi,Consumer,West,Los Angeles,Office Supplies,Labels,Labels - Model 230,1,0.0,32.24,14.51
2440,ORD-2898,2023-01-02,2023-01-08,Standard Class,Liam Smith,Corporate,East,New York,Office Supplies,Storage,Storage - Model 987,2,0.4,9.92,-0.01
2441,ORD-2899,2023-10-29,2023-11-04,Standard Class,Noah Rossi,Corporate,East,Boston,Technology,Machines,Machines - Model 985,4,0.0,1415.11,452.84
2442,ORD-2899,2023-10-29,2023-11-04,Standard Class,Noah Rossi,Corporate,East,Boston,Technology,Machines,Machines - Model 430,2,0.3,861.46,-36.92
2443,ORD-2900,2025-05-09,2025-05-12,First Class,Carlos Müller,Consumer,West,Phoenix,Furniture,Bookcases,Bookcases - Model 381,1,0.0,325.68,71.65
2444,ORD-2900,2025-05-09,2025-05-12,First Class,Carlos Müller,Consumer,West,Phoenix,Furniture,Bookcases,Bookcases - Model 391,3,0.1,971.92,129.59
2445,ORD-2901,2024-08-31,2024-09-07,Standard Class,Yuki Garcia,Consumer,South,Charlotte,Furniture,Chairs,Chairs - Model 316,3,0.0,576.09,126.74
2446,ORD-2902,2023-05-29,2023-06-04,Standard Class,Ethan Nguyen,Home Office,Central,Dallas,Technology,Phones,Phones - Model 501,1,0.15,467.66,93.53
2447,ORD-2903,2025-09-23,2025-09-29,Standard Class,Maria Müller,Corporate,East,New York,Office Supplies,Storage,Storage - Model 660,3,0.0,126.51,56.93
2448,ORD-2904,2023-03-24,2023-03-30,Standard Class,Carlos Nguyen,Consumer,West,San Francisco,Office Supplies,Storage,Storage - Model 108,1,0.15,27.56,9.73
2449,ORD-2905,2023-07-08,2023-07-10,First Class,Maria Nguyen,Consumer,West,San Francisco,Office Supplies,Art,Art - Model 219,2,0.0,68.91,31.01
2450,ORD-2905,2023-07-08,2023-07-10,First Class,Maria Nguyen,Consumer,West,San Francisco,Office Supplies,Art,Art - Model 534,2,0.3,69.53,9.93
2451,ORD-2905,2023-07-08,2023-07-10,First Class,Maria Nguyen,Consumer,West,San Francisco,Office Supplies,Art,Art - Model 522,4,0.1,124.65,48.48
2452,ORD-2906,2024-03-04,2024-03-11,Standard Class,Omar Silva,Consumer,South,Atlanta,Technology,Machines,Machines - Model 925,3,0.0,891.97,285.43
2453,ORD-2907,2024-01-14,2024-01-18,Second Class,Priya Chen,Home Office,South,Nashville,Technology,Accessories,Accessories - Model 330,2,0.3,409.51,-17.55
2454,ORD-2908,2025-12-27,2025-12-28,Same Day,Wei Novak,Consumer,Central,Houston,Office Supplies,Binders,Binders - Model 299,1,0.0,25.01,11.25
2455,ORD-2909,2023-07-14,2023-07-19,Second Class,Noah Müller,Home Office,Central,Chicago,Technology,Accessories,Accessories - Model 443,2,0.1,731.24,178.75
2456,ORD-2910,2024-10-19,2024-10-26,Standard Class,Noah Müller,Consumer,East,Philadelphia,Office Supplies,Paper,Paper - Model 619,1,0.15,30.2,10.66
2457,ORD-2911,2025-05-22,2025-05-29,Standard Class,Ethan Diaz,Consumer,Central,Dallas,Office Supplies,Art,Art - Model 376,3,0.15,98.03,34.6
2458,ORD-2912,2025-12-08,2025-12-15,Standard Class,Aisha Garcia,Corporate,West,Seattle,Office Supplies,Labels,Labels - Model 174,1,0.3,36.69,5.24
2459,ORD-2913,2023-10-07,2023-10-07,Same Day,Wei Nguyen,Consumer,Central,Dallas,Office Supplies,Binders,Binders - Model 129,1,0.0,28.24,12.71
2460,ORD-2914,2023-12-02,2023-12-09,Standard Class,Ivy Nguyen,Consumer,Central,Minneapolis,Office Supplies,Binders,Binders - Model 395,1,0.3,26.27,3.75
2461,ORD-2914,2023-12-02,2023-12-09,Standard Class,Ivy Nguyen,Consumer,Central,Minneapolis,Office Supplies,Binders,Binders - Model 760,3,0.15,91.79,32.4
2462,ORD-2915,2023-04-10,2023-04-17,Standard Class,Wei Garcia,Consumer,South,Miami,Office Supplies,Art,Art - Model 858,1,0.15,9.56,3.37
2463,ORD-2915,2023-04-10,2023-04-17,Standard Class,Wei Garcia,Consumer,South,Miami,Office Supplies,Art,Art - Model 378,1,0.0,36.85,16.58
2464,ORD-2915,2023-04-10,2023-04-17,Standard Class,Wei Garcia,Consumer,South,Miami,Office Supplies,Art,Art - Model 634,3,0.0,98.91,44.51
2465,ORD-2916,2025-01-11,2025-01-18,Standard Class,Yuki Brown,Corporate,Central,Houston,Office Supplies,Labels,Labels - Model 147,1,0.0,58.8,26.46
2466,ORD-2917,2025-09-15,2025-09-21,Standard Class,Yuki Kim,Consumer,Central,Houston,Furniture,Chairs,Chairs - Model 209,3,0.2,507.99,12.7
2467,ORD-2918,2023-03-13,2023-03-20,Standard Class,Omar Diaz,Consumer,Central,Chicago,Office Supplies,Art,Art - Model 876,1,0.3,15.8,2.25
2468,ORD-2919,2023-06-28,2023-07-05,Standard Class,Ethan Nguyen,Corporate,West,San Francisco,Technology,Phones,Phones - Model 945,1,0.15,143.76,28.75
2469,ORD-2920,2025-05-26,2025-06-01,Standard Class,Liam Novak,Corporate,Central,Houston,Office Supplies,Paper,Paper - Model 884,1,0.0,29.26,13.17
2470,ORD-2920,2025-05-26,2025-06-01,Standard Class,Liam Novak,Corporate,Central,Houston,Office Supplies,Paper,Paper - Model 798,2,0.3,59.89,8.55
2471,ORD-2921,2024-12-17,2024-12-23,Standard Class,Liam Müller,Corporate,East,Boston,Office Supplies,Paper,Paper - Model 984,5,0.15,315.47,111.34
2472,ORD-2922,2025-08-20,2025-08-26,Standard Class,Ethan Okafor,Corporate,South,Nashville,Office Supplies,Labels,Labels - Model 108,3,0.1,187.74,73.01
2473,ORD-2923,2024-04-21,2024-04-25,Second Class,Ivy Novak,Corporate,South,Atlanta,Office Supplies,Art,Art - Model 630,1,0.0,35.54,15.99
2474,ORD-2924,2024-11-05,2024-11-12,Standard Class,Maria Nguyen,Corporate,East,Philadelphia,Office Supplies,Paper,Paper - Model 296,2,0.15,25.78,9.1
2475,ORD-2925,2025-06-09,2025-06-11,First Class,Noah Silva,Corporate,West,Los Angeles,Technology,Accessories,Accessories - Model 938,3,0.2,777.8,116.67
2476,ORD-2926,2025-03-05,2025-03-12,Standard Class,Ivy Khan,Consumer,South,Atlanta,Furniture,Bookcases,Bookcases - Model 534,2,0.0,161.26,35.48
2477,ORD-2927,2025-09-28,2025-10-01,First Class,Ivy Nguyen,Home Office,West,Seattle,Furniture,Tables,Tables - Model 336,1,0.4,173.61,-66.56
2478,ORD-2927,2025-09-28,2025-10-01,First Class,Ivy Nguyen,Home Office,West,Seattle,Furniture,Tables,Tables - Model 821,2,0.15,663.58,54.64
2479,ORD-2928,2025-05-11,2025-05-18,Standard Class,Wei Khan,Consumer,South,Atlanta,Office Supplies,Binders,Binders - Model 560,4,0.0,166.84,75.08
2480,ORD-2929,2024-05-13,2024-05-16,First Class,Ethan Diaz,Consumer,Central,Chicago,Furniture,Bookcases,Bookcases - Model 822,2,0.1,298.28,39.77
2481,ORD-2930,2023-05-28,2023-06-03,Standard Class,Ethan Diaz,Corporate,South,Miami,Office Supplies,Labels,Labels - Model 684,2,0.0,59.8,26.91
2482,ORD-2931,2024-11-22,2024-11-29,Standard Class,Fatima Khan,Corporate,South,Miami,Office Supplies,Labels,Labels - Model 933,1,0.0,40.41,18.18
2483,ORD-2932,2024-12-25,2024-12-31,Standard Class,Wei Rossi,Home Office,West,Seattle,Office Supplies,Paper,Paper - Model 460,1,0.1,43.72,17.0
2484,ORD-2933,2025-01-31,2025-02-07,Standard Class,Carlos Nguyen,Consumer,West,Seattle,Office Supplies,Binders,Binders - Model 602,2,0.2,82.08,25.65
2485,ORD-2934,2025-04-25,2025-05-01,Standard Class,Yuki Silva,Corporate,South,Nashville,Furniture,Tables,Tables - Model 194,4,0.0,1195.85,263.09
2486,ORD-2935,2023-09-04,2023-09-04,Same Day,Noah Brown,Consumer,West,San Francisco,Office Supplies,Binders,Binders - Model 188,4,0.1,57.85,22.5
2487,ORD-2936,2025-11-23,2025-11-27,Second Class,Fatima Novak,Corporate,Central,Houston,Furniture,Tables,Tables - Model 931,1,0.0,187.61,41.28
2488,ORD-2937,2025-12-28,2026-01-04,Standard Class,Yuki Kim,Consumer,West,Phoenix,Office Supplies,Storage,Storage - Model 678,1,0.0,11.11,5.0
2489,ORD-2938,2025-12-08,2025-12-12,Second Class,Omar Rossi,Home Office,Central,Dallas,Furniture,Tables,Tables - Model 563,1,0.2,206.71,5.17
2490,ORD-2939,2024-08-29,2024-09-03,Second Class,Omar Smith,Consumer,South,Miami,Furniture,Tables,Tables - Model 990,1,0.0,215.19,47.34
2491,ORD-2940,2023-03-25,2023-04-01,Standard Class,Carlos Silva,Consumer,East,Newark,Office Supplies,Storage,Storage - Model 363,1,0.0,35.65,16.04
2492,ORD-2941,2025-11-11,2025-11-17,Standard Class,Ethan Müller,Consumer,Central,Minneapolis,Technology,Accessories,Accessories - Model 843,2,0.0,395.88,126.68
2493,ORD-2941,2025-11-11,2025-11-17,Standard Class,Ethan Müller,Consumer,Central,Minneapolis,Technology,Accessories,Accessories - Model 826,2,0.0,214.06,68.5
2494,ORD-2942,2024-04-30,2024-05-06,Standard Class,Ethan Diaz,Consumer,East,Boston,Technology,Accessories,Accessories - Model 528,2,0.0,434.42,139.01
2495,ORD-2943,2023-10-29,2023-11-04,Standard Class,Noah Silva,Consumer,West,Phoenix,Technology,Copiers,Copiers - Model 363,2,0.2,743.68,111.55
2496,ORD-2944,2024-02-05,2024-02-12,Standard Class,Wei Diaz,Consumer,West,Seattle,Office Supplies,Binders,Binders - Model 524,1,0.0,51.89,23.35
2497,ORD-2945,2024-02-19,2024-02-25,Standard Class,Liam Nguyen,Home Office,West,Los Angeles,Office Supplies,Labels,Labels - Model 658,3,0.0,147.24,66.26
2498,ORD-2946,2024-10-30,2024-11-06,Standard Class,Priya Novak,Consumer,South,Charlotte,Office Supplies,Paper,Paper - Model 888,2,0.0,80.2,36.09
2499,ORD-2947,2023-06-23,2023-06-30,Standard Class,James Garcia,Consumer,West,Phoenix,Office Supplies,Art,Art - Model 910,4,0.0,84.07,37.83
2500,ORD-2947,2023-06-23,2023-06-30,Standard Class,James Garcia,Consumer,West,Phoenix,Office Supplies,Art,Art - Model 752,2,0.0,58.66,26.4
2501,ORD-2948,2025-01-16,2025-01-22,Standard Class,Carlos Müller,Corporate,West,Phoenix,Office Supplies,Art,Art - Model 247,1,0.1,41.75,16.24
2502,ORD-2949,2025-06-07,2025-06-13,Standard Class,Fatima Müller,Consumer,East,New York,Office Supplies,Binders,Binders - Model 199,5,0.0,120.93,54.42
2503,ORD-2950,2024-12-25,2024-12-29,Second Class,Aisha Rossi,Corporate,South,Charlotte,Technology,Machines,Machines - Model 758,1,0.1,417.33,102.01
2504,ORD-2951,2023-11-14,2023-11-17,First Class,Carlos Garcia,Home Office,South,Charlotte,Office Supplies,Art,Art - Model 239,3,0.15,119.08,42.03
2505,ORD-2952,2023-04-21,2023-04-26,Second Class,Fatima Brown,Consumer,South,Atlanta,Office Supplies,Storage,Storage - Model 717,4,0.1,110.43,42.95
2506,ORD-2953,2025-09-06,2025-09-12,Standard Class,Carlos Smith,Home Office,South,Charlotte,Office Supplies,Paper,Paper - Model 839,1,0.1,23.61,9.18
2507,ORD-2954,2023-05-04,2023-05-10,Standard Class,Ivy Garcia,Corporate,Central,Minneapolis,Office Supplies,Binders,Binders - Model 217,2,0.0,77.54,34.89
2508,ORD-2955,2025-10-24,2025-10-30,Standard Class,Omar Khan,Consumer,East,New York,Technology,Copiers,Copiers - Model 274,1,0.0,199.24,63.75
2509,ORD-2956,2024-08-23,2024-08-30,Standard Class,Ethan Rossi,Consumer,East,Philadelphia,Office Supplies,Paper,Paper - Model 529,2,0.1,76.69,29.82
2510,ORD-2956,2024-08-23,2024-08-30,Standard Class,Ethan Rossi,Consumer,East,Philadelphia,Office Supplies,Paper,Paper - Model 981,1,0.1,34.84,13.55
2511,ORD-2957,2023-07-30,2023-08-06,Standard Class,Aisha Silva,Corporate,East,Boston,Technology,Accessories,Accessories - Model 302,5,0.1,1699.92,415.53
2512,ORD-2958,2024-06-05,2024-06-11,Standard Class,Noah Rossi,Home Office,West,Seattle,Office Supplies,Art,Art - Model 851,2,0.0,64.16,28.87
2513,ORD-2959,2023-12-20,2023-12-25,Second Class,Maria Nguyen,Home Office,South,Atlanta,Technology,Phones,Phones - Model 888,1,0.1,296.49,72.48
2514,ORD-2960,2023-11-25,2023-12-02,Standard Class,Noah Novak,Consumer,West,Los Angeles,Office Supplies,Art,Art - Model 873,1,0.0,45.99,20.7
2515,ORD-2961,2023-08-26,2023-09-01,Standard Class,Yuki Kim,Corporate,East,New York,Office Supplies,Storage,Storage - Model 943,1,0.15,41.01,14.47
2516,ORD-2962,2024-02-05,2024-02-11,Standard Class,Fatima Müller,Corporate,East,Boston,Technology,Accessories,Accessories - Model 308,5,0.0,1594.25,510.16
2517,ORD-2963,2024-01-06,2024-01-10,Second Class,Yuki Smith,Consumer,East,Boston,Office Supplies,Paper,Paper - Model 787,4,0.1,153.57,59.72
2518,ORD-2964,2024-12-24,2024-12-30,Standard Class,Ethan Khan,Corporate,Central,Houston,Technology,Copiers,Copiers - Model 601,2,0.2,691.89,103.79
2519,ORD-2965,2024-05-04,2024-05-10,Standard Class,Maria Patel,Consumer,East,New York,Furniture,Bookcases,Bookcases - Model 883,3,0.0,343.55,75.58
2520,ORD-2966,2025-02-22,2025-03-01,Standard Class,Liam Smith,Corporate,West,San Francisco,Office Supplies,Labels,Labels - Model 517,1,0.1,35.8,13.92
2521,ORD-2967,2023-11-30,2023-12-02,First Class,Priya Smith,Consumer,East,Newark,Office Supplies,Paper,Paper - Model 704,2,0.0,42.12,18.95
2522,ORD-2968,2024-11-23,2024-11-23,Same Day,James Rossi,Home Office,Central,Dallas,Technology,Phones,Phones - Model 944,2,0.15,39.99,8.0
2523,ORD-2969,2023-12-18,2023-12-25,Standard Class,Maria Nguyen,Home Office,West,Phoenix,Office Supplies,Art,Art - Model 719,2,0.1,52.49,20.41
2524,ORD-2969,2023-12-18,2023-12-25,Standard Class,Maria Nguyen,Home Office,West,Phoenix,Office Supplies,Art,Art - Model 716,1,0.0,46.02,20.71
2525,ORD-2970,2025-08-29,2025-09-01,First Class,Noah Smith,Corporate,West,Los Angeles,Furniture,Furnishings,Furnishings - Model 202,1,0.1,234.22,31.23
2526,ORD-2970,2025-08-29,2025-09-01,First Class,Noah Smith,Corporate,West,Los Angeles,Furniture,Furnishings,Furnishings - Model 889,2,0.0,293.35,64.54
2527,ORD-2970,2025-08-29,2025-09-01,First Class,Noah Smith,Corporate,West,Los Angeles,Furniture,Furnishings,Furnishings - Model 448,2,0.3,245.74,-45.63
2528,ORD-2971,2024-04-16,2024-04-20,Second Class,Aisha Diaz,Consumer,East,Newark,Office Supplies,Storage,Storage - Model 310,1,0.0,19.12,8.6
2529,ORD-2971,2024-04-16,2024-04-20,Second Class,Aisha Diaz,Consumer,East,Newark,Office Supplies,Storage,Storage - Model 967,2,0.2,60.95,19.05
2530,ORD-2972,2024-08-11,2024-08-18,Standard Class,Maria Kim,Home Office,West,Los Angeles,Office Supplies,Storage,Storage - Model 359,2,0.0,61.73,27.78
2531,ORD-2973,2025-12-25,2025-12-29,Second Class,Yuki Kim,Corporate,Central,Dallas,Furniture,Furnishings,Furnishings - Model 964,2,0.1,796.61,106.21
2532,ORD-2974,2025-12-20,2025-12-25,Second Class,Aisha Brown,Consumer,South,Nashville,Technology,Machines,Machines - Model 261,1,0.15,26.06,5.21
2533,ORD-2975,2025-01-22,2025-01-29,Standard Class,Liam Okafor,Consumer,East,Boston,Technology,Accessories,Accessories - Model 954,5,0.15,2698.18,539.63
2534,ORD-2976,2024-09-13,2024-09-19,Standard Class,James Diaz,Home Office,East,Newark,Office Supplies,Labels,Labels - Model 463,3,0.1,54.34,21.13
2535,ORD-2977,2024-01-25,2024-01-27,First Class,Ivy Silva,Home Office,West,Los Angeles,Technology,Phones,Phones - Model 934,3,0.15,583.79,116.76
2536,ORD-2978,2025-05-14,2025-05-21,Standard Class,Omar Khan,Corporate,East,Newark,Office Supplies,Labels,Labels - Model 813,1,0.15,8.38,2.96
2537,ORD-2979,2023-12-12,2023-12-16,Second Class,Ivy Novak,Consumer,East,Philadelphia,Technology,Copiers,Copiers - Model 427,1,0.0,460.45,147.34
2538,ORD-2980,2023-12-01,2023-12-07,Standard Class,Yuki Nguyen,Corporate,South,Nashville,Technology,Machines,Machines - Model 501,2,0.15,564.4,112.88
2539,ORD-2981,2023-07-13,2023-07-19,Standard Class,Wei Silva,Consumer,West,Seattle,Technology,Phones,Phones - Model 746,1,0.0,576.38,184.44
2540,ORD-2982,2023-02-09,2023-02-15,Standard Class,Omar Patel,Corporate,South,Atlanta,Office Supplies,Art,Art - Model 809,1,0.0,55.54,24.99
2541,ORD-2982,2023-02-09,2023-02-15,Standard Class,Omar Patel,Corporate,South,Atlanta,Office Supplies,Art,Art - Model 916,3,0.1,104.61,40.68
2542,ORD-2983,2023-06-03,2023-06-06,First Class,Aisha Chen,Home Office,Central,Chicago,Office Supplies,Labels,Labels - Model 529,1,0.4,24.79,-0.01
2543,ORD-2984,2023-08-07,2023-08-14,Standard Class,Wei Novak,Consumer,West,Phoenix,Office Supplies,Art,Art - Model 596,3,0.0,50.4,22.68
2544,ORD-2985,2023-06-23,2023-06-29,Standard Class,Priya Okafor,Corporate,Central,Minneapolis,Office Supplies,Art,Art - Model 454,3,0.0,109.01,49.05
2545,ORD-2985,2023-06-23,2023-06-29,Standard Class,Priya Okafor,Corporate,Central,Minneapolis,Office Supplies,Art,Art - Model 586,1,0.0,13.12,5.91
2546,ORD-2985,2023-06-23,2023-06-29,Standard Class,Priya Okafor,Corporate,Central,Minneapolis,Office Supplies,Art,Art - Model 173,1,0.0,37.11,16.7
2547,ORD-2986,2025-08-30,2025-09-05,Standard Class,Carlos Khan,Corporate,South,Charlotte,Office Supplies,Paper,Paper - Model 706,2,0.2,41.26,12.9
2548,ORD-2987,2023-05-13,2023-05-18,Second Class,Wei Novak,Consumer,East,Philadelphia,Office Supplies,Binders,Binders - Model 701,3,0.1,61.97,24.1
2549,ORD-2987,2023-05-13,2023-05-18,Second Class,Wei Novak,Consumer,East,Philadelphia,Office Supplies,Binders,Binders - Model 891,5,0.2,214.73,67.1
2550,ORD-2987,2023-05-13,2023-05-18,Second Class,Wei Novak,Consumer,East,Philadelphia,Office Supplies,Binders,Binders - Model 629,1,0.0,40.6,18.27
2551,ORD-2988,2024-12-16,2024-12-22,Standard Class,Ethan Diaz,Consumer,East,New York,Office Supplies,Storage,Storage - Model 630,2,0.15,64.37,22.72
2552,ORD-2989,2025-04-09,2025-04-13,Second Class,Sofia Novak,Home Office,South,Atlanta,Office Supplies,Labels,Labels - Model 815,1,0.0,26.89,12.1
2553,ORD-2990,2024-12-09,2024-12-16,Standard Class,Priya Patel,Consumer,Central,Dallas,Office Supplies,Storage,Storage - Model 784,1,0.1,25.52,9.92
2554,ORD-2991,2023-11-15,2023-11-21,Standard Class,Carlos Smith,Corporate,South,Atlanta,Technology,Copiers,Copiers - Model 513,3,0.0,1598.32,511.46
2555,ORD-2992,2023-05-15,2023-05-20,Second Class,Noah Smith,Consumer,West,Seattle,Furniture,Furnishings,Furnishings - Model 528,5,0.0,1345.71,296.06
2556,ORD-2992,2023-05-15,2023-05-20,Second Class,Noah Smith,Consumer,West,Seattle,Furniture,Furnishings,Furnishings - Model 493,1,0.0,204.29,44.94
2557,ORD-2993,2023-09-25,2023-09-26,Same Day,Noah Smith,Consumer,Central,Dallas,Office Supplies,Art,Art - Model 770,3,0.15,125.48,44.29
2558,ORD-2994,2024-12-06,2024-12-08,First Class,Noah Rossi,Corporate,Central,Chicago,Furniture,Bookcases,Bookcases - Model 607,1,0.0,188.66,41.51
2559,ORD-2995,2025-01-20,2025-01-27,Standard Class,Fatima Brown,Consumer,South,Nashville,Technology,Copiers,Copiers - Model 225,4,0.2,1397.71,209.66
2560,ORD-2996,2024-11-02,2024-11-06,Second Class,Liam Diaz,Consumer,Central,Houston,Technology,Accessories,Accessories - Model 551,1,0.1,382.36,93.47
2561,ORD-2997,2024-01-23,2024-01-29,Standard Class,Wei Khan,Consumer,South,Miami,Office Supplies,Binders,Binders - Model 735,2,0.15,86.42,30.5
2562,ORD-2998,2023-02-06,2023-02-12,Standard Class,Fatima Kim,Corporate,West,San Francisco,Office Supplies,Labels,Labels - Model 441,1,0.0,15.13,6.81
2563,ORD-2999,2024-08-19,2024-08-23,Second Class,Ethan Novak,Consumer,West,San Francisco,Office Supplies,Paper,Paper - Model 690,3,0.1,110.29,42.89
2564,ORD-3000,2023-01-16,2023-01-18,First Class,Aisha Brown,Consumer,East,Boston,Office Supplies,Binders,Binders - Model 536,1,0.15,33.77,11.92
2565,ORD-3001,2025-09-12,2025-09-15,First Class,Sofia Khan,Consumer,South,Nashville,Office Supplies,Art,Art - Model 803,1,0.0,29.97,13.49
2566,ORD-3002,2023-03-29,2023-03-31,First Class,Priya Khan,Consumer,West,San Francisco,Office Supplies,Storage,Storage - Model 816,1,0.0,31.23,14.05
2567,ORD-3002,2023-03-29,2023-03-31,First Class,Priya Khan,Consumer,West,San Francisco,Office Supplies,Storage,Storage - Model 771,1,0.0,51.79,23.31
2568,ORD-3003,2024-04-15,2024-04-21,Standard Class,Wei Diaz,Consumer,South,Miami,Furniture,Bookcases,Bookcases - Model 311,4,0.2,598.19,14.95
2569,ORD-3003,2024-04-15,2024-04-21,Standard Class,Wei Diaz,Consumer,South,Miami,Furniture,Bookcases,Bookcases - Model 595,2,0.15,398.18,32.8
2570,ORD-3003,2024-04-15,2024-04-21,Standard Class,Wei Diaz,Consumer,South,Miami,Furniture,Bookcases,Bookcases - Model 638,2,0.0,285.84,62.89
2571,ORD-3004,2025-05-26,2025-06-02,Standard Class,Fatima Kim,Corporate,Central,Houston,Office Supplies,Art,Art - Model 398,1,0.0,33.18,14.93
2572,ORD-3005,2023-09-29,2023-10-03,Second Class,Aisha Smith,Consumer,West,Los Angeles,Furniture,Bookcases,Bookcases - Model 328,2,0.15,478.07,39.37
2573,ORD-3006,2024-03-25,2024-03-31,Standard Class,Omar Müller,Consumer,Central,Chicago,Technology,Machines,Machines - Model 527,3,0.1,1309.36,320.07
2574,ORD-3007,2025-12-07,2025-12-14,Standard Class,Ivy Chen,Consumer,South,Charlotte,Furniture,Bookcases,Bookcases - Model 715,2,0.0,703.48,154.77
2575,ORD-3007,2025-12-07,2025-12-14,Standard Class,Ivy Chen,Consumer,South,Charlotte,Furniture,Bookcases,Bookcases - Model 492,1,0.1,285.92,38.12
2576,ORD-3007,2025-12-07,2025-12-14,Standard Class,Ivy Chen,Consumer,South,Charlotte,Furniture,Bookcases,Bookcases - Model 627,4,0.4,573.89,-219.99
2577,ORD-3008,2023-11-05,2023-11-07,First Class,Fatima Garcia,Consumer,East,New York,Office Supplies,Art,Art - Model 846,3,0.0,122.02,54.91
2578,ORD-3009,2023-08-25,2023-09-01,Standard Class,Priya Garcia,Consumer,South,Charlotte,Office Supplies,Paper,Paper - Model 365,1,0.15,20.52,7.24
2579,ORD-3010,2024-06-17,2024-06-21,Second Class,Yuki Nguyen,Corporate,South,Nashville,Technology,Copiers,Copiers - Model 660,1,0.1,443.76,108.48
2580,ORD-3011,2024-12-19,2024-12-25,Standard Class,Maria Brown,Consumer,East,Newark,Technology,Machines,Machines - Model 789,1,0.15,290.98,58.19
2581,ORD-3011,2024-12-19,2024-12-25,Standard Class,Maria Brown,Consumer,East,Newark,Technology,Machines,Machines - Model 463,2,0.1,1036.09,253.27
2582,ORD-3011,2024-12-19,2024-12-25,Standard Class,Maria Brown,Consumer,East,Newark,Technology,Machines,Machines - Model 656,1,0.0,478.85,153.23
2583,ORD-3012,2025-12-21,2025-12-27,Standard Class,Carlos Smith,Corporate,West,Los Angeles,Office Supplies,Labels,Labels - Model 127,2,0.2,36.84,11.51
2584,ORD-3013,2024-12-20,2024-12-23,First Class,Liam Kim,Consumer,Central,Dallas,Office Supplies,Labels,Labels - Model 246,2,0.15,55.55,19.61
2585,ORD-3014,2024-09-03,2024-09-10,Standard Class,Sofia Okafor,Corporate,Central,Dallas,Office Supplies,Art,Art - Model 632,4,0.15,99.13,34.99
2586,ORD-3014,2024-09-03,2024-09-10,Standard Class,Sofia Okafor,Corporate,Central,Dallas,Office Supplies,Art,Art - Model 471,4,0.2,134.47,42.02
2587,ORD-3015,2024-10-14,2024-10-18,Second Class,Yuki Brown,Consumer,South,Nashville,Technology,Machines,Machines - Model 992,3,0.0,1200.62,384.2
2588,ORD-3016,2023-10-18,2023-10-25,Standard Class,Omar Chen,Corporate,South,Miami,Office Supplies,Binders,Binders - Model 627,1,0.1,43.53,16.93
2589,ORD-3017,2025-05-19,2025-05-22,First Class,Omar Smith,Consumer,West,Los Angeles,Furniture,Tables,Tables - Model 817,3,0.0,595.99,131.12
2590,ORD-3018,2025-10-18,2025-10-23,Second Class,Liam Okafor,Consumer,South,Miami,Office Supplies,Paper,Paper - Model 988,4,0.0,154.22,69.4
2591,ORD-3019,2023-11-06,2023-11-11,Second Class,Aisha Smith,Consumer,South,Miami,Office Supplies,Binders,Binders - Model 815,2,0.3,31.64,4.52
2592,ORD-3020,2023-02-15,2023-02-21,Standard Class,Wei Okafor,Home Office,Central,Minneapolis,Office Supplies,Art,Art - Model 532,2,0.3,70.18,10.03
2593,ORD-3020,2023-02-15,2023-02-21,Standard Class,Wei Okafor,Home Office,Central,Minneapolis,Office Supplies,Art,Art - Model 176,1,0.0,13.57,6.1
2594,ORD-3021,2024-11-29,2024-12-05,Standard Class,Liam Müller,Home Office,West,Los Angeles,Technology,Accessories,Accessories - Model 457,3,0.15,780.14,156.03
2595,ORD-3022,2023-12-07,2023-12-10,First Class,Omar Garcia,Consumer,Central,Minneapolis,Office Supplies,Labels,Labels - Model 742,2,0.15,61.93,21.86
2596,ORD-3023,2023-07-31,2023-08-03,First Class,Omar Garcia,Corporate,East,Philadelphia,Office Supplies,Paper,Paper - Model 975,1,0.1,27.67,10.76
2597,ORD-3024,2025-09-12,2025-09-17,Second Class,Carlos Garcia,Home Office,South,Miami,Technology,Accessories,Accessories - Model 698,2,0.0,1433.67,458.77
2598,ORD-3025,2025-05-29,2025-06-05,Standard Class,Carlos Brown,Corporate,West,Seattle,Furniture,Chairs,Chairs - Model 853,1,0.0,272.56,59.97
2599,ORD-3026,2023-02-18,2023-02-25,Standard Class,Ethan Silva,Home Office,West,San Francisco,Office Supplies,Art,Art - Model 542,4,0.0,76.5,34.43
2600,ORD-3027,2023-01-24,2023-01-30,Standard Class,Omar Garcia,Consumer,East,Philadelphia,Furniture,Chairs,Chairs - Model 678,1,0.2,206.31,5.16
2601,ORD-3028,2023-01-26,2023-02-02,Standard Class,Aisha Müller,Consumer,South,Miami,Office Supplies,Art,Art - Model 917,4,0.1,127.14,49.44
2602,ORD-3029,2023-06-10,2023-06-12,First Class,Maria Patel,Consumer,West,Los Angeles,Technology,Accessories,Accessories - Model 861,2,0.0,886.79,283.77
2603,ORD-3030,2023-12-18,2023-12-22,Second Class,Noah Diaz,Corporate,Central,Houston,Office Supplies,Binders,Binders - Model 649,1,0.0,45.8,20.61
2604,ORD-3031,2024-01-25,2024-01-31,Standard Class,Liam Garcia,Home Office,Central,Dallas,Office Supplies,Paper,Paper - Model 563,1,0.1,51.85,20.16
2605,ORD-3032,2023-11-29,2023-12-05,Standard Class,Sofia Müller,Consumer,West,Los Angeles,Office Supplies,Storage,Storage - Model 304,2,0.1,91.99,35.77
2606,ORD-3033,2024-11-16,2024-11-17,Same Day,Ethan Müller,Corporate,South,Atlanta,Office Supplies,Paper,Paper - Model 923,3,0.0,75.33,33.9
2607,ORD-3034,2024-07-12,2024-07-17,Second Class,Aisha Silva,Consumer,West,Los Angeles,Technology,Copiers,Copiers - Model 170,2,0.0,758.63,242.76
2608,ORD-3035,2023-12-03,2023-12-10,Standard Class,Carlos Rossi,Consumer,West,Los Angeles,Furniture,Bookcases,Bookcases - Model 697,1,0.0,187.81,41.32
2609,ORD-3036,2024-07-31,2024-08-07,Standard Class,Ethan Novak,Consumer,South,Nashville,Office Supplies,Binders,Binders - Model 325,2,0.15,50.93,17.97
2610,ORD-3037,2025-08-24,2025-08-28,Second Class,Noah Brown,Corporate,East,Boston,Office Supplies,Paper,Paper - Model 961,2,0.0,68.5,30.82
2611,ORD-3038,2023-08-15,2023-08-22,Standard Class,Aisha Diaz,Home Office,East,Boston,Technology,Copiers,Copiers - Model 303,2,0.0,866.5,277.28
2612,ORD-3039,2025-12-12,2025-12-17,Second Class,Ivy Smith,Home Office,South,Nashville,Furniture,Bookcases,Bookcases - Model 610,2,0.0,424.54,93.4
2613,ORD-3040,2024-09-28,2024-10-01,First Class,Priya Khan,Corporate,South,Miami,Office Supplies,Labels,Labels - Model 559,3,0.1,47.55,18.49
2614,ORD-3041,2025-09-02,2025-09-05,First Class,Noah Novak,Corporate,South,Nashville,Furniture,Chairs,Chairs - Model 924,2,0.2,228.59,5.72
2615,ORD-3042,2025-04-22,2025-04-29,Standard Class,James Garcia,Home Office,Central,Minneapolis,Technology,Phones,Phones - Model 505,4,0.1,489.09,119.55
2616,ORD-3043,2025-03-19,2025-03-26,Standard Class,Omar Silva,Corporate,South,Charlotte,Furniture,Furnishings,Furnishings - Model 641,4,0.15,1415.44,116.56
2617,ORD-3044,2024-12-28,2025-01-04,Standard Class,Wei Rossi,Home Office,South,Atlanta,Furniture,Chairs,Chairs - Model 813,5,0.0,1467.44,322.84
2618,ORD-3045,2023-03-30,2023-04-06,Standard Class,Ivy Garcia,Consumer,South,Charlotte,Office Supplies,Binders,Binders - Model 738,1,0.0,42.08,18.94
2619,ORD-3046,2023-12-08,2023-12-14,Standard Class,James Khan,Home Office,South,Atlanta,Technology,Copiers,Copiers - Model 522,1,0.0,368.29,117.86
2620,ORD-3047,2024-12-28,2024-12-30,First Class,Wei Diaz,Consumer,West,San Francisco,Office Supplies,Storage,Storage - Model 970,1,0.1,18.53,7.21
2621,ORD-3048,2024-03-08,2024-03-14,Standard Class,Maria Patel,Corporate,Central,Minneapolis,Office Supplies,Binders,Binders - Model 242,4,0.1,82.69,32.16
2622,ORD-3048,2024-03-08,2024-03-14,Standard Class,Maria Patel,Corporate,Central,Minneapolis,Office Supplies,Binders,Binders - Model 964,1,0.15,36.54,12.89
2623,ORD-3048,2024-03-08,2024-03-14,Standard Class,Maria Patel,Corporate,Central,Minneapolis,Office Supplies,Binders,Binders - Model 778,1,0.0,25.29,11.38
2624,ORD-3049,2025-05-14,2025-05-16,First Class,Priya Nguyen,Corporate,Central,Chicago,Furniture,Chairs,Chairs - Model 212,2,0.0,645.94,142.11
2625,ORD-3050,2024-07-16,2024-07-20,Second Class,Noah Silva,Consumer,West,Los Angeles,Furniture,Bookcases,Bookcases - Model 133,1,0.0,470.86,103.59
2626,ORD-3051,2023-05-03,2023-05-05,First Class,Maria Silva,Consumer,Central,Minneapolis,Office Supplies,Storage,Storage - Model 905,1,0.3,44.06,6.29
2627,ORD-3052,2024-11-03,2024-11-10,Standard Class,Fatima Rossi,Corporate,South,Miami,Furniture,Tables,Tables - Model 698,2,0.1,264.61,35.28
2628,ORD-3053,2023-02-25,2023-02-27,First Class,Carlos Chen,Corporate,Central,Minneapolis,Technology,Copiers,Copiers - Model 512,2,0.3,495.07,-21.22
2629,ORD-3054,2023-03-05,2023-03-12,Standard Class,Aisha Okafor,Corporate,West,San Francisco,Technology,Copiers,Copiers - Model 693,1,0.0,268.54,85.94
2630,ORD-3055,2025-12-10,2025-12-17,Standard Class,Maria Silva,Home Office,South,Atlanta,Office Supplies,Storage,Storage - Model 111,2,0.0,133.72,60.17
2631,ORD-3056,2023-08-21,2023-08-28,Standard Class,Priya Rossi,Corporate,South,Nashville,Office Supplies,Binders,Binders - Model 150,1,0.0,21.57,9.71
2632,ORD-3056,2023-08-21,2023-08-28,Standard Class,Priya Rossi,Corporate,South,Nashville,Office Supplies,Binders,Binders - Model 745,1,0.0,24.63,11.09
2633,ORD-3056,2023-08-21,2023-08-28,Standard Class,Priya Rossi,Corporate,South,Nashville,Office Supplies,Binders,Binders - Model 582,1,0.0,26.05,11.72
2634,ORD-3057,2024-02-26,2024-03-01,Second Class,Fatima Brown,Consumer,South,Miami,Office Supplies,Binders,Binders - Model 523,2,0.1,78.89,30.68
2635,ORD-3058,2023-01-15,2023-01-21,Standard Class,Fatima Silva,Consumer,South,Atlanta,Office Supplies,Labels,Labels - Model 592,1,0.1,29.52,11.48
2636,ORD-3058,2023-01-15,2023-01-21,Standard Class,Fatima Silva,Consumer,South,Atlanta,Office Supplies,Labels,Labels - Model 893,5,0.1,72.32,28.12
2637,ORD-3059,2024-06-21,2024-06-21,Same Day,Noah Smith,Consumer,Central,Houston,Office Supplies,Labels,Labels - Model 294,1,0.4,18.02,0.0
2638,ORD-3060,2023-12-16,2023-12-23,Standard Class,Carlos Diaz,Consumer,South,Nashville,Furniture,Furnishings,Furnishings - Model 635,1,0.15,324.72,26.74
2639,ORD-3061,2023-01-27,2023-02-03,Standard Class,Aisha Okafor,Consumer,East,Newark,Furniture,Chairs,Chairs - Model 219,1,0.15,139.47,11.49
2640,ORD-3062,2023-07-20,2023-07-26,Standard Class,Wei Silva,Corporate,South,Miami,Office Supplies,Art,Art - Model 976,1,0.2,18.13,5.67
2641,ORD-3063,2024-10-04,2024-10-10,Standard Class,Liam Diaz,Home Office,West,Los Angeles,Office Supplies,Labels,Labels - Model 946,2,0.4,7.02,-0.01
2642,ORD-3064,2024-06-14,2024-06-16,First Class,Carlos Müller,Corporate,South,Charlotte,Office Supplies,Paper,Paper - Model 960,4,0.15,159.49,56.29
2643,ORD-3065,2023-12-26,2024-01-02,Standard Class,Ethan Okafor,Consumer,West,San Francisco,Office Supplies,Labels,Labels - Model 865,5,0.0,130.5,58.72
2644,ORD-3065,2023-12-26,2024-01-02,Standard Class,Ethan Okafor,Consumer,West,San Francisco,Office Supplies,Labels,Labels - Model 417,2,0.3,61.43,8.77
2645,ORD-3066,2024-04-11,2024-04-18,Standard Class,Maria Silva,Consumer,West,Phoenix,Furniture,Bookcases,Bookcases - Model 153,4,0.0,691.09,152.04
2646,ORD-3067,2023-07-08,2023-07-14,Standard Class,Wei Rossi,Consumer,South,Charlotte,Technology,Machines,Machines - Model 813,2,0.0,678.46,217.11
2647,ORD-3068,2025-03-30,2025-03-31,Same Day,Omar Rossi,Home Office,South,Charlotte,Office Supplies,Storage,Storage - Model 482,4,0.0,198.63,89.38
2648,ORD-3068,2025-03-30,2025-03-31,Same Day,Omar Rossi,Home Office,South,Charlotte,Office Supplies,Storage,Storage - Model 655,1,0.1,33.26,12.93
2649,ORD-3069,2023-10-07,2023-10-14,Standard Class,Ivy Rossi,Home Office,East,Newark,Technology,Accessories,Accessories - Model 803,3,0.3,838.15,-35.92
2650,ORD-3069,2023-10-07,2023-10-14,Standard Class,Ivy Rossi,Home Office,East,Newark,Technology,Accessories,Accessories - Model 765,2,0.15,739.5,147.9
2651,ORD-3070,2023-04-26,2023-05-03,Standard Class,Fatima Garcia,Consumer,South,Nashville,Office Supplies,Labels,Labels - Model 227,3,0.2,66.52,20.78
2652,ORD-3070,2023-04-26,2023-05-03,Standard Class,Fatima Garcia,Consumer,South,Nashville,Office Supplies,Labels,Labels - Model 425,4,0.15,161.08,56.85
2653,ORD-3071,2025-05-22,2025-05-25,First Class,Liam Patel,Consumer,East,Philadelphia,Furniture,Tables,Tables - Model 614,1,0.0,96.77,21.29
2654,ORD-3071,2025-05-22,2025-05-25,First Class,Liam Patel,Consumer,East,Philadelphia,Furniture,Tables,Tables - Model 326,4,0.15,1042.37,85.84
2655,ORD-3072,2024-04-16,2024-04-22,Standard Class,Wei Müller,Consumer,East,Philadelphia,Technology,Accessories,Accessories - Model 373,1,0.0,580.75,185.84
2656,ORD-3073,2024-12-31,2025-01-07,Standard Class,Ethan Okafor,Consumer,West,Seattle,Office Supplies,Binders,Binders - Model 745,1,0.0,58.24,26.21
2657,ORD-3074,2025-05-16,2025-05-18,First Class,Maria Nguyen,Corporate,East,New York,Office Supplies,Storage,Storage - Model 903,1,0.0,21.26,9.57
2658,ORD-3075,2023-11-28,2023-12-04,Standard Class,Liam Chen,Home Office,West,Los Angeles,Furniture,Furnishings,Furnishings - Model 450,1,0.1,243.97,32.53
2659,ORD-3076,2024-05-21,2024-05-27,Standard Class,Wei Chen,Consumer,Central,Houston,Office Supplies,Binders,Binders - Model 536,2,0.1,59.67,23.21
2660,ORD-3077,2025-04-12,2025-04-18,Standard Class,Maria Silva,Consumer,South,Atlanta,Office Supplies,Binders,Binders - Model 160,5,0.3,34.84,4.97
2661,ORD-3077,2025-04-12,2025-04-18,Standard Class,Maria Silva,Consumer,South,Atlanta,Office Supplies,Binders,Binders - Model 166,1,0.0,38.66,17.4
2662,ORD-3077,2025-04-12,2025-04-18,Standard Class,Maria Silva,Consumer,South,Atlanta,Office Supplies,Binders,Binders - Model 331,4,0.1,72.95,28.37
2663,ORD-3078,2025-10-20,2025-10-20,Same Day,Maria Brown,Consumer,West,Seattle,Technology,Phones,Phones - Model 528,5,0.0,2511.67,803.73
2664,ORD-3078,2025-10-20,2025-10-20,Same Day,Maria Brown,Consumer,West,Seattle,Technology,Phones,Phones - Model 946,3,0.3,886.01,-37.97
2665,ORD-3079,2023-11-19,2023-11-22,First Class,Noah Brown,Consumer,West,Seattle,Office Supplies,Art,Art - Model 474,1,0.0,31.98,14.39
2666,ORD-3080,2025-04-08,2025-04-12,Second Class,Liam Khan,Consumer,Central,Houston,Office Supplies,Labels,Labels - Model 891,1,0.1,29.59,11.51
2667,ORD-3080,2025-04-08,2025-04-12,Second Class,Liam Khan,Consumer,Central,Houston,Office Supplies,Labels,Labels - Model 286,2,0.0,57.97,26.08
2668,ORD-3080,2025-04-08,2025-04-12,Second Class,Liam Khan,Consumer,Central,Houston,Office Supplies,Labels,Labels - Model 688,4,0.0,118.25,53.21
2669,ORD-3081,2024-01-10,2024-01-17,Standard Class,Aisha Smith,Corporate,East,Philadelphia,Office Supplies,Art,Art - Model 173,2,0.0,60.04,27.02
2670,ORD-3082,2025-11-10,2025-11-17,Standard Class,Wei Khan,Consumer,West,Seattle,Office Supplies,Art,Art - Model 180,1,0.0,46.27,20.82
2671,ORD-3083,2025-09-03,2025-09-10,Standard Class,Liam Smith,Corporate,West,Los Angeles,Technology,Machines,Machines - Model 747,3,0.0,1330.8,425.86
2672,ORD-3084,2024-01-19,2024-01-26,Standard Class,Carlos Brown,Corporate,East,Newark,Office Supplies,Labels,Labels - Model 397,1,0.0,34.64,15.59
2673,ORD-3085,2025-01-10,2025-01-16,Standard Class,Sofia Kim,Consumer,South,Nashville,Office Supplies,Storage,Storage - Model 506,3,0.0,159.57,71.81
2674,ORD-3086,2023-07-11,2023-07-17,Standard Class,Omar Khan,Consumer,South,Atlanta,Office Supplies,Art,Art - Model 328,3,0.15,72.61,25.63
2675,ORD-3087,2023-11-07,2023-11-14,Standard Class,Wei Novak,Consumer,East,Boston,Technology,Copiers,Copiers - Model 394,1,0.0,231.85,74.19
2676,ORD-3088,2025-04-12,2025-04-18,Standard Class,Noah Nguyen,Corporate,East,New York,Furniture,Furnishings,Furnishings - Model 139,2,0.15,487.14,40.12
2677,ORD-3089,2025-12-19,2025-12-23,Second Class,Fatima Kim,Consumer,East,Newark,Office Supplies,Labels,Labels - Model 148,3,0.1,75.54,29.38
2678,ORD-3090,2025-04-26,2025-04-29,First Class,James Diaz,Consumer,South,Atlanta,Office Supplies,Paper,Paper - Model 328,4,0.15,162.8,57.46
2679,ORD-3091,2023-12-18,2023-12-23,Second Class,Maria Rossi,Consumer,West,San Francisco,Office Supplies,Art,Art - Model 173,4,0.1,104.29,40.55
2680,ORD-3092,2023-03-07,2023-03-11,Second Class,Ethan Okafor,Consumer,South,Atlanta,Furniture,Chairs,Chairs - Model 289,1,0.1,311.46,41.53
2681,ORD-3093,2024-04-14,2024-04-21,Standard Class,Priya Müller,Home Office,Central,Houston,Furniture,Chairs,Chairs - Model 268,4,0.15,1065.04,87.71
2682,ORD-3094,2025-08-22,2025-08-29,Standard Class,Omar Chen,Home Office,South,Charlotte,Office Supplies,Storage,Storage - Model 911,1,0.0,36.71,16.52
2683,ORD-3094,2025-08-22,2025-08-29,Standard Class,Omar Chen,Home Office,South,Charlotte,Office Supplies,Storage,Storage - Model 720,1,0.0,41.14,18.51
2684,ORD-3094,2025-08-22,2025-08-29,Standard Class,Omar Chen,Home Office,South,Charlotte,Office Supplies,Storage,Storage - Model 710,2,0.0,54.4,24.48
2685,ORD-3095,2024-05-14,2024-05-20,Standard Class,Carlos Chen,Home Office,East,New York,Office Supplies,Paper,Paper - Model 880,5,0.1,99.57,38.72
2686,ORD-3096,2023-10-28,2023-11-03,Standard Class,Aisha Patel,Corporate,East,Boston,Technology,Phones,Phones - Model 158,2,0.2,461.89,69.28
2687,ORD-3096,2023-10-28,2023-11-03,Standard Class,Aisha Patel,Corporate,East,Boston,Technology,Phones,Phones - Model 598,2,0.0,1091.11,349.15
2688,ORD-3096,2023-10-28,2023-11-03,Standard Class,Aisha Patel,Corporate,East,Boston,Technology,Phones,Phones - Model 112,2,0.0,1288.8,412.41
2689,ORD-3097,2025-05-11,2025-05-17,Standard Class,Fatima Rossi,Consumer,West,Los Angeles,Office Supplies,Labels,Labels - Model 397,2,0.15,48.42,17.09
2690,ORD-3097,2025-05-11,2025-05-17,Standard Class,Fatima Rossi,Consumer,West,Los Angeles,Office Supplies,Labels,Labels - Model 952,1,0.0,41.82,18.82
2691,ORD-3098,2023-03-21,2023-03-28,Standard Class,Wei Rossi,Consumer,Central,Minneapolis,Office Supplies,Storage,Storage - Model 125,1,0.0,36.42,16.39
2692,ORD-3099,2025-02-08,2025-02-13,Second Class,Liam Müller,Consumer,East,Newark,Office Supplies,Storage,Storage - Model 384,3,0.0,117.18,52.73
2693,ORD-3100,2024-01-18,2024-01-23,Second Class,Carlos Chen,Home Office,South,Miami,Office Supplies,Labels,Labels - Model 814,3,0.0,100.2,45.09
2694,ORD-3101,2023-12-13,2023-12-20,Standard Class,Omar Chen,Corporate,East,Boston,Office Supplies,Art,Art - Model 323,1,0.3,13.85,1.98
2695,ORD-3102,2025-05-21,2025-05-23,First Class,Aisha Silva,Home Office,East,New York,Furniture,Tables,Tables - Model 125,4,0.3,584.83,-108.61
2696,ORD-3103,2024-09-08,2024-09-15,Standard Class,Aisha Silva,Consumer,West,San Francisco,Office Supplies,Binders,Binders - Model 434,1,0.0,32.46,14.61
2697,ORD-3104,2025-11-30,2025-12-07,Standard Class,Ethan Okafor,Corporate,Central,Minneapolis,Office Supplies,Storage,Storage - Model 335,1,0.1,36.17,14.06
2698,ORD-3104,2025-11-30,2025-12-07,Standard Class,Ethan Okafor,Corporate,Central,Minneapolis,Office Supplies,Storage,Storage - Model 284,3,0.2,59.53,18.6
2699,ORD-3104,2025-11-30,2025-12-07,Standard Class,Ethan Okafor,Corporate,Central,Minneapolis,Office Supplies,Storage,Storage - Model 538,2,0.0,36.72,16.52
2700,ORD-3105,2025-08-20,2025-08-26,Standard Class,Maria Smith,Consumer,South,Nashville,Office Supplies,Storage,Storage - Model 205,1,0.0,30.52,13.74
2701,ORD-3106,2025-12-01,2025-12-02,Same Day,Yuki Silva,Consumer,South,Nashville,Office Supplies,Storage,Storage - Model 414,1,0.2,30.7,9.59
2702,ORD-3107,2024-02-14,2024-02-18,Second Class,Maria Müller,Corporate,Central,Minneapolis,Office Supplies,Labels,Labels - Model 193,1,0.0,28.86,12.99
2703,ORD-3108,2025-08-08,2025-08-08,Same Day,Aisha Müller,Home Office,East,Boston,Office Supplies,Labels,Labels - Model 579,5,0.1,60.89,23.68
2704,ORD-3109,2023-06-16,2023-06-22,Standard Class,James Khan,Corporate,Central,Dallas,Technology,Copiers,Copiers - Model 262,1,0.2,300.88,45.13
2705,ORD-3109,2023-06-16,2023-06-22,Standard Class,James Khan,Corporate,Central,Dallas,Technology,Copiers,Copiers - Model 668,1,0.4,201.66,-43.68
2706,ORD-3110,2025-10-26,2025-11-01,Standard Class,Ivy Chen,Home Office,East,New York,Office Supplies,Storage,Storage - Model 545,1,0.0,41.39,18.63
2707,ORD-3111,2024-11-30,2024-12-05,Second Class,Fatima Müller,Corporate,Central,Chicago,Technology,Phones,Phones - Model 963,1,0.0,548.66,175.57
2708,ORD-3111,2024-11-30,2024-12-05,Second Class,Fatima Müller,Corporate,Central,Chicago,Technology,Phones,Phones - Model 776,1,0.0,486.52,155.69
2709,ORD-3111,2024-11-30,2024-12-05,Second Class,Fatima Müller,Corporate,Central,Chicago,Technology,Phones,Phones - Model 701,2,0.4,460.76,-99.84
2710,ORD-3112,2025-01-12,2025-01-16,Second Class,Fatima Kim,Consumer,East,Philadelphia,Furniture,Furnishings,Furnishings - Model 228,2,0.1,460.12,61.35
2711,ORD-3113,2023-03-18,2023-03-25,Standard Class,Liam Diaz,Home Office,Central,Houston,Office Supplies,Labels,Labels - Model 102,3,0.0,124.31,55.94
2712,ORD-3113,2023-03-18,2023-03-25,Standard Class,Liam Diaz,Home Office,Central,Houston,Office Supplies,Labels,Labels - Model 769,4,0.0,145.67,65.55
2713,ORD-3114,2024-08-19,2024-08-25,Standard Class,Liam Novak,Consumer,West,San Francisco,Furniture,Furnishings,Furnishings - Model 791,5,0.2,958.11,23.95
2714,ORD-3115,2023-06-04,2023-06-11,Standard Class,Fatima Okafor,Home Office,West,Los Angeles,Office Supplies,Labels,Labels - Model 963,3,0.0,106.47,47.91
2715,ORD-3116,2024-07-24,2024-07-29,Second Class,Liam Khan,Consumer,West,Los Angeles,Office Supplies,Storage,Storage - Model 320,2,0.0,30.53,13.74
2716,ORD-3117,2024-11-14,2024-11-20,Standard Class,Fatima Rossi,Corporate,East,New York,Office Supplies,Labels,Labels - Model 430,1,0.2,35.19,10.99
2717,ORD-3118,2024-03-18,2024-03-25,Standard Class,Priya Smith,Corporate,Central,Houston,Office Supplies,Paper,Paper - Model 469,2,0.0,43.57,19.61
2718,ORD-3119,2023-12-25,2023-12-29,Second Class,Fatima Kim,Corporate,South,Atlanta,Office Supplies,Art,Art - Model 628,2,0.0,47.15,21.22
2719,ORD-3120,2023-11-21,2023-11-26,Second Class,Omar Silva,Corporate,South,Miami,Furniture,Bookcases,Bookcases - Model 969,2,0.15,365.92,30.13
2720,ORD-3120,2023-11-21,2023-11-26,Second Class,Omar Silva,Corporate,South,Miami,Furniture,Bookcases,Bookcases - Model 334,1,0.2,212.09,5.3
2721,ORD-3121,2024-11-21,2024-11-26,Second Class,Liam Khan,Consumer,West,Seattle,Office Supplies,Paper,Paper - Model 147,1,0.1,18.42,7.16
2722,ORD-3122,2024-07-17,2024-07-23,Standard Class,Liam Smith,Consumer,Central,Dallas,Technology,Machines,Machines - Model 960,1,0.1,535.24,130.84
2723,ORD-3123,2024-12-26,2024-12-26,Same Day,Wei Novak,Home Office,Central,Chicago,Office Supplies,Paper,Paper - Model 206,4,0.0,167.14,75.21
2724,ORD-3124,2025-03-29,2025-04-05,Standard Class,Noah Müller,Consumer,Central,Chicago,Office Supplies,Binders,Binders - Model 254,1,0.2,27.34,8.54
2725,ORD-3125,2023-11-11,2023-11-18,Standard Class,Noah Diaz,Corporate,East,Newark,Office Supplies,Labels,Labels - Model 410,1,0.0,27.02,12.16
2726,ORD-3126,2024-04-18,2024-04-18,Same Day,Aisha Smith,Consumer,South,Atlanta,Technology,Accessories,Accessories - Model 643,3,0.0,1563.8,500.41
2727,ORD-3127,2025-04-27,2025-05-04,Standard Class,Fatima Garcia,Consumer,West,Los Angeles,Office Supplies,Binders,Binders - Model 693,1,0.0,32.45,14.6
2728,ORD-3127,2025-04-27,2025-05-04,Standard Class,Fatima Garcia,Consumer,West,Los Angeles,Office Supplies,Binders,Binders - Model 323,1,0.0,30.3,13.64
2729,ORD-3128,2023-12-08,2023-12-14,Standard Class,Fatima Kim,Corporate,West,Phoenix,Furniture,Bookcases,Bookcases - Model 588,2,0.4,64.19,-24.6
2730,ORD-3129,2023-04-10,2023-04-16,Standard Class,Ethan Müller,Consumer,Central,Chicago,Office Supplies,Paper,Paper - Model 975,1,0.4,24.1,-0.01
2731,ORD-3129,2023-04-10,2023-04-16,Standard Class,Ethan Müller,Consumer,Central,Chicago,Office Supplies,Paper,Paper - Model 445,1,0.0,26.07,11.73
2732,ORD-3130,2023-09-02,2023-09-08,Standard Class,Liam Rossi,Home Office,Central,Chicago,Office Supplies,Paper,Paper - Model 446,2,0.0,88.94,40.02
2733,ORD-3131,2025-12-24,2025-12-31,Standard Class,Fatima Nguyen,Home Office,East,New York,Technology,Copiers,Copiers - Model 556,2,0.15,452.65,90.53
2734,ORD-3132,2024-12-08,2024-12-15,Standard Class,Maria Garcia,Corporate,Central,Minneapolis,Office Supplies,Storage,Storage - Model 145,4,0.2,177.1,55.34
2735,ORD-3133,2023-01-27,2023-02-03,Standard Class,Noah Müller,Home Office,West,San Francisco,Furniture,Furnishings,Furnishings - Model 795,1,0.0,134.35,29.56
2736,ORD-3133,2023-01-27,2023-02-03,Standard Class,Noah Müller,Home Office,West,San Francisco,Furniture,Furnishings,Furnishings - Model 898,2,0.1,578.41,77.12
2737,ORD-3134,2025-09-21,2025-09-28,Standard Class,Sofia Okafor,Consumer,South,Nashville,Office Supplies,Storage,Storage - Model 932,3,0.0,64.3,28.94
2738,ORD-3135,2025-07-31,2025-08-05,Second Class,Yuki Brown,Consumer,South,Miami,Office Supplies,Paper,Paper - Model 646,2,0.0,43.69,19.66
2739,ORD-3136,2023-10-14,2023-10-20,Standard Class,Liam Okafor,Home Office,Central,Dallas,Furniture,Tables,Tables - Model 651,4,0.2,574.49,14.36
2740,ORD-3137,2025-09-05,2025-09-07,First Class,Noah Chen,Home Office,East,New York,Office Supplies,Binders,Binders - Model 387,1,0.0,28.12,12.65
2741,ORD-3138,2025-10-03,2025-10-08,Second Class,Wei Okafor,Consumer,East,Boston,Office Supplies,Paper,Paper - Model 792,1,0.0,28.99,13.05
2742,ORD-3138,2025-10-03,2025-10-08,Second Class,Wei Okafor,Consumer,East,Boston,Office Supplies,Paper,Paper - Model 467,3,0.0,136.55,61.45
2743,ORD-3139,2023-03-02,2023-03-08,Standard Class,Fatima Müller,Consumer,West,San Francisco,Technology,Phones,Phones - Model 701,1,0.15,401.64,80.33
2744,ORD-3140,2025-09-06,2025-09-13,Standard Class,Liam Diaz,Consumer,Central,Dallas,Office Supplies,Art,Art - Model 308,1,0.1,7.14,2.77
2745,ORD-3141,2025-06-07,2025-06-10,First Class,Maria Silva,Consumer,South,Nashville,Office Supplies,Paper,Paper - Model 603,1,0.0,66.89,30.1
2746,ORD-3141,2025-06-07,2025-06-10,First Class,Maria Silva,Consumer,South,Nashville,Office Supplies,Paper,Paper - Model 705,1,0.2,17.42,5.45
2747,ORD-3142,2024-01-15,2024-01-21,Standard Class,Maria Khan,Corporate,West,Phoenix,Technology,Accessories,Accessories - Model 679,1,0.15,346.54,69.31
2748,ORD-3143,2024-07-10,2024-07-14,Second Class,Noah Khan,Consumer,West,San Francisco,Office Supplies,Art,Art - Model 492,1,0.1,37.0,14.39
2749,ORD-3144,2025-02-06,2025-02-13,Standard Class,Carlos Rossi,Home Office,East,Newark,Furniture,Chairs,Chairs - Model 610,3,0.1,447.24,59.63
2750,ORD-3145,2025-01-31,2025-02-06,Standard Class,Noah Kim,Corporate,West,San Francisco,Office Supplies,Binders,Binders - Model 316,1,0.1,50.57,19.67
2751,ORD-3146,2023-02-03,2023-02-09,Standard Class,Ethan Brown,Home Office,Central,Houston,Office Supplies,Art,Art - Model 853,3,0.0,57.95,26.08
2752,ORD-3147,2024-06-11,2024-06-16,Second Class,Liam Kim,Corporate,West,Seattle,Office Supplies,Paper,Paper - Model 908,1,0.0,29.37,13.22
2753,ORD-3147,2024-06-11,2024-06-16,Second Class,Liam Kim,Corporate,West,Seattle,Office Supplies,Paper,Paper - Model 242,1,0.0,38.67,17.4
2754,ORD-3148,2025-09-23,2025-09-30,Standard Class,Fatima Müller,Consumer,West,San Francisco,Furniture,Tables,Tables - Model 781,2,0.0,793.1,174.48
2755,ORD-3149,2025-01-03,2025-01-09,Standard Class,Maria Brown,Consumer,West,Seattle,Technology,Phones,Phones - Model 162,3,0.1,1516.08,370.6
2756,ORD-3149,2025-01-03,2025-01-09,Standard Class,Maria Brown,Consumer,West,Seattle,Technology,Phones,Phones - Model 251,1,0.1,401.72,98.2
2757,ORD-3150,2025-08-20,2025-08-27,Standard Class,Yuki Smith,Home Office,West,Los Angeles,Technology,Phones,Phones - Model 904,1,0.0,415.11,132.83
2758,ORD-3151,2023-07-17,2023-07-24,Standard Class,Liam Diaz,Corporate,East,Boston,Office Supplies,Labels,Labels - Model 711,2,0.0,98.61,44.38
2759,ORD-3152,2025-12-01,2025-12-05,Second Class,Yuki Smith,Consumer,Central,Minneapolis,Furniture,Bookcases,Bookcases - Model 985,1,0.2,224.58,5.62
2760,ORD-3152,2025-12-01,2025-12-05,Second Class,Yuki Smith,Consumer,Central,Minneapolis,Furniture,Bookcases,Bookcases - Model 526,2,0.0,635.15,139.73
2761,ORD-3153,2025-12-08,2025-12-15,Standard Class,Aisha Kim,Consumer,East,New York,Office Supplies,Labels,Labels - Model 802,2,0.0,108.16,48.67
2762,ORD-3153,2025-12-08,2025-12-15,Standard Class,Aisha Kim,Consumer,East,New York,Office Supplies,Labels,Labels - Model 974,4,0.0,145.24,65.36
2763,ORD-3153,2025-12-08,2025-12-15,Standard Class,Aisha Kim,Consumer,East,New York,Office Supplies,Labels,Labels - Model 820,1,0.0,43.67,19.65
2764,ORD-3154,2025-01-24,2025-01-30,Standard Class,Ivy Silva,Home Office,Central,Dallas,Technology,Copiers,Copiers - Model 654,1,0.0,409.65,131.09
2765,ORD-3154,2025-01-24,2025-01-30,Standard Class,Ivy Silva,Home Office,Central,Dallas,Technology,Copiers,Copiers - Model 185,1,0.2,244.57,36.68
2766,ORD-3154,2025-01-24,2025-01-30,Standard Class,Ivy Silva,Home Office,Central,Dallas,Technology,Copiers,Copiers - Model 512,2,0.1,756.8,184.99
2767,ORD-3155,2024-11-15,2024-11-21,Standard Class,Ivy Chen,Consumer,South,Nashville,Office Supplies,Art,Art - Model 741,1,0.1,31.25,12.15
2768,ORD-3156,2024-08-14,2024-08-21,Standard Class,Yuki Nguyen,Consumer,Central,Dallas,Furniture,Bookcases,Bookcases - Model 372,2,0.1,416.0,55.47
2769,ORD-3157,2023-08-30,2023-09-05,Standard Class,Ethan Novak,Consumer,East,Newark,Furniture,Furnishings,Furnishings - Model 176,1,0.2,160.33,4.01
2770,ORD-3158,2023-10-14,2023-10-21,Standard Class,Noah Brown,Consumer,South,Miami,Office Supplies,Binders,Binders - Model 638,2,0.0,95.17,42.83
2771,ORD-3159,2023-04-09,2023-04-14,Second Class,Maria Khan,Corporate,Central,Chicago,Furniture,Tables,Tables - Model 661,2,0.0,509.36,112.06
2772,ORD-3160,2023-04-27,2023-04-29,First Class,Carlos Müller,Consumer,South,Miami,Office Supplies,Art,Art - Model 303,4,0.1,134.81,52.43
2773,ORD-3161,2025-07-26,2025-08-01,Standard Class,Aisha Brown,Corporate,Central,Dallas,Office Supplies,Labels,Labels - Model 240,2,0.2,43.31,13.53
2774,ORD-3161,2025-07-26,2025-08-01,Standard Class,Aisha Brown,Corporate,Central,Dallas,Office Supplies,Labels,Labels - Model 377,4,0.1,80.82,31.43
2775,ORD-3162,2023-01-19,2023-01-23,Second Class,Priya Khan,Consumer,East,Newark,Office Supplies,Binders,Binders - Model 482,2,0.1,60.22,23.42
2776,ORD-3163,2024-10-28,2024-11-02,Second Class,Maria Silva,Home Office,East,Philadelphia,Office Supplies,Storage,Storage - Model 368,1,0.1,34.24,13.31
2777,ORD-3164,2023-05-02,2023-05-05,First Class,Omar Silva,Consumer,Central,Dallas,Furniture,Bookcases,Bookcases - Model 901,5,0.1,1057.46,140.99
2778,ORD-3164,2023-05-02,2023-05-05,First Class,Omar Silva,Consumer,Central,Dallas,Furniture,Bookcases,Bookcases - Model 627,3,0.0,663.07,145.87
2779,ORD-3165,2025-05-29,2025-06-03,Second Class,Liam Novak,Consumer,Central,Minneapolis,Office Supplies,Binders,Binders - Model 674,2,0.0,65.79,29.61
2780,ORD-3165,2025-05-29,2025-06-03,Second Class,Liam Novak,Consumer,Central,Minneapolis,Office Supplies,Binders,Binders - Model 489,1,0.0,36.55,16.45
2781,ORD-3166,2025-03-03,2025-03-09,Standard Class,Maria Patel,Consumer,West,Phoenix,Office Supplies,Art,Art - Model 288,1,0.0,31.12,14.01
2782,ORD-3166,2025-03-03,2025-03-09,Standard Class,Maria Patel,Consumer,West,Phoenix,Office Supplies,Art,Art - Model 975,2,0.0,80.27,36.12
2783,ORD-3167,2023-11-20,2023-11-25,Second Class,Maria Khan,Consumer,South,Atlanta,Office Supplies,Art,Art - Model 120,1,0.2,12.57,3.93
2784,ORD-3167,2023-11-20,2023-11-25,Second Class,Maria Khan,Consumer,South,Atlanta,Office Supplies,Art,Art - Model 774,1,0.0,29.74,13.38
2785,ORD-3167,2023-11-20,2023-11-25,Second Class,Maria Khan,Consumer,South,Atlanta,Office Supplies,Art,Art - Model 894,1,0.0,29.0,13.05
2786,ORD-3168,2024-03-03,2024-03-09,Standard Class,Sofia Rossi,Home Office,West,Phoenix,Technology,Accessories,Accessories - Model 578,1,0.2,313.01,46.95
2787,ORD-3168,2024-03-03,2024-03-09,Standard Class,Sofia Rossi,Home Office,West,Phoenix,Technology,Accessories,Accessories - Model 626,3,0.0,1374.43,439.82
2788,ORD-3169,2025-05-22,2025-05-28,Standard Class,Yuki Brown,Home Office,South,Miami,Office Supplies,Binders,Binders - Model 162,4,0.0,203.32,91.49
2789,ORD-3170,2023-05-02,2023-05-06,Second Class,Omar Smith,Consumer,South,Atlanta,Technology,Accessories,Accessories - Model 384,1,0.1,79.57,19.45
2790,ORD-3171,2025-08-30,2025-09-06,Standard Class,Ethan Rossi,Consumer,South,Atlanta,Office Supplies,Labels,Labels - Model 977,4,0.2,123.12,38.47
2791,ORD-3171,2025-08-30,2025-09-06,Standard Class,Ethan Rossi,Consumer,South,Atlanta,Office Supplies,Labels,Labels - Model 687,4,0.2,12.8,4.0
2792,ORD-3172,2025-01-16,2025-01-22,Standard Class,Yuki Kim,Home Office,East,Boston,Furniture,Furnishings,Furnishings - Model 295,2,0.15,433.14,35.67
2793,ORD-3173,2024-12-08,2024-12-14,Standard Class,Fatima Garcia,Consumer,South,Miami,Technology,Copiers,Copiers - Model 870,2,0.1,628.74,153.69
2794,ORD-3174,2025-02-28,2025-03-06,Standard Class,Fatima Müller,Home Office,South,Charlotte,Furniture,Bookcases,Bookcases - Model 589,2,0.0,514.68,113.23
2795,ORD-3175,2025-09-05,2025-09-08,First Class,Wei Novak,Consumer,West,Seattle,Furniture,Chairs,Chairs - Model 159,2,0.4,316.71,-121.4
2796,ORD-3176,2024-09-12,2024-09-18,Standard Class,Noah Nguyen,Consumer,East,Newark,Furniture,Chairs,Chairs - Model 559,1,0.15,198.17,16.32
2797,ORD-3176,2024-09-12,2024-09-18,Standard Class,Noah Nguyen,Consumer,East,Newark,Furniture,Chairs,Chairs - Model 199,2,0.1,331.33,44.18
2798,ORD-3177,2023-08-17,2023-08-23,Standard Class,Noah Okafor,Consumer,West,Phoenix,Furniture,Chairs,Chairs - Model 706,4,0.1,1257.93,167.72
2799,ORD-3178,2025-11-14,2025-11-18,Second Class,Maria Nguyen,Home Office,West,San Francisco,Office Supplies,Art,Art - Model 278,4,0.0,155.1,69.8
2800,ORD-3179,2023-04-15,2023-04-22,Standard Class,James Silva,Home Office,East,New York,Furniture,Furnishings,Furnishings - Model 830,5,0.0,1835.88,403.9
2801,ORD-3179,2023-04-15,2023-04-22,Standard Class,James Silva,Home Office,East,New York,Furniture,Furnishings,Furnishings - Model 645,2,0.3,288.26,-53.53
2802,ORD-3180,2024-01-06,2024-01-09,First Class,Noah Müller,Corporate,Central,Minneapolis,Office Supplies,Storage,Storage - Model 143,1,0.2,19.89,6.21
2803,ORD-3181,2023-01-02,2023-01-08,Standard Class,Liam Silva,Consumer,West,Phoenix,Technology,Phones,Phones - Model 136,1,0.15,263.96,52.79
2804,ORD-3182,2023-02-25,2023-03-03,Standard Class,Priya Garcia,Consumer,Central,Dallas,Office Supplies,Storage,Storage - Model 236,1,0.0,12.69,5.71
2805,ORD-3183,2024-05-19,2024-05-19,Same Day,Liam Rossi,Home Office,South,Atlanta,Technology,Machines,Machines - Model 157,1,0.0,551.21,176.39
2806,ORD-3183,2024-05-19,2024-05-19,Same Day,Liam Rossi,Home Office,South,Atlanta,Technology,Machines,Machines - Model 808,2,0.1,1019.13,249.12
2807,ORD-3184,2023-06-12,2023-06-19,Standard Class,Yuki Garcia,Corporate,Central,Minneapolis,Technology,Phones,Phones - Model 699,2,0.0,813.51,260.32
2808,ORD-3185,2024-12-28,2024-12-29,Same Day,Fatima Smith,Corporate,Central,Chicago,Technology,Accessories,Accessories - Model 407,1,0.1,328.44,80.28
2809,ORD-3185,2024-12-28,2024-12-29,Same Day,Fatima Smith,Corporate,Central,Chicago,Technology,Accessories,Accessories - Model 234,5,0.1,1680.62,410.82
2810,ORD-3186,2023-01-12,2023-01-14,First Class,Fatima Rossi,Consumer,East,Boston,Technology,Phones,Phones - Model 170,3,0.0,778.24,249.04
2811,ORD-3187,2025-07-25,2025-07-31,Standard Class,Omar Patel,Home Office,South,Charlotte,Technology,Phones,Phones - Model 379,2,0.1,1034.66,252.92
2812,ORD-3188,2023-07-20,2023-07-23,First Class,Priya Kim,Consumer,South,Atlanta,Furniture,Chairs,Chairs - Model 397,1,0.0,192.67,42.38
2813,ORD-3189,2023-03-23,2023-03-29,Standard Class,Priya Nguyen,Consumer,South,Atlanta,Office Supplies,Storage,Storage - Model 763,1,0.2,27.21,8.5
2814,ORD-3189,2023-03-23,2023-03-29,Standard Class,Priya Nguyen,Consumer,South,Atlanta,Office Supplies,Storage,Storage - Model 610,4,0.15,143.9,50.79
2815,ORD-3190,2025-01-13,2025-01-16,First Class,Fatima Kim,Consumer,East,Philadelphia,Furniture,Bookcases,Bookcases - Model 955,2,0.1,607.39,80.99
2816,ORD-3191,2023-12-09,2023-12-15,Standard Class,Wei Okafor,Home Office,East,Philadelphia,Office Supplies,Binders,Binders - Model 435,1,0.0,16.23,7.31
2817,ORD-3191,2023-12-09,2023-12-15,Standard Class,Wei Okafor,Home Office,East,Philadelphia,Office Supplies,Binders,Binders - Model 890,1,0.1,17.99,6.99
2818,ORD-3192,2023-07-06,2023-07-06,Same Day,Ivy Novak,Corporate,Central,Minneapolis,Technology,Copiers,Copiers - Model 233,4,0.0,2679.03,857.29
2819,ORD-3192,2023-07-06,2023-07-06,Same Day,Ivy Novak,Corporate,Central,Minneapolis,Technology,Copiers,Copiers - Model 242,2,0.3,502.53,-21.54
2820,ORD-3192,2023-07-06,2023-07-06,Same Day,Ivy Novak,Corporate,Central,Minneapolis,Technology,Copiers,Copiers - Model 469,4,0.2,914.69,137.2
2821,ORD-3193,2024-07-22,2024-07-26,Second Class,Ivy Smith,Corporate,East,Philadelphia,Furniture,Bookcases,Bookcases - Model 671,3,0.0,465.64,102.44
2822,ORD-3194,2025-10-10,2025-10-17,Standard Class,Noah Novak,Corporate,Central,Dallas,Furniture,Furnishings,Furnishings - Model 601,5,0.0,1190.34,261.87
2823,ORD-3195,2023-07-09,2023-07-11,First Class,Ethan Okafor,Home Office,West,Los Angeles,Office Supplies,Paper,Paper - Model 664,1,0.1,26.98,10.5
2824,ORD-3195,2023-07-09,2023-07-11,First Class,Ethan Okafor,Home Office,West,Los Angeles,Office Supplies,Paper,Paper - Model 574,1,0.0,29.55,13.3
2825,ORD-3195,2023-07-09,2023-07-11,First Class,Ethan Okafor,Home Office,West,Los Angeles,Office Supplies,Paper,Paper - Model 586,2,0.15,39.2,13.83
2826,ORD-3196,2025-11-14,2025-11-21,Standard Class,Priya Rossi,Consumer,West,San Francisco,Technology,Copiers,Copiers - Model 388,5,0.15,886.78,177.35
2827,ORD-3197,2023-11-23,2023-11-29,Standard Class,Priya Patel,Corporate,Central,Houston,Office Supplies,Labels,Labels - Model 822,1,0.2,19.05,5.95
2828,ORD-3197,2023-11-23,2023-11-29,Standard Class,Priya Patel,Corporate,Central,Houston,Office Supplies,Labels,Labels - Model 516,1,0.0,7.23,3.25
2829,ORD-3197,2023-11-23,2023-11-29,Standard Class,Priya Patel,Corporate,Central,Houston,Office Supplies,Labels,Labels - Model 700,3,0.0,141.29,63.58
2830,ORD-3198,2025-12-22,2025-12-24,First Class,Priya Diaz,Consumer,South,Nashville,Technology,Phones,Phones - Model 483,1,0.15,523.73,104.74
2831,ORD-3199,2025-12-20,2025-12-27,Standard Class,Noah Novak,Consumer,Central,Chicago,Office Supplies,Storage,Storage - Model 692,2,0.0,66.32,29.85
2832,ORD-3200,2024-12-02,2024-12-06,Second Class,James Silva,Consumer,West,San Francisco,Office Supplies,Paper,Paper - Model 723,4,0.1,100.39,39.04
2833,ORD-3201,2023-01-18,2023-01-20,First Class,Sofia Nguyen,Home Office,Central,Houston,Office Supplies,Art,Art - Model 591,2,0.3,20.45,2.92
2834,ORD-3202,2024-10-26,2024-11-01,Standard Class,Liam Müller,Consumer,East,Philadelphia,Office Supplies,Storage,Storage - Model 156,3,0.0,76.23,34.31
2835,ORD-3203,2025-01-11,2025-01-17,Standard Class,Aisha Müller,Consumer,Central,Chicago,Furniture,Tables,Tables - Model 639,4,0.0,1108.26,243.82
2836,ORD-3203,2025-01-11,2025-01-17,Standard Class,Aisha Müller,Consumer,Central,Chicago,Furniture,Tables,Tables - Model 328,5,0.0,1033.09,227.28
2837,ORD-3204,2024-04-24,2024-04-24,Same Day,Maria Smith,Home Office,South,Charlotte,Office Supplies,Labels,Labels - Model 286,1,0.1,45.07,17.53
2838,ORD-3205,2025-11-17,2025-11-23,Standard Class,Fatima Kim,Home Office,East,Boston,Technology,Phones,Phones - Model 879,1,0.1,371.69,90.86
2839,ORD-3206,2023-11-29,2023-12-04,Second Class,Priya Novak,Corporate,South,Nashville,Technology,Copiers,Copiers - Model 954,2,0.0,1173.99,375.67
2840,ORD-3207,2023-05-21,2023-05-27,Standard Class,Maria Kim,Consumer,Central,Houston,Office Supplies,Storage,Storage - Model 765,1,0.0,34.74,15.63
2841,ORD-3208,2025-12-21,2025-12-28,Standard Class,Wei Garcia,Consumer,East,Newark,Furniture,Chairs,Chairs - Model 891,1,0.0,414.19,91.12
2842,ORD-3209,2025-05-10,2025-05-17,Standard Class,Carlos Silva,Consumer,South,Atlanta,Office Supplies,Binders,Binders - Model 705,1,0.1,27.33,10.63
2843,ORD-3210,2024-09-20,2024-09-26,Standard Class,Carlos Garcia,Consumer,West,San Francisco,Office Supplies,Paper,Paper - Model 755,3,0.0,151.76,68.29
2844,ORD-3210,2024-09-20,2024-09-26,Standard Class,Carlos Garcia,Consumer,West,San Francisco,Office Supplies,Paper,Paper - Model 783,4,0.4,87.03,0.0
2845,ORD-3210,2024-09-20,2024-09-26,Standard Class,Carlos Garcia,Consumer,West,San Francisco,Office Supplies,Paper,Paper - Model 161,4,0.15,75.26,26.56
2846,ORD-3211,2025-03-20,2025-03-27,Standard Class,Maria Silva,Corporate,South,Miami,Furniture,Chairs,Chairs - Model 328,4,0.15,826.04,68.02
2847,ORD-3212,2025-01-08,2025-01-13,Second Class,Sofia Nguyen,Corporate,South,Nashville,Office Supplies,Labels,Labels - Model 574,2,0.0,37.75,16.99
2848,ORD-3213,2025-03-25,2025-03-31,Standard Class,Omar Diaz,Consumer,West,San Francisco,Technology,Phones,Phones - Model 849,1,0.0,335.42,107.33
2849,ORD-3214,2023-01-20,2023-01-26,Standard Class,Aisha Kim,Corporate,Central,Dallas,Office Supplies,Paper,Paper - Model 320,1,0.1,30.92,12.03
2850,ORD-3214,2023-01-20,2023-01-26,Standard Class,Aisha Kim,Corporate,Central,Dallas,Office Supplies,Paper,Paper - Model 783,2,0.3,37.2,5.31
2851,ORD-3215,2024-01-23,2024-01-26,First Class,Fatima Okafor,Corporate,Central,Houston,Office Supplies,Binders,Binders - Model 670,1,0.0,34.39,15.47
2852,ORD-3216,2023-11-23,2023-11-29,Standard Class,James Rossi,Consumer,Central,Houston,Office Supplies,Paper,Paper - Model 917,1,0.0,39.79,17.91
2853,ORD-3217,2025-09-20,2025-09-26,Standard Class,Yuki Brown,Consumer,South,Miami,Office Supplies,Paper,Paper - Model 686,4,0.0,138.16,62.17
2854,ORD-3218,2024-06-20,2024-06-23,First Class,Maria Novak,Consumer,South,Nashville,Office Supplies,Art,Art - Model 853,1,0.0,47.97,21.59
2855,ORD-3219,2025-07-22,2025-07-28,Standard Class,Sofia Novak,Corporate,Central,Chicago,Office Supplies,Paper,Paper - Model 472,1,0.2,42.79,13.37
2856,ORD-3220,2025-10-19,2025-10-23,Second Class,Omar Silva,Consumer,South,Atlanta,Office Supplies,Labels,Labels - Model 421,3,0.0,100.17,45.08
2857,ORD-3221,2025-07-30,2025-08-03,Second Class,James Chen,Corporate,South,Charlotte,Office Supplies,Labels,Labels - Model 474,2,0.15,76.38,26.96
2858,ORD-3222,2024-12-01,2024-12-05,Second Class,Aisha Diaz,Consumer,East,Boston,Office Supplies,Paper,Paper - Model 619,2,0.0,59.04,26.57
2859,ORD-3223,2023-11-07,2023-11-14,Standard Class,Sofia Nguyen,Corporate,East,New York,Office Supplies,Binders,Binders - Model 991,3,0.15,83.28,29.39
2860,ORD-3224,2025-04-20,2025-04-23,First Class,Ethan Garcia,Consumer,West,Los Angeles,Technology,Copiers,Copiers - Model 259,1,0.2,344.72,51.7
2861,ORD-3225,2023-03-10,2023-03-16,Standard Class,Ivy Silva,Corporate,South,Nashville,Office Supplies,Storage,Storage - Model 878,2,0.2,50.25,15.7
2862,ORD-3226,2023-12-30,2024-01-04,Second Class,Aisha Brown,Consumer,West,San Francisco,Office Supplies,Storage,Storage - Model 810,1,0.2,26.26,8.2
2863,ORD-3227,2024-12-12,2024-12-17,Second Class,Maria Müller,Consumer,East,Boston,Office Supplies,Art,Art - Model 192,3,0.0,87.99,39.6
2864,ORD-3228,2025-12-14,2025-12-21,Standard Class,Liam Müller,Corporate,East,Boston,Office Supplies,Binders,Binders - Model 713,2,0.0,114.75,51.64
2865,ORD-3229,2023-06-30,2023-07-06,Standard Class,Aisha Kim,Consumer,Central,Minneapolis,Office Supplies,Binders,Binders - Model 301,5,0.15,65.47,23.11
2866,ORD-3229,2023-06-30,2023-07-06,Standard Class,Aisha Kim,Consumer,Central,Minneapolis,Office Supplies,Binders,Binders - Model 769,2,0.15,61.19,21.6
2867,ORD-3230,2024-12-19,2024-12-24,Second Class,Ivy Garcia,Consumer,East,Philadelphia,Office Supplies,Binders,Binders - Model 858,1,0.0,40.69,18.31
2868,ORD-3231,2024-12-28,2025-01-04,Standard Class,Noah Smith,Corporate,East,Newark,Office Supplies,Art,Art - Model 616,2,0.0,94.77,42.65
2869,ORD-3232,2023-10-24,2023-10-27,First Class,Yuki Kim,Corporate,South,Nashville,Office Supplies,Storage,Storage - Model 383,2,0.0,26.12,11.76
2870,ORD-3233,2023-04-19,2023-04-25,Standard Class,Carlos Silva,Consumer,South,Atlanta,Furniture,Chairs,Chairs - Model 922,3,0.2,456.1,11.4
2871,ORD-3234,2024-09-03,2024-09-03,Same Day,Liam Novak,Consumer,East,Philadelphia,Technology,Phones,Phones - Model 644,1,0.15,324.14,64.83
2872,ORD-3234,2024-09-03,2024-09-03,Same Day,Liam Novak,Consumer,East,Philadelphia,Technology,Phones,Phones - Model 120,1,0.0,379.7,121.5
2873,ORD-3235,2025-07-31,2025-08-06,Standard Class,Maria Patel,Consumer,Central,Houston,Furniture,Bookcases,Bookcases - Model 499,2,0.0,539.16,118.61
2874,ORD-3236,2025-06-03,2025-06-09,Standard Class,Yuki Silva,Consumer,East,Newark,Furniture,Furnishings,Furnishings - Model 524,2,0.1,482.71,64.36
2875,ORD-3237,2025-11-28,2025-12-04,Standard Class,Ivy Patel,Corporate,West,Phoenix,Technology,Accessories,Accessories - Model 456,4,0.15,1372.95,274.59
2876,ORD-3238,2024-08-22,2024-08-23,Same Day,Priya Müller,Consumer,East,New York,Technology,Phones,Phones - Model 175,1,0.15,281.33,56.26
2877,ORD-3239,2024-05-30,2024-06-05,Standard Class,Carlos Silva,Consumer,Central,Chicago,Office Supplies,Paper,Paper - Model 561,1,0.4,29.51,0.0
2878,ORD-3240,2023-07-25,2023-07-28,First Class,Fatima Rossi,Corporate,East,Newark,Office Supplies,Art,Art - Model 310,1,0.1,5.77,2.24
2879,ORD-3241,2025-03-16,2025-03-23,Standard Class,Noah Rossi,Consumer,East,New York,Technology,Machines,Machines - Model 201,3,0.1,1337.2,326.87
2880,ORD-3241,2025-03-16,2025-03-23,Standard Class,Noah Rossi,Consumer,East,New York,Technology,Machines,Machines - Model 535,3,0.0,1177.17,376.69
2881,ORD-3242,2023-12-19,2023-12-25,Standard Class,James Diaz,Corporate,West,Phoenix,Office Supplies,Binders,Binders - Model 706,3,0.0,160.83,72.38
2882,ORD-3243,2024-01-22,2024-01-29,Standard Class,Maria Patel,Consumer,East,New York,Technology,Copiers,Copiers - Model 176,1,0.0,292.04,93.45
2883,ORD-3243,2024-01-22,2024-01-29,Standard Class,Maria Patel,Consumer,East,New York,Technology,Copiers,Copiers - Model 166,3,0.15,1327.91,265.58
2884,ORD-3244,2023-11-30,2023-12-06,Standard Class,Aisha Kim,Corporate,Central,Minneapolis,Office Supplies,Storage,Storage - Model 718,2,0.2,86.01,26.88
2885,ORD-3245,2025-04-01,2025-04-07,Standard Class,Noah Novak,Corporate,West,Seattle,Office Supplies,Art,Art - Model 596,1,0.0,35.57,16.01
2886,ORD-3245,2025-04-01,2025-04-07,Standard Class,Noah Novak,Corporate,West,Seattle,Office Supplies,Art,Art - Model 932,5,0.1,59.99,23.33
2887,ORD-3246,2024-01-29,2024-02-05,Standard Class,Wei Silva,Consumer,Central,Dallas,Furniture,Chairs,Chairs - Model 657,5,0.2,1289.14,32.23
2888,ORD-3247,2025-12-18,2025-12-20,First Class,Noah Novak,Home Office,East,Philadelphia,Office Supplies,Binders,Binders - Model 744,1,0.15,45.14,15.93
2889,ORD-3248,2025-06-19,2025-06-24,Second Class,Yuki Smith,Consumer,East,Boston,Office Supplies,Art,Art - Model 205,5,0.2,94.95,29.67
2890,ORD-3248,2025-06-19,2025-06-24,Second Class,Yuki Smith,Consumer,East,Boston,Office Supplies,Art,Art - Model 900,2,0.1,66.95,26.03
2891,ORD-3248,2025-06-19,2025-06-24,Second Class,Yuki Smith,Consumer,East,Boston,Office Supplies,Art,Art - Model 174,1,0.0,30.05,13.53
2892,ORD-3249,2024-09-23,2024-09-29,Standard Class,Wei Khan,Corporate,East,New York,Office Supplies,Labels,Labels - Model 589,2,0.0,68.11,30.65
2893,ORD-3249,2024-09-23,2024-09-29,Standard Class,Wei Khan,Corporate,East,New York,Office Supplies,Labels,Labels - Model 383,1,0.15,30.76,10.86
2894,ORD-3250,2025-10-05,2025-10-08,First Class,Liam Novak,Consumer,Central,Houston,Office Supplies,Paper,Paper - Model 889,1,0.0,21.04,9.47
2895,ORD-3250,2025-10-05,2025-10-08,First Class,Liam Novak,Consumer,Central,Houston,Office Supplies,Paper,Paper - Model 366,2,0.3,58.2,8.31
2896,ORD-3251,2025-08-30,2025-09-05,Standard Class,Ivy Khan,Corporate,South,Miami,Office Supplies,Labels,Labels - Model 776,3,0.0,116.03,52.22
2897,ORD-3252,2023-04-23,2023-04-30,Standard Class,Noah Müller,Consumer,Central,Minneapolis,Furniture,Furnishings,Furnishings - Model 718,2,0.0,325.06,71.51
2898,ORD-3253,2024-08-09,2024-08-14,Second Class,Aisha Müller,Corporate,East,Philadelphia,Office Supplies,Art,Art - Model 379,1,0.1,35.36,13.75
2899,ORD-3254,2024-10-18,2024-10-24,Standard Class,Ivy Silva,Consumer,Central,Dallas,Technology,Copiers,Copiers - Model 606,5,0.0,2202.55,704.81
2900,ORD-3255,2025-11-29,2025-12-06,Standard Class,Noah Diaz,Consumer,East,Philadelphia,Technology,Copiers,Copiers - Model 947,2,0.0,1206.98,386.23
2901,ORD-3256,2025-11-21,2025-11-28,Standard Class,Ivy Smith,Corporate,East,New York,Technology,Phones,Phones - Model 940,2,0.2,6.4,0.96
2902,ORD-3256,2025-11-21,2025-11-28,Standard Class,Ivy Smith,Corporate,East,New York,Technology,Phones,Phones - Model 517,5,0.0,3038.62,972.36
2903,ORD-3256,2025-11-21,2025-11-28,Standard Class,Ivy Smith,Corporate,East,New York,Technology,Phones,Phones - Model 179,1,0.0,470.08,150.43
2904,ORD-3257,2025-03-26,2025-03-29,First Class,Maria Kim,Corporate,East,Boston,Office Supplies,Binders,Binders - Model 873,2,0.0,107.48,48.37
2905,ORD-3258,2023-09-06,2023-09-13,Standard Class,Priya Rossi,Consumer,Central,Chicago,Furniture,Bookcases,Bookcases - Model 375,2,0.15,344.82,28.4
2906,ORD-3259,2024-08-26,2024-09-01,Standard Class,Priya Diaz,Consumer,Central,Minneapolis,Office Supplies,Labels,Labels - Model 476,1,0.0,38.13,17.16
2907,ORD-3260,2024-07-04,2024-07-10,Standard Class,Sofia Nguyen,Consumer,South,Nashville,Furniture,Bookcases,Bookcases - Model 375,1,0.3,141.18,-26.22
2908,ORD-3260,2024-07-04,2024-07-10,Standard Class,Sofia Nguyen,Consumer,South,Nashville,Furniture,Bookcases,Bookcases - Model 758,4,0.0,1013.07,222.88
2909,ORD-3261,2024-03-28,2024-04-03,Standard Class,Noah Rossi,Corporate,Central,Houston,Technology,Accessories,Accessories - Model 246,1,0.15,497.27,99.45
2910,ORD-3262,2024-09-28,2024-10-05,Standard Class,Omar Silva,Consumer,East,Newark,Technology,Machines,Machines - Model 983,1,0.1,422.19,103.2
2911,ORD-3263,2025-04-22,2025-04-29,Standard Class,Fatima Smith,Consumer,East,Philadelphia,Furniture,Chairs,Chairs - Model 814,1,0.0,289.24,63.64
2912,ORD-3263,2025-04-22,2025-04-29,Standard Class,Fatima Smith,Consumer,East,Philadelphia,Furniture,Chairs,Chairs - Model 713,1,0.1,214.29,28.58
2913,ORD-3264,2025-05-23,2025-05-30,Standard Class,Ivy Diaz,Consumer,Central,Minneapolis,Office Supplies,Binders,Binders - Model 448,4,0.0,182.36,82.06
2914,ORD-3264,2025-05-23,2025-05-30,Standard Class,Ivy Diaz,Consumer,Central,Minneapolis,Office Supplies,Binders,Binders - Model 873,3,0.3,76.49,10.93
2915,ORD-3265,2025-11-18,2025-11-25,Standard Class,Noah Garcia,Corporate,East,Philadelphia,Furniture,Bookcases,Bookcases - Model 947,1,0.0,275.52,60.62
2916,ORD-3266,2024-04-27,2024-05-03,Standard Class,Priya Müller,Consumer,West,Phoenix,Office Supplies,Art,Art - Model 478,3,0.15,68.02,24.01
2917,ORD-3267,2025-05-15,2025-05-21,Standard Class,Sofia Khan,Consumer,South,Nashville,Furniture,Bookcases,Bookcases - Model 450,2,0.2,100.12,2.5
2918,ORD-3268,2025-04-15,2025-04-22,Standard Class,Aisha Müller,Consumer,East,Boston,Technology,Phones,Phones - Model 432,2,0.1,945.17,231.04
2919,ORD-3269,2023-09-26,2023-09-26,Same Day,Noah Smith,Corporate,West,San Francisco,Office Supplies,Labels,Labels - Model 775,3,0.3,38.32,5.47
2920,ORD-3270,2025-12-09,2025-12-12,First Class,Noah Okafor,Consumer,West,Los Angeles,Office Supplies,Binders,Binders - Model 656,1,0.2,31.42,9.82
2921,ORD-3271,2024-03-18,2024-03-24,Standard Class,Ivy Okafor,Home Office,East,Newark,Office Supplies,Storage,Storage - Model 759,2,0.2,15.68,4.9
2922,ORD-3272,2023-10-27,2023-11-02,Standard Class,Liam Nguyen,Consumer,South,Atlanta,Technology,Machines,Machines - Model 627,3,0.15,1094.26,218.86
2923,ORD-3273,2023-01-18,2023-01-24,Standard Class,Omar Chen,Consumer,Central,Houston,Office Supplies,Binders,Binders - Model 536,1,0.1,41.92,16.3
2924,ORD-3273,2023-01-18,2023-01-24,Standard Class,Omar Chen,Consumer,Central,Houston,Office Supplies,Binders,Binders - Model 746,5,0.1,159.8,62.14
2925,ORD-3273,2023-01-18,2023-01-24,Standard Class,Omar Chen,Consumer,Central,Houston,Office Supplies,Binders,Binders - Model 336,1,0.15,43.86,15.48
2926,ORD-3274,2024-12-18,2024-12-24,Standard Class,Omar Khan,Consumer,East,Philadelphia,Office Supplies,Binders,Binders - Model 161,3,0.15,65.13,22.99
2927,ORD-3275,2024-09-23,2024-09-26,First Class,Aisha Diaz,Corporate,West,Phoenix,Technology,Machines,Machines - Model 774,2,0.0,1026.66,328.53
2928,ORD-3276,2025-08-05,2025-08-12,Standard Class,Ethan Chen,Home Office,South,Charlotte,Furniture,Furnishings,Furnishings - Model 580,5,0.1,805.31,107.38
2929,ORD-3276,2025-08-05,2025-08-12,Standard Class,Ethan Chen,Home Office,South,Charlotte,Furniture,Furnishings,Furnishings - Model 847,1,0.0,320.89,70.6
2930,ORD-3276,2025-08-05,2025-08-12,Standard Class,Ethan Chen,Home Office,South,Charlotte,Furniture,Furnishings,Furnishings - Model 841,5,0.1,1095.3,146.04
2931,ORD-3277,2025-12-05,2025-12-10,Second Class,Omar Khan,Corporate,East,Philadelphia,Office Supplies,Labels,Labels - Model 585,4,0.0,173.45,78.05
2932,ORD-3278,2025-07-17,2025-07-23,Standard Class,Priya Chen,Consumer,West,Seattle,Office Supplies,Storage,Storage - Model 740,2,0.0,81.04,36.47
2933,ORD-3279,2023-11-12,2023-11-18,Standard Class,Fatima Garcia,Corporate,West,Seattle,Office Supplies,Paper,Paper - Model 339,2,0.1,29.75,11.57
2934,ORD-3280,2025-01-21,2025-01-21,Same Day,Ethan Diaz,Corporate,South,Atlanta,Furniture,Tables,Tables - Model 781,1,0.0,208.44,45.85
2935,ORD-3280,2025-01-21,2025-01-21,Same Day,Ethan Diaz,Corporate,South,Atlanta,Furniture,Tables,Tables - Model 182,1,0.1,365.08,48.67
2936,ORD-3281,2023-07-12,2023-07-18,Standard Class,Priya Smith,Consumer,Central,Chicago,Office Supplies,Paper,Paper - Model 768,1,0.0,38.64,17.39
2937,ORD-3281,2023-07-12,2023-07-18,Standard Class,Priya Smith,Consumer,Central,Chicago,Office Supplies,Paper,Paper - Model 760,1,0.3,30.56,4.37
2938,ORD-3282,2023-07-21,2023-07-28,Standard Class,Priya Müller,Home Office,West,Seattle,Office Supplies,Labels,Labels - Model 205,2,0.15,55.74,19.67
2939,ORD-3283,2024-12-20,2024-12-27,Standard Class,Omar Silva,Consumer,East,Boston,Furniture,Tables,Tables - Model 431,4,0.0,1648.68,362.71
2940,ORD-3284,2025-12-08,2025-12-15,Standard Class,Maria Smith,Corporate,South,Charlotte,Technology,Copiers,Copiers - Model 398,2,0.0,322.14,103.09
2941,ORD-3285,2024-12-11,2024-12-18,Standard Class,Ethan Brown,Corporate,West,Phoenix,Office Supplies,Storage,Storage - Model 936,3,0.0,119.59,53.82
2942,ORD-3286,2025-12-05,2025-12-11,Standard Class,Liam Khan,Consumer,East,Newark,Furniture,Furnishings,Furnishings - Model 925,3,0.3,571.26,-106.09
2943,ORD-3287,2024-11-23,2024-11-29,Standard Class,Carlos Chen,Corporate,West,Seattle,Office Supplies,Art,Art - Model 323,1,0.3,24.35,3.48
2944,ORD-3288,2024-05-12,2024-05-19,Standard Class,Sofia Müller,Home Office,West,Los Angeles,Technology,Copiers,Copiers - Model 413,2,0.0,916.67,293.33
2945,ORD-3289,2025-02-11,2025-02-13,First Class,Omar Novak,Corporate,Central,Dallas,Office Supplies,Labels,Labels - Model 602,2,0.1,97.18,37.79
2946,ORD-3290,2023-03-24,2023-03-28,Second Class,Omar Smith,Corporate,Central,Minneapolis,Office Supplies,Paper,Paper - Model 161,2,0.1,22.06,8.58
2947,ORD-3291,2025-03-16,2025-03-22,Standard Class,Wei Novak,Consumer,South,Miami,Furniture,Tables,Tables - Model 936,2,0.0,483.94,106.47
2948,ORD-3292,2025-01-05,2025-01-11,Standard Class,Aisha Kim,Corporate,East,New York,Furniture,Bookcases,Bookcases - Model 257,4,0.4,681.42,-261.22
2949,ORD-3293,2023-09-11,2023-09-17,Standard Class,Maria Rossi,Consumer,Central,Dallas,Furniture,Chairs,Chairs - Model 218,2,0.2,514.22,12.86
2950,ORD-3294,2023-03-06,2023-03-10,Second Class,Aisha Smith,Home Office,West,Los Angeles,Furniture,Furnishings,Furnishings - Model 450,4,0.0,1465.16,322.34
2951,ORD-3295,2025-04-02,2025-04-09,Standard Class,James Silva,Corporate,East,Newark,Furniture,Tables,Tables - Model 313,3,0.0,621.36,136.7
2952,ORD-3296,2024-09-14,2024-09-17,First Class,Ivy Brown,Corporate,East,Newark,Office Supplies,Labels,Labels - Model 207,1,0.1,32.46,12.62
2953,ORD-3297,2025-10-14,2025-10-21,Standard Class,Yuki Silva,Corporate,South,Miami,Technology,Machines,Machines - Model 803,3,0.1,990.47,242.12
2954,ORD-3297,2025-10-14,2025-10-21,Standard Class,Yuki Silva,Corporate,South,Miami,Technology,Machines,Machines - Model 662,5,0.2,3044.37,456.65
2955,ORD-3297,2025-10-14,2025-10-21,Standard Class,Yuki Silva,Corporate,South,Miami,Technology,Machines,Machines - Model 886,1,0.1,366.63,89.62
2956,ORD-3298,2025-12-28,2026-01-03,Standard Class,Priya Müller,Home Office,South,Atlanta,Furniture,Furnishings,Furnishings - Model 940,2,0.15,412.53,33.98
2957,ORD-3299,2025-05-03,2025-05-09,Standard Class,Wei Silva,Corporate,South,Atlanta,Furniture,Bookcases,Bookcases - Model 779,1,0.0,175.84,38.68
2958,ORD-3300,2024-09-12,2024-09-15,First Class,Fatima Novak,Consumer,South,Miami,Office Supplies,Art,Art - Model 474,3,0.0,98.55,44.35
2959,ORD-3301,2024-06-21,2024-06-26,Second Class,Ivy Kim,Consumer,West,Seattle,Office Supplies,Art,Art - Model 288,2,0.1,100.59,39.12
2960,ORD-3302,2024-12-29,2025-01-05,Standard Class,Wei Rossi,Consumer,West,Los Angeles,Furniture,Furnishings,Furnishings - Model 456,2,0.3,424.01,-78.74
2961,ORD-3303,2024-12-24,2024-12-31,Standard Class,Yuki Brown,Consumer,East,Boston,Furniture,Furnishings,Furnishings - Model 843,4,0.0,811.25,178.47
2962,ORD-3304,2025-09-04,2025-09-10,Standard Class,Maria Müller,Consumer,East,Newark,Office Supplies,Labels,Labels - Model 562,1,0.4,27.1,-0.01
2963,ORD-3305,2023-10-02,2023-10-09,Standard Class,Yuki Silva,Home Office,Central,Minneapolis,Furniture,Tables,Tables - Model 674,2,0.0,491.06,108.03
2964,ORD-3305,2023-10-02,2023-10-09,Standard Class,Yuki Silva,Home Office,Central,Minneapolis,Furniture,Tables,Tables - Model 836,2,0.15,496.05,40.85
2965,ORD-3305,2023-10-02,2023-10-09,Standard Class,Yuki Silva,Home Office,Central,Minneapolis,Furniture,Tables,Tables - Model 471,2,0.15,781.28,64.34
2966,ORD-3306,2024-12-01,2024-12-07,Standard Class,Carlos Garcia,Corporate,West,San Francisco,Furniture,Bookcases,Bookcases - Model 628,1,0.1,314.51,41.94
2967,ORD-3307,2025-05-22,2025-05-28,Standard Class,Ivy Brown,Corporate,South,Nashville,Technology,Copiers,Copiers - Model 992,1,0.15,291.12,58.22
2968,ORD-3307,2025-05-22,2025-05-28,Standard Class,Ivy Brown,Corporate,South,Nashville,Technology,Copiers,Copiers - Model 583,2,0.0,725.83,232.26
2969,ORD-3308,2025-06-14,2025-06-20,Standard Class,Fatima Rossi,Corporate,West,Phoenix,Office Supplies,Storage,Storage - Model 884,2,0.0,66.9,30.1
2970,ORD-3309,2025-04-15,2025-04-21,Standard Class,Omar Diaz,Corporate,South,Atlanta,Furniture,Bookcases,Bookcases - Model 532,2,0.1,289.63,38.62
2971,ORD-3310,2024-12-26,2025-01-01,Standard Class,Ethan Khan,Consumer,West,San Francisco,Furniture,Tables,Tables - Model 998,3,0.2,229.15,5.73
2972,ORD-3311,2024-12-07,2024-12-10,First Class,Noah Brown,Home Office,South,Miami,Furniture,Tables,Tables - Model 957,1,0.0,295.12,64.93
2973,ORD-3312,2023-06-21,2023-06-25,Second Class,Fatima Khan,Corporate,South,Nashville,Technology,Accessories,Accessories - Model 323,2,0.2,1370.19,205.53
2974,ORD-3312,2023-06-21,2023-06-25,Second Class,Fatima Khan,Corporate,South,Nashville,Technology,Accessories,Accessories - Model 838,5,0.15,1808.66,361.74
2975,ORD-3313,2025-04-04,2025-04-10,Standard Class,Yuki Silva,Consumer,South,Atlanta,Technology,Accessories,Accessories - Model 151,4,0.0,1467.46,469.59
2976,ORD-3314,2023-01-24,2023-01-26,First Class,Aisha Okafor,Corporate,Central,Minneapolis,Technology,Phones,Phones - Model 343,1,0.3,587.9,-25.19
2977,ORD-3315,2023-08-30,2023-09-06,Standard Class,Aisha Khan,Home Office,West,San Francisco,Office Supplies,Storage,Storage - Model 526,1,0.0,39.16,17.62
2978,ORD-3315,2023-08-30,2023-09-06,Standard Class,Aisha Khan,Home Office,West,San Francisco,Office Supplies,Storage,Storage - Model 458,1,0.1,27.59,10.73
2979,ORD-3315,2023-08-30,2023-09-06,Standard Class,Aisha Khan,Home Office,West,San Francisco,Office Supplies,Storage,Storage - Model 761,1,0.15,41.18,14.53
2980,ORD-3316,2024-08-07,2024-08-14,Standard Class,Carlos Smith,Corporate,West,Phoenix,Office Supplies,Art,Art - Model 446,2,0.15,88.6,31.27
2981,ORD-3317,2025-07-21,2025-07-24,First Class,Ivy Brown,Home Office,West,Phoenix,Office Supplies,Storage,Storage - Model 342,2,0.15,47.0,16.59
2982,ORD-3318,2024-08-23,2024-08-29,Standard Class,Liam Khan,Consumer,East,Newark,Office Supplies,Labels,Labels - Model 739,2,0.0,76.27,34.32
2983,ORD-3318,2024-08-23,2024-08-29,Standard Class,Liam Khan,Consumer,East,Newark,Office Supplies,Labels,Labels - Model 518,1,0.4,33.7,0.0
2984,ORD-3319,2023-01-15,2023-01-19,Second Class,Omar Brown,Consumer,West,San Francisco,Furniture,Furnishings,Furnishings - Model 926,1,0.1,339.98,45.33
2985,ORD-3320,2025-05-31,2025-06-07,Standard Class,Ivy Rossi,Consumer,East,Newark,Office Supplies,Labels,Labels - Model 113,1,0.1,37.86,14.72
2986,ORD-3321,2024-03-10,2024-03-16,Standard Class,Aisha Silva,Consumer,West,San Francisco,Furniture,Bookcases,Bookcases - Model 116,1,0.0,157.13,34.57
2987,ORD-3322,2024-05-17,2024-05-23,Standard Class,Liam Patel,Home Office,Central,Dallas,Furniture,Chairs,Chairs - Model 261,1,0.2,171.1,4.28
2988,ORD-3322,2024-05-17,2024-05-23,Standard Class,Liam Patel,Home Office,Central,Dallas,Furniture,Chairs,Chairs - Model 578,1,0.0,110.3,24.26
2989,ORD-3323,2023-10-11,2023-10-17,Standard Class,Wei Silva,Consumer,South,Nashville,Office Supplies,Labels,Labels - Model 728,3,0.15,111.57,39.38
2990,ORD-3324,2023-03-02,2023-03-08,Standard Class,Omar Garcia,Corporate,Central,Houston,Office Supplies,Paper,Paper - Model 798,3,0.1,71.71,27.88
2991,ORD-3324,2023-03-02,2023-03-08,Standard Class,Omar Garcia,Corporate,Central,Houston,Office Supplies,Paper,Paper - Model 499,2,0.2,51.93,16.23
2992,ORD-3324,2023-03-02,2023-03-08,Standard Class,Omar Garcia,Corporate,Central,Houston,Office Supplies,Paper,Paper - Model 670,4,0.15,186.55,65.84
2993,ORD-3325,2024-01-18,2024-01-25,Standard Class,Maria Patel,Consumer,East,Boston,Technology,Machines,Machines - Model 691,2,0.2,472.55,70.88
2994,ORD-3325,2024-01-18,2024-01-25,Standard Class,Maria Patel,Consumer,East,Boston,Technology,Machines,Machines - Model 768,2,0.2,642.1,96.31
2995,ORD-3326,2025-10-22,2025-10-24,First Class,Noah Novak,Consumer,Central,Chicago,Office Supplies,Art,Art - Model 331,3,0.2,66.29,20.71
2996,ORD-3327,2024-03-05,2024-03-08,First Class,Fatima Novak,Consumer,Central,Dallas,Office Supplies,Paper,Paper - Model 829,5,0.0,196.78,88.55
2997,ORD-3328,2023-03-25,2023-04-01,Standard Class,Ethan Rossi,Consumer,South,Charlotte,Office Supplies,Storage,Storage - Model 507,1,0.1,30.49,11.86
2998,ORD-3329,2024-11-17,2024-11-22,Second Class,Fatima Garcia,Consumer,West,Seattle,Office Supplies,Paper,Paper - Model 306,1,0.1,25.46,9.9
2999,ORD-3330,2025-04-03,2025-04-05,First Class,Noah Kim,Corporate,East,Boston,Office Supplies,Storage,Storage - Model 951,2,0.1,64.06,24.91
3000,ORD-3331,2025-05-12,2025-05-16,Second Class,Wei Nguyen,Consumer,Central,Chicago,Technology,Phones,Phones - Model 763,3,0.3,642.86,-27.55
3001,ORD-3332,2024-06-21,2024-06-28,Standard Class,Aisha Garcia,Consumer,Central,Houston,Office Supplies,Storage,Storage - Model 317,1,0.0,42.37,19.07
3002,ORD-3333,2024-10-11,2024-10-18,Standard Class,Noah Khan,Corporate,West,Phoenix,Office Supplies,Labels,Labels - Model 516,3,0.0,105.14,47.31
3003,ORD-3334,2024-05-26,2024-05-30,Second Class,Sofia Rossi,Home Office,South,Nashville,Office Supplies,Art,Art - Model 884,3,0.1,99.69,38.77
3004,ORD-3335,2024-10-06,2024-10-12,Standard Class,Yuki Silva,Corporate,East,New York,Office Supplies,Paper,Paper - Model 605,1,0.0,44.34,19.95
3005,ORD-3336,2024-11-18,2024-11-25,Standard Class,Ivy Nguyen,Consumer,South,Atlanta,Office Supplies,Binders,Binders - Model 989,1,0.0,34.38,15.47
3006,ORD-3337,2023-06-05,2023-06-09,Second Class,Wei Khan,Corporate,Central,Chicago,Technology,Copiers,Copiers - Model 592,1,0.1,471.44,115.24
3007,ORD-3338,2024-12-06,2024-12-13,Standard Class,James Rossi,Corporate,South,Charlotte,Office Supplies,Storage,Storage - Model 691,1,0.15,24.5,8.64
3008,ORD-3339,2025-04-05,2025-04-10,Second Class,Noah Müller,Corporate,East,Philadelphia,Office Supplies,Paper,Paper - Model 347,2,0.0,58.61,26.37
3009,ORD-3340,2025-03-04,2025-03-07,First Class,Fatima Müller,Consumer,East,Boston,Technology,Phones,Phones - Model 212,3,0.0,112.27,35.93
3010,ORD-3341,2025-04-14,2025-04-21,Standard Class,Maria Smith,Corporate,South,Atlanta,Technology,Phones,Phones - Model 453,1,0.0,403.96,129.27
3011,ORD-3342,2025-12-25,2026-01-01,Standard Class,Wei Silva,Consumer,East,Newark,Office Supplies,Labels,Labels - Model 640,5,0.0,227.61,102.42
3012,ORD-3343,2024-04-11,2024-04-17,Standard Class,Sofia Khan,Home Office,West,Phoenix,Office Supplies,Labels,Labels - Model 952,1,0.0,43.86,19.74
3013,ORD-3344,2024-02-27,2024-03-05,Standard Class,James Novak,Corporate,East,Philadelphia,Office Supplies,Art,Art - Model 448,4,0.3,152.84,21.83
3014,ORD-3344,2024-02-27,2024-03-05,Standard Class,James Novak,Corporate,East,Philadelphia,Office Supplies,Art,Art - Model 872,2,0.0,100.3,45.13
3015,ORD-3344,2024-02-27,2024-03-05,Standard Class,James Novak,Corporate,East,Philadelphia,Office Supplies,Art,Art - Model 653,2,0.0,27.92,12.56
3016,ORD-3345,2023-09-12,2023-09-15,First Class,Liam Nguyen,Home Office,South,Atlanta,Furniture,Chairs,Chairs - Model 797,4,0.15,1321.61,108.84
3017,ORD-3346,2025-03-07,2025-03-08,Same Day,Omar Diaz,Corporate,West,Seattle,Office Supplies,Binders,Binders - Model 408,2,0.2,35.76,11.17
3018,ORD-3347,2023-02-05,2023-02-12,Standard Class,Fatima Khan,Consumer,South,Charlotte,Office Supplies,Art,Art - Model 650,3,0.1,86.39,33.6
3019,ORD-3348,2024-10-04,2024-10-06,First Class,Yuki Garcia,Home Office,West,Phoenix,Office Supplies,Storage,Storage - Model 346,1,0.0,22.13,9.96
3020,ORD-3349,2025-06-01,2025-06-07,Standard Class,Noah Diaz,Corporate,East,Philadelphia,Office Supplies,Paper,Paper - Model 278,3,0.1,85.98,33.43
3021,ORD-3349,2025-06-01,2025-06-07,Standard Class,Noah Diaz,Corporate,East,Philadelphia,Office Supplies,Paper,Paper - Model 433,1,0.3,16.87,2.42
3022,ORD-3350,2023-01-19,2023-01-26,Standard Class,Aisha Patel,Consumer,Central,Houston,Technology,Accessories,Accessories - Model 557,1,0.1,397.0,97.04
3023,ORD-3351,2024-08-28,2024-09-04,Standard Class,Carlos Brown,Consumer,East,New York,Office Supplies,Storage,Storage - Model 706,4,0.3,89.93,12.85
3024,ORD-3351,2024-08-28,2024-09-04,Standard Class,Carlos Brown,Consumer,East,New York,Office Supplies,Storage,Storage - Model 561,3,0.0,142.39,64.07
3025,ORD-3352,2023-03-11,2023-03-18,Standard Class,Ethan Diaz,Corporate,South,Nashville,Office Supplies,Binders,Binders - Model 579,1,0.0,47.69,21.46
3026,ORD-3352,2023-03-11,2023-03-18,Standard Class,Ethan Diaz,Corporate,South,Nashville,Office Supplies,Binders,Binders - Model 960,1,0.1,24.52,9.54
3027,ORD-3352,2023-03-11,2023-03-18,Standard Class,Ethan Diaz,Corporate,South,Nashville,Office Supplies,Binders,Binders - Model 426,1,0.2,27.94,8.73
3028,ORD-3353,2025-02-15,2025-02-16,Same Day,Maria Brown,Consumer,East,Newark,Furniture,Furnishings,Furnishings - Model 612,5,0.0,1737.1,382.17
3029,ORD-3354,2024-08-31,2024-09-02,First Class,Maria Novak,Consumer,East,New York,Furniture,Furnishings,Furnishings - Model 168,3,0.0,940.82,206.98
3030,ORD-3354,2024-08-31,2024-09-02,First Class,Maria Novak,Consumer,East,New York,Furniture,Furnishings,Furnishings - Model 966,1,0.15,222.78,18.34
3031,ORD-3355,2023-12-29,2024-01-04,Standard Class,Priya Chen,Consumer,West,Los Angeles,Office Supplies,Paper,Paper - Model 772,1,0.0,40.58,18.26
3032,ORD-3356,2023-10-26,2023-11-01,Standard Class,Aisha Chen,Corporate,Central,Chicago,Furniture,Chairs,Chairs - Model 153,2,0.15,460.55,37.93
3033,ORD-3357,2025-12-15,2025-12-22,Standard Class,Wei Rossi,Corporate,South,Nashville,Furniture,Chairs,Chairs - Model 993,2,0.0,695.12,152.92
3034,ORD-3358,2025-11-16,2025-11-21,Second Class,Fatima Kim,Home Office,East,Newark,Furniture,Tables,Tables - Model 585,3,0.15,337.58,27.8
3035,ORD-3359,2024-01-20,2024-01-23,First Class,Sofia Rossi,Consumer,Central,Houston,Furniture,Furnishings,Furnishings - Model 865,1,0.0,181.31,39.89
3036,ORD-3360,2023-10-16,2023-10-22,Standard Class,Aisha Patel,Consumer,West,San Francisco,Office Supplies,Labels,Labels - Model 445,1,0.0,21.2,9.54
3037,ORD-3360,2023-10-16,2023-10-22,Standard Class,Aisha Patel,Consumer,West,San Francisco,Office Supplies,Labels,Labels - Model 576,2,0.0,96.9,43.6
3038,ORD-3361,2024-07-16,2024-07-23,Standard Class,Noah Diaz,Consumer,West,Phoenix,Furniture,Chairs,Chairs - Model 254,5,0.2,1181.3,29.53
3039,ORD-3362,2023-11-07,2023-11-14,Standard Class,Ethan Khan,Consumer,South,Charlotte,Office Supplies,Paper,Paper - Model 310,2,0.0,65.17,29.33
3040,ORD-3363,2023-02-09,2023-02-15,Standard Class,Fatima Nguyen,Consumer,West,Seattle,Office Supplies,Storage,Storage - Model 211,3,0.0,43.34,19.5
3041,ORD-3364,2023-06-23,2023-06-28,Second Class,Carlos Diaz,Corporate,West,San Francisco,Furniture,Bookcases,Bookcases - Model 476,2,0.1,454.06,60.54
3042,ORD-3364,2023-06-23,2023-06-28,Second Class,Carlos Diaz,Corporate,West,San Francisco,Furniture,Bookcases,Bookcases - Model 912,3,0.0,678.26,149.22
3043,ORD-3364,2023-06-23,2023-06-28,Second Class,Carlos Diaz,Corporate,West,San Francisco,Furniture,Bookcases,Bookcases - Model 303,4,0.0,603.22,132.71
3044,ORD-3365,2023-07-29,2023-08-03,Second Class,Carlos Diaz,Consumer,South,Miami,Office Supplies,Labels,Labels - Model 166,1,0.15,15.81,5.58
3045,ORD-3366,2024-11-03,2024-11-07,Second Class,Carlos Smith,Home Office,East,Boston,Office Supplies,Binders,Binders - Model 341,3,0.0,54.47,24.51
3046,ORD-3367,2025-08-27,2025-09-02,Standard Class,Liam Müller,Corporate,South,Nashville,Office Supplies,Art,Art - Model 440,1,0.0,26.58,11.96
3047,ORD-3368,2024-05-30,2024-06-06,Standard Class,Liam Kim,Consumer,South,Nashville,Technology,Machines,Machines - Model 676,3,0.1,493.22,120.56
3048,ORD-3368,2024-05-30,2024-06-06,Standard Class,Liam Kim,Consumer,South,Nashville,Technology,Machines,Machines - Model 660,2,0.15,334.5,66.9
3049,ORD-3369,2025-12-10,2025-12-16,Standard Class,Noah Okafor,Consumer,East,Philadelphia,Office Supplies,Binders,Binders - Model 237,1,0.0,40.54,18.25
3050,ORD-3370,2023-11-08,2023-11-10,First Class,Omar Khan,Consumer,Central,Dallas,Technology,Phones,Phones - Model 173,5,0.0,1987.32,635.94
3051,ORD-3370,2023-11-08,2023-11-10,First Class,Omar Khan,Consumer,Central,Dallas,Technology,Phones,Phones - Model 768,3,0.15,1099.47,219.9
3052,ORD-3371,2024-11-15,2024-11-21,Standard Class,Yuki Kim,Consumer,South,Nashville,Furniture,Bookcases,Bookcases - Model 369,2,0.0,380.21,83.65
3053,ORD-3372,2023-03-24,2023-03-27,First Class,James Diaz,Home Office,Central,Dallas,Office Supplies,Art,Art - Model 653,1,0.2,32.2,10.06
3054,ORD-3373,2024-03-15,2024-03-17,First Class,Liam Diaz,Corporate,South,Atlanta,Office Supplies,Art,Art - Model 221,3,0.2,73.92,23.1
3055,ORD-3374,2025-06-11,2025-06-17,Standard Class,Wei Chen,Consumer,Central,Dallas,Furniture,Chairs,Chairs - Model 184,4,0.0,853.02,187.66
3056,ORD-3375,2023-01-22,2023-01-29,Standard Class,Omar Garcia,Consumer,South,Atlanta,Office Supplies,Binders,Binders - Model 389,2,0.0,63.67,28.65
3057,ORD-3376,2023-09-24,2023-09-30,Standard Class,Noah Rossi,Home Office,East,Philadelphia,Office Supplies,Storage,Storage - Model 648,2,0.0,37.15,16.72
3058,ORD-3377,2025-12-05,2025-12-11,Standard Class,Liam Müller,Consumer,South,Atlanta,Office Supplies,Paper,Paper - Model 378,1,0.0,30.6,13.77
3059,ORD-3378,2024-05-30,2024-06-06,Standard Class,Ivy Smith,Consumer,West,Phoenix,Office Supplies,Labels,Labels - Model 255,1,0.0,21.12,9.5
3060,ORD-3379,2024-12-18,2024-12-22,Second Class,Maria Nguyen,Home Office,West,Seattle,Office Supplies,Binders,Binders - Model 822,3,0.1,79.94,31.09
3061,ORD-3379,2024-12-18,2024-12-22,Second Class,Maria Nguyen,Home Office,West,Seattle,Office Supplies,Binders,Binders - Model 262,1,0.1,13.62,5.3
3062,ORD-3379,2024-12-18,2024-12-22,Second Class,Maria Nguyen,Home Office,West,Seattle,Office Supplies,Binders,Binders - Model 718,2,0.1,64.01,24.89
3063,ORD-3380,2024-08-11,2024-08-17,Standard Class,Carlos Rossi,Consumer,Central,Houston,Office Supplies,Paper,Paper - Model 749,4,0.0,60.41,27.18
3064,ORD-3381,2025-03-07,2025-03-13,Standard Class,Fatima Müller,Consumer,West,San Francisco,Office Supplies,Paper,Paper - Model 676,1,0.0,41.83,18.82
3065,ORD-3381,2025-03-07,2025-03-13,Standard Class,Fatima Müller,Consumer,West,San Francisco,Office Supplies,Paper,Paper - Model 318,5,0.0,135.0,60.75
3066,ORD-3381,2025-03-07,2025-03-13,Standard Class,Fatima Müller,Consumer,West,San Francisco,Office Supplies,Paper,Paper - Model 292,1,0.1,25.75,10.02
3067,ORD-3382,2025-12-20,2025-12-25,Second Class,Aisha Silva,Corporate,South,Nashville,Office Supplies,Storage,Storage - Model 759,3,0.15,31.1,10.98
3068,ORD-3383,2025-01-09,2025-01-13,Second Class,James Khan,Home Office,South,Charlotte,Office Supplies,Paper,Paper - Model 809,2,0.15,102.37,36.13
3069,ORD-3384,2023-12-07,2023-12-14,Standard Class,Yuki Silva,Consumer,West,Seattle,Technology,Accessories,Accessories - Model 324,1,0.1,431.66,105.51
3070,ORD-3385,2025-11-11,2025-11-18,Standard Class,Carlos Rossi,Consumer,East,Boston,Technology,Accessories,Accessories - Model 668,2,0.0,214.53,68.65
3071,ORD-3386,2023-07-02,2023-07-09,Standard Class,Sofia Müller,Consumer,South,Atlanta,Technology,Phones,Phones - Model 476,5,0.4,749.9,-162.48
3072,ORD-3387,2025-10-31,2025-11-07,Standard Class,Noah Kim,Consumer,East,Boston,Office Supplies,Binders,Binders - Model 152,1,0.1,38.8,15.09
3073,ORD-3388,2024-12-15,2024-12-21,Standard Class,Sofia Kim,Home Office,West,Seattle,Technology,Phones,Phones - Model 332,3,0.1,1674.26,409.26
3074,ORD-3388,2024-12-15,2024-12-21,Standard Class,Sofia Kim,Home Office,West,Seattle,Technology,Phones,Phones - Model 163,1,0.0,310.1,99.23
3075,ORD-3389,2023-07-23,2023-07-30,Standard Class,Ivy Garcia,Consumer,South,Nashville,Office Supplies,Storage,Storage - Model 370,2,0.1,12.02,4.67
3076,ORD-3390,2024-01-18,2024-01-24,Standard Class,Aisha Patel,Corporate,East,Newark,Office Supplies,Binders,Binders - Model 165,5,0.0,142.02,63.91
3077,ORD-3391,2024-06-20,2024-06-24,Second Class,Liam Nguyen,Home Office,East,New York,Office Supplies,Art,Art - Model 853,3,0.0,94.12,42.35
3078,ORD-3392,2025-06-30,2025-07-04,Second Class,Ivy Patel,Home Office,East,New York,Technology,Copiers,Copiers - Model 929,1,0.0,444.17,142.13
3079,ORD-3393,2023-06-09,2023-06-14,Second Class,Yuki Müller,Corporate,East,New York,Office Supplies,Storage,Storage - Model 799,2,0.1,40.96,15.93
3080,ORD-3394,2025-07-05,2025-07-07,First Class,Yuki Garcia,Consumer,West,Los Angeles,Technology,Phones,Phones - Model 925,3,0.15,781.96,156.39
3081,ORD-3395,2023-07-13,2023-07-16,First Class,Fatima Novak,Home Office,South,Atlanta,Office Supplies,Binders,Binders - Model 534,1,0.0,43.72,19.67
3082,ORD-3396,2023-12-08,2023-12-14,Standard Class,Noah Smith,Corporate,South,Charlotte,Office Supplies,Paper,Paper - Model 353,2,0.0,95.14,42.82
3083,ORD-3397,2023-10-16,2023-10-22,Standard Class,Omar Garcia,Corporate,South,Atlanta,Office Supplies,Paper,Paper - Model 197,1,0.0,56.62,25.48
3084,ORD-3398,2023-08-27,2023-08-30,First Class,Noah Brown,Consumer,West,San Francisco,Office Supplies,Paper,Paper - Model 451,2,0.15,84.01,29.65
3085,ORD-3399,2024-03-10,2024-03-17,Standard Class,Priya Novak,Consumer,West,Seattle,Office Supplies,Paper,Paper - Model 984,5,0.0,209.65,94.34
3086,ORD-3400,2024-03-01,2024-03-07,Standard Class,Wei Kim,Corporate,South,Charlotte,Furniture,Furnishings,Furnishings - Model 335,3,0.0,631.82,139.0
3087,ORD-3400,2024-03-01,2024-03-07,Standard Class,Wei Kim,Corporate,South,Charlotte,Furniture,Furnishings,Furnishings - Model 569,1,0.1,312.91,41.72
3088,ORD-3401,2025-01-09,2025-01-15,Standard Class,Fatima Khan,Consumer,Central,Dallas,Furniture,Furnishings,Furnishings - Model 666,1,0.0,203.59,44.79
3089,ORD-3402,2023-05-16,2023-05-21,Second Class,Sofia Müller,Corporate,Central,Dallas,Office Supplies,Paper,Paper - Model 199,3,0.0,155.25,69.86
3090,ORD-3403,2025-11-21,2025-11-27,Standard Class,Noah Müller,Consumer,South,Atlanta,Furniture,Bookcases,Bookcases - Model 217,1,0.1,137.18,18.29
3091,ORD-3404,2023-12-29,2024-01-01,First Class,Priya Smith,Consumer,East,New York,Office Supplies,Storage,Storage - Model 896,2,0.3,50.41,7.2
3092,ORD-3405,2023-10-01,2023-10-06,Second Class,Ethan Brown,Corporate,South,Nashville,Office Supplies,Paper,Paper - Model 668,1,0.1,47.83,18.6
3093,ORD-3406,2024-09-29,2024-10-03,Second Class,Ivy Brown,Consumer,Central,Minneapolis,Office Supplies,Storage,Storage - Model 609,1,0.3,28.24,4.03
3094,ORD-3407,2024-03-03,2024-03-10,Standard Class,Fatima Müller,Home Office,East,Philadelphia,Office Supplies,Labels,Labels - Model 419,1,0.0,42.9,19.31
3095,ORD-3408,2023-03-01,2023-03-06,Second Class,Noah Nguyen,Consumer,East,Philadelphia,Furniture,Bookcases,Bookcases - Model 532,1,0.1,379.95,50.66
3096,ORD-3409,2024-07-19,2024-07-25,Standard Class,Omar Silva,Consumer,West,Los Angeles,Technology,Phones,Phones - Model 103,4,0.15,773.48,154.69
3097,ORD-3410,2023-05-05,2023-05-11,Standard Class,Ethan Rossi,Consumer,Central,Houston,Technology,Phones,Phones - Model 601,1,0.1,248.63,60.78
3098,ORD-3411,2023-06-11,2023-06-11,Same Day,Sofia Okafor,Corporate,East,Philadelphia,Furniture,Bookcases,Bookcases - Model 263,2,0.15,500.42,41.21
3099,ORD-3412,2024-06-24,2024-07-01,Standard Class,Noah Rossi,Consumer,Central,Minneapolis,Furniture,Bookcases,Bookcases - Model 504,1,0.0,139.73,30.74
3100,ORD-3413,2023-06-19,2023-06-22,First Class,Priya Garcia,Consumer,West,Phoenix,Technology,Copiers,Copiers - Model 861,1,0.1,385.68,94.28
3101,ORD-3414,2024-08-31,2024-08-31,Same Day,Fatima Brown,Corporate,East,Newark,Office Supplies,Labels,Labels - Model 789,1,0.2,11.84,3.7
3102,ORD-3415,2023-01-24,2023-01-31,Standard Class,Wei Novak,Consumer,West,Seattle,Furniture,Bookcases,Bookcases - Model 796,1,0.0,260.96,57.41
3103,ORD-3416,2024-12-25,2024-12-31,Standard Class,Ivy Silva,Consumer,East,Newark,Office Supplies,Paper,Paper - Model 146,1,0.1,42.33,16.46
3104,ORD-3417,2025-07-10,2025-07-13,First Class,Aisha Smith,Consumer,Central,Chicago,Technology,Copiers,Copiers - Model 291,5,0.0,1812.85,580.11
3105,ORD-3418,2023-04-08,2023-04-15,Standard Class,Liam Garcia,Consumer,West,Phoenix,Office Supplies,Art,Art - Model 432,1,0.15,35.3,12.46
3106,ORD-3418,2023-04-08,2023-04-15,Standard Class,Liam Garcia,Consumer,West,Phoenix,Office Supplies,Art,Art - Model 986,1,0.0,30.22,13.6
3107,ORD-3418,2023-04-08,2023-04-15,Standard Class,Liam Garcia,Consumer,West,Phoenix,Office Supplies,Art,Art - Model 454,2,0.0,70.88,31.89
3108,ORD-3419,2023-06-05,2023-06-11,Standard Class,Fatima Okafor,Corporate,West,San Francisco,Furniture,Tables,Tables - Model 646,4,0.0,943.55,207.58
3109,ORD-3420,2024-01-21,2024-01-26,Second Class,James Novak,Corporate,East,Newark,Furniture,Chairs,Chairs - Model 964,1,0.0,250.32,55.07
3110,ORD-3421,2024-09-07,2024-09-13,Standard Class,Noah Diaz,Corporate,Central,Minneapolis,Office Supplies,Art,Art - Model 582,2,0.1,83.74,32.56
3111,ORD-3422,2025-05-27,2025-06-03,Standard Class,Liam Nguyen,Corporate,South,Atlanta,Furniture,Tables,Tables - Model 185,1,0.3,202.21,-37.55
3112,ORD-3423,2024-09-20,2024-09-26,Standard Class,Ethan Brown,Consumer,South,Miami,Technology,Copiers,Copiers - Model 652,2,0.15,960.7,192.14
3113,ORD-3424,2025-11-27,2025-12-04,Standard Class,Noah Khan,Corporate,South,Miami,Furniture,Tables,Tables - Model 517,1,0.2,199.63,5.0
3114,ORD-3425,2025-08-13,2025-08-16,First Class,Fatima Smith,Consumer,South,Charlotte,Office Supplies,Art,Art - Model 815,5,0.0,103.52,46.58
3115,ORD-3425,2025-08-13,2025-08-16,First Class,Fatima Smith,Consumer,South,Charlotte,Office Supplies,Art,Art - Model 140,4,0.3,85.8,12.25
3116,ORD-3425,2025-08-13,2025-08-16,First Class,Fatima Smith,Consumer,South,Charlotte,Office Supplies,Art,Art - Model 609,3,0.2,144.92,45.29
3117,ORD-3426,2024-07-15,2024-07-22,Standard Class,Liam Khan,Consumer,East,New York,Furniture,Chairs,Chairs - Model 726,1,0.0,291.06,64.03
3118,ORD-3427,2023-09-03,2023-09-08,Second Class,Aisha Smith,Corporate,South,Miami,Technology,Accessories,Accessories - Model 757,2,0.1,466.74,114.09
3119,ORD-3428,2024-05-12,2024-05-13,Same Day,Maria Patel,Home Office,Central,Houston,Furniture,Bookcases,Bookcases - Model 136,1,0.2,128.67,3.22
3120,ORD-3429,2024-02-18,2024-02-24,Standard Class,Maria Kim,Consumer,Central,Chicago,Technology,Accessories,Accessories - Model 315,2,0.15,859.75,171.95
3121,ORD-3429,2024-02-18,2024-02-24,Standard Class,Maria Kim,Consumer,Central,Chicago,Technology,Accessories,Accessories - Model 487,2,0.0,698.7,223.58
3122,ORD-3429,2024-02-18,2024-02-24,Standard Class,Maria Kim,Consumer,Central,Chicago,Technology,Accessories,Accessories - Model 443,5,0.0,2077.93,664.94
3123,ORD-3430,2024-03-18,2024-03-25,Standard Class,Sofia Okafor,Corporate,Central,Chicago,Office Supplies,Art,Art - Model 579,1,0.0,31.93,14.37
3124,ORD-3430,2024-03-18,2024-03-25,Standard Class,Sofia Okafor,Corporate,Central,Chicago,Office Supplies,Art,Art - Model 635,1,0.0,20.98,9.44
3125,ORD-3430,2024-03-18,2024-03-25,Standard Class,Sofia Okafor,Corporate,Central,Chicago,Office Supplies,Art,Art - Model 172,2,0.15,69.17,24.41
3126,ORD-3431,2023-08-10,2023-08-17,Standard Class,Aisha Silva,Home Office,East,New York,Office Supplies,Paper,Paper - Model 833,5,0.0,258.81,116.47
3127,ORD-3432,2024-04-06,2024-04-10,Second Class,Maria Patel,Consumer,East,Philadelphia,Office Supplies,Binders,Binders - Model 498,1,0.15,30.54,10.78
3128,ORD-3433,2024-10-17,2024-10-24,Standard Class,Omar Brown,Home Office,West,Los Angeles,Furniture,Tables,Tables - Model 871,4,0.2,899.21,22.48
3129,ORD-3434,2024-09-28,2024-10-03,Second Class,Ethan Nguyen,Consumer,Central,Chicago,Office Supplies,Labels,Labels - Model 713,1,0.2,31.17,9.74
3130,ORD-3435,2025-04-11,2025-04-18,Standard Class,Aisha Rossi,Home Office,South,Nashville,Office Supplies,Storage,Storage - Model 417,1,0.1,41.77,16.24
3131,ORD-3436,2023-02-14,2023-02-16,First Class,Fatima Garcia,Corporate,East,Philadelphia,Office Supplies,Paper,Paper - Model 879,2,0.3,55.13,7.87
3132,ORD-3437,2024-09-27,2024-10-03,Standard Class,Omar Brown,Consumer,Central,Houston,Office Supplies,Storage,Storage - Model 915,2,0.0,82.72,37.22
3133,ORD-3438,2023-05-04,2023-05-11,Standard Class,Wei Novak,Corporate,South,Miami,Furniture,Furnishings,Furnishings - Model 671,3,0.15,803.05,66.14
3134,ORD-3439,2023-11-19,2023-11-25,Standard Class,Aisha Khan,Corporate,West,Seattle,Technology,Machines,Machines - Model 682,1,0.0,399.81,127.94
3135,ORD-3440,2024-07-03,2024-07-08,Second Class,Wei Chen,Consumer,Central,Houston,Office Supplies,Art,Art - Model 921,3,0.0,118.58,53.36
3136,ORD-3441,2024-05-16,2024-05-19,First Class,Ethan Okafor,Home Office,South,Charlotte,Office Supplies,Labels,Labels - Model 310,1,0.0,17.46,7.86
3137,ORD-3442,2023-08-16,2023-08-22,Standard Class,Aisha Okafor,Home Office,West,Phoenix,Office Supplies,Paper,Paper - Model 314,2,0.15,34.53,12.19
3138,ORD-3443,2024-08-07,2024-08-10,First Class,Aisha Kim,Home Office,East,New York,Office Supplies,Art,Art - Model 471,3,0.2,95.72,29.91
3139,ORD-3444,2025-04-04,2025-04-10,Standard Class,Fatima Silva,Corporate,West,Phoenix,Office Supplies,Paper,Paper - Model 850,1,0.0,21.6,9.72
3140,ORD-3444,2025-04-04,2025-04-10,Standard Class,Fatima Silva,Corporate,West,Phoenix,Office Supplies,Paper,Paper - Model 168,3,0.0,142.45,64.1
3141,ORD-3445,2025-06-06,2025-06-12,Standard Class,Carlos Patel,Consumer,East,Newark,Office Supplies,Binders,Binders - Model 800,4,0.3,88.95,12.71
3142,ORD-3446,2023-01-18,2023-01-23,Second Class,Sofia Okafor,Corporate,Central,Minneapolis,Office Supplies,Art,Art - Model 559,4,0.0,114.34,51.46
3143,ORD-3447,2023-01-19,2023-01-25,Standard Class,Yuki Kim,Corporate,South,Nashville,Office Supplies,Paper,Paper - Model 727,2,0.0,52.25,23.51
3144,ORD-3448,2024-11-20,2024-11-27,Standard Class,Yuki Garcia,Corporate,South,Nashville,Office Supplies,Storage,Storage - Model 741,1,0.0,43.47,19.56
3145,ORD-3449,2024-03-12,2024-03-19,Standard Class,Carlos Silva,Consumer,East,Boston,Office Supplies,Binders,Binders - Model 353,1,0.15,9.18,3.24
3146,ORD-3450,2025-01-01,2025-01-07,Standard Class,Maria Smith,Consumer,Central,Minneapolis,Office Supplies,Storage,Storage - Model 497,2,0.1,68.96,26.81
3147,ORD-3450,2025-01-01,2025-01-07,Standard Class,Maria Smith,Consumer,Central,Minneapolis,Office Supplies,Storage,Storage - Model 384,3,0.15,167.68,59.18
3148,ORD-3450,2025-01-01,2025-01-07,Standard Class,Maria Smith,Consumer,Central,Minneapolis,Office Supplies,Storage,Storage - Model 758,1,0.2,23.09,7.22
3149,ORD-3451,2025-03-10,2025-03-16,Standard Class,Sofia Novak,Consumer,Central,Dallas,Office Supplies,Art,Art - Model 966,4,0.15,97.49,34.41
3150,ORD-3452,2025-08-11,2025-08-14,First Class,Wei Rossi,Corporate,South,Charlotte,Office Supplies,Labels,Labels - Model 692,1,0.0,61.92,27.87
3151,ORD-3453,2025-03-04,2025-03-05,Same Day,Sofia Kim,Consumer,East,Philadelphia,Technology,Copiers,Copiers - Model 785,2,0.0,845.76,270.65
3152,ORD-3454,2024-11-02,2024-11-09,Standard Class,Liam Silva,Consumer,East,New York,Furniture,Tables,Tables - Model 485,4,0.0,732.96,161.25
3153,ORD-3454,2024-11-02,2024-11-09,Standard Class,Liam Silva,Consumer,East,New York,Furniture,Tables,Tables - Model 872,1,0.0,193.71,42.61
3154,ORD-3454,2024-11-02,2024-11-09,Standard Class,Liam Silva,Consumer,East,New York,Furniture,Tables,Tables - Model 358,3,0.0,487.93,107.34
3155,ORD-3455,2023-06-06,2023-06-13,Standard Class,Noah Smith,Consumer,Central,Houston,Office Supplies,Art,Art - Model 272,2,0.2,81.34,25.42
3156,ORD-3455,2023-06-06,2023-06-13,Standard Class,Noah Smith,Consumer,Central,Houston,Office Supplies,Art,Art - Model 992,2,0.2,69.24,21.64
3157,ORD-3455,2023-06-06,2023-06-13,Standard Class,Noah Smith,Consumer,Central,Houston,Office Supplies,Art,Art - Model 422,3,0.15,71.85,25.36
3158,ORD-3456,2023-11-23,2023-11-30,Standard Class,Yuki Kim,Consumer,South,Charlotte,Technology,Machines,Machines - Model 406,3,0.4,662.19,-143.47
3159,ORD-3457,2023-08-06,2023-08-11,Second Class,Liam Müller,Home Office,South,Miami,Office Supplies,Binders,Binders - Model 479,5,0.15,153.47,54.17
3160,ORD-3458,2024-11-25,2024-12-02,Standard Class,James Garcia,Corporate,South,Miami,Office Supplies,Labels,Labels - Model 435,1,0.0,32.27,14.52
3161,ORD-3459,2025-12-24,2025-12-31,Standard Class,Ethan Garcia,Consumer,West,Seattle,Furniture,Bookcases,Bookcases - Model 476,3,0.2,595.56,14.89
3162,ORD-3460,2024-10-21,2024-10-28,Standard Class,Priya Khan,Consumer,West,Los Angeles,Furniture,Furnishings,Furnishings - Model 636,1,0.0,234.73,51.64
3163,ORD-3461,2024-02-26,2024-02-28,First Class,Omar Rossi,Home Office,Central,Houston,Furniture,Tables,Tables - Model 693,4,0.1,887.95,118.39
3164,ORD-3462,2024-06-23,2024-06-30,Standard Class,Priya Okafor,Consumer,East,Boston,Office Supplies,Art,Art - Model 720,1,0.2,44.79,14.0
3165,ORD-3463,2025-06-18,2025-06-24,Standard Class,Wei Nguyen,Consumer,South,Nashville,Office Supplies,Binders,Binders - Model 282,4,0.15,93.6,33.03
3166,ORD-3464,2024-05-01,2024-05-08,Standard Class,Aisha Brown,Corporate,East,Boston,Technology,Accessories,Accessories - Model 422,4,0.4,955.39,-207.0
3167,ORD-3464,2024-05-01,2024-05-08,Standard Class,Aisha Brown,Corporate,East,Boston,Technology,Accessories,Accessories - Model 413,2,0.15,498.05,99.61
3168,ORD-3465,2025-06-20,2025-06-25,Second Class,Aisha Silva,Consumer,South,Atlanta,Office Supplies,Art,Art - Model 454,3,0.0,78.28,35.23
3169,ORD-3466,2024-02-25,2024-03-01,Second Class,Ivy Diaz,Corporate,East,Boston,Office Supplies,Storage,Storage - Model 163,3,0.0,102.29,46.03
3170,ORD-3467,2025-10-25,2025-11-01,Standard Class,Yuki Müller,Home Office,South,Charlotte,Office Supplies,Storage,Storage - Model 610,2,0.0,48.59,21.87
3171,ORD-3467,2025-10-25,2025-11-01,Standard Class,Yuki Müller,Home Office,South,Charlotte,Office Supplies,Storage,Storage - Model 300,1,0.0,25.59,11.52
3172,ORD-3468,2025-12-15,2025-12-17,First Class,Priya Nguyen,Consumer,South,Charlotte,Office Supplies,Storage,Storage - Model 227,1,0.2,27.02,8.44
3173,ORD-3468,2025-12-15,2025-12-17,First Class,Priya Nguyen,Consumer,South,Charlotte,Office Supplies,Storage,Storage - Model 531,5,0.3,27.4,3.91
3174,ORD-3469,2024-09-15,2024-09-17,First Class,Priya Novak,Consumer,West,Los Angeles,Office Supplies,Binders,Binders - Model 449,1,0.2,16.12,5.04
3175,ORD-3470,2023-07-30,2023-08-05,Standard Class,Wei Garcia,Consumer,South,Nashville,Office Supplies,Art,Art - Model 105,2,0.0,37.24,16.76
3176,ORD-3470,2023-07-30,2023-08-05,Standard Class,Wei Garcia,Consumer,South,Nashville,Office Supplies,Art,Art - Model 139,2,0.0,82.94,37.33
3177,ORD-3470,2023-07-30,2023-08-05,Standard Class,Wei Garcia,Consumer,South,Nashville,Office Supplies,Art,Art - Model 673,3,0.0,94.52,42.53
3178,ORD-3471,2023-03-22,2023-03-29,Standard Class,Ivy Chen,Consumer,East,Boston,Office Supplies,Labels,Labels - Model 620,1,0.2,30.01,9.38
3179,ORD-3472,2025-01-29,2025-02-05,Standard Class,Liam Nguyen,Corporate,East,Boston,Office Supplies,Binders,Binders - Model 699,4,0.1,126.47,49.18
3180,ORD-3473,2024-03-31,2024-04-07,Standard Class,Ivy Silva,Corporate,West,Los Angeles,Furniture,Furnishings,Furnishings - Model 731,1,0.1,237.06,31.61
3181,ORD-3474,2025-12-30,2026-01-05,Standard Class,Aisha Rossi,Consumer,West,San Francisco,Office Supplies,Binders,Binders - Model 830,2,0.1,59.33,23.07
3182,ORD-3475,2025-05-27,2025-05-29,First Class,Sofia Nguyen,Consumer,Central,Dallas,Office Supplies,Art,Art - Model 323,1,0.0,39.24,17.66
3183,ORD-3476,2023-06-11,2023-06-18,Standard Class,Sofia Novak,Home Office,East,Boston,Furniture,Furnishings,Furnishings - Model 328,1,0.0,333.79,73.43
3184,ORD-3477,2025-06-05,2025-06-12,Standard Class,Liam Nguyen,Corporate,Central,Minneapolis,Office Supplies,Binders,Binders - Model 330,3,0.0,94.3,42.43
3185,ORD-3478,2023-06-24,2023-07-01,Standard Class,Sofia Diaz,Consumer,South,Nashville,Office Supplies,Art,Art - Model 802,3,0.0,31.58,14.21
3186,ORD-3479,2024-12-28,2024-12-31,First Class,Maria Patel,Home Office,West,Phoenix,Technology,Phones,Phones - Model 431,4,0.2,2174.67,326.2
3187,ORD-3480,2025-04-27,2025-05-03,Standard Class,Wei Silva,Consumer,South,Atlanta,Office Supplies,Labels,Labels - Model 648,5,0.0,147.7,66.47
3188,ORD-3481,2024-05-12,2024-05-19,Standard Class,Aisha Müller,Corporate,East,Boston,Office Supplies,Art,Art - Model 674,5,0.1,18.0,7.0
3189,ORD-3481,2024-05-12,2024-05-19,Standard Class,Aisha Müller,Corporate,East,Boston,Office Supplies,Art,Art - Model 452,1,0.0,53.86,24.24
3190,ORD-3482,2025-10-23,2025-10-30,Standard Class,Aisha Müller,Corporate,West,San Francisco,Furniture,Chairs,Chairs - Model 145,1,0.0,235.54,51.82
3191,ORD-3483,2024-01-09,2024-01-10,Same Day,Omar Müller,Consumer,Central,Minneapolis,Office Supplies,Storage,Storage - Model 333,4,0.15,211.57,74.67
3192,ORD-3484,2024-07-23,2024-07-30,Standard Class,Maria Müller,Home Office,West,Seattle,Office Supplies,Storage,Storage - Model 283,1,0.1,43.98,17.1
3193,ORD-3485,2023-06-03,2023-06-10,Standard Class,Sofia Khan,Corporate,Central,Houston,Office Supplies,Storage,Storage - Model 535,5,0.0,20.0,9.0
3194,ORD-3486,2024-05-25,2024-05-31,Standard Class,Sofia Khan,Home Office,South,Charlotte,Office Supplies,Labels,Labels - Model 213,1,0.2,14.72,4.6
3195,ORD-3486,2024-05-25,2024-05-31,Standard Class,Sofia Khan,Home Office,South,Charlotte,Office Supplies,Labels,Labels - Model 246,4,0.1,212.72,82.72
3196,ORD-3487,2025-12-02,2025-12-08,Standard Class,Ivy Chen,Consumer,South,Miami,Furniture,Tables,Tables - Model 579,3,0.2,739.29,18.48
3197,ORD-3488,2025-11-11,2025-11-13,First Class,Ethan Okafor,Home Office,East,Boston,Furniture,Furnishings,Furnishings - Model 243,3,0.0,981.48,215.93
3198,ORD-3489,2024-06-30,2024-07-07,Standard Class,Liam Khan,Corporate,East,Newark,Furniture,Tables,Tables - Model 659,5,0.3,655.61,-121.75
3199,ORD-3490,2023-06-06,2023-06-13,Standard Class,Maria Silva,Consumer,South,Miami,Office Supplies,Storage,Storage - Model 470,4,0.0,183.13,82.41
3200,ORD-3491,2024-01-27,2024-02-03,Standard Class,Liam Okafor,Corporate,Central,Minneapolis,Furniture,Tables,Tables - Model 437,1,0.0,246.64,54.26
3201,ORD-3492,2025-07-06,2025-07-13,Standard Class,Priya Patel,Corporate,Central,Minneapolis,Office Supplies,Labels,Labels - Model 241,1,0.0,28.09,12.64
3202,ORD-3493,2024-11-15,2024-11-22,Standard Class,Maria Smith,Corporate,West,Los Angeles,Office Supplies,Binders,Binders - Model 998,4,0.0,162.49,73.12
3203,ORD-3494,2023-11-02,2023-11-09,Standard Class,Omar Brown,Home Office,South,Miami,Technology,Machines,Machines - Model 408,2,0.2,825.01,123.75
3204,ORD-3495,2024-02-24,2024-02-25,Same Day,Ivy Diaz,Consumer,West,San Francisco,Technology,Accessories,Accessories - Model 653,1,0.15,482.35,96.47
3205,ORD-3496,2024-07-29,2024-08-04,Standard Class,Noah Chen,Consumer,Central,Minneapolis,Technology,Machines,Machines - Model 850,2,0.15,550.02,110.0
3206,ORD-3497,2025-05-16,2025-05-22,Standard Class,Fatima Nguyen,Consumer,Central,Minneapolis,Technology,Phones,Phones - Model 136,1,0.1,409.91,100.2
3207,ORD-3498,2025-04-19,2025-04-25,Standard Class,Aisha Smith,Home Office,Central,Minneapolis,Furniture,Chairs,Chairs - Model 328,3,0.1,517.66,69.02
3208,ORD-3499,2025-01-17,2025-01-22,Second Class,Liam Kim,Corporate,West,San Francisco,Office Supplies,Storage,Storage - Model 299,1,0.15,32.52,11.48
3209,ORD-3500,2023-11-27,2023-12-03,Standard Class,Wei Novak,Consumer,East,Boston,Office Supplies,Paper,Paper - Model 280,2,0.0,63.85,28.73
3210,ORD-3501,2024-05-25,2024-05-29,Second Class,Noah Nguyen,Consumer,East,Philadelphia,Office Supplies,Paper,Paper - Model 318,3,0.0,165.86,74.63
3211,ORD-3502,2025-01-13,2025-01-17,Second Class,James Novak,Consumer,Central,Chicago,Office Supplies,Labels,Labels - Model 338,2,0.1,50.94,19.81
3212,ORD-3503,2023-12-15,2023-12-22,Standard Class,James Brown,Consumer,Central,Chicago,Furniture,Furnishings,Furnishings - Model 186,2,0.3,399.66,-74.23
3213,ORD-3504,2025-08-20,2025-08-27,Standard Class,Noah Chen,Consumer,East,New York,Furniture,Tables,Tables - Model 535,1,0.3,210.75,-39.14
3214,ORD-3505,2024-03-17,2024-03-21,Second Class,Liam Kim,Home Office,South,Charlotte,Office Supplies,Paper,Paper - Model 217,2,0.1,35.12,13.66
3215,ORD-3506,2025-05-15,2025-05-17,First Class,Wei Khan,Corporate,Central,Minneapolis,Office Supplies,Labels,Labels - Model 791,3,0.1,96.37,37.48
3216,ORD-3507,2025-07-08,2025-07-15,Standard Class,Omar Garcia,Home Office,East,New York,Office Supplies,Art,Art - Model 837,5,0.0,179.18,80.63
3217,ORD-3508,2024-05-23,2024-05-29,Standard Class,Sofia Novak,Consumer,South,Charlotte,Furniture,Tables,Tables - Model 623,4,0.1,991.56,132.21
3218,ORD-3509,2025-05-25,2025-06-01,Standard Class,Ethan Novak,Consumer,Central,Houston,Office Supplies,Paper,Paper - Model 801,2,0.1,35.25,13.71
3219,ORD-3509,2025-05-25,2025-06-01,Standard Class,Ethan Novak,Consumer,Central,Houston,Office Supplies,Paper,Paper - Model 339,4,0.1,118.22,45.98
3220,ORD-3510,2023-11-11,2023-11-18,Standard Class,Wei Kim,Home Office,South,Atlanta,Furniture,Furnishings,Furnishings - Model 764,4,0.15,1054.77,86.86
3221,ORD-3511,2025-06-24,2025-07-01,Standard Class,Aisha Patel,Consumer,West,Seattle,Office Supplies,Storage,Storage - Model 263,1,0.0,11.76,5.29
3222,ORD-3512,2024-11-24,2024-11-30,Standard Class,Aisha Diaz,Consumer,East,Newark,Office Supplies,Labels,Labels - Model 471,1,0.0,43.64,19.64
3223,ORD-3512,2024-11-24,2024-11-30,Standard Class,Aisha Diaz,Consumer,East,Newark,Office Supplies,Labels,Labels - Model 268,1,0.0,42.49,19.12
3224,ORD-3513,2025-12-08,2025-12-10,First Class,Liam Nguyen,Consumer,South,Miami,Office Supplies,Art,Art - Model 713,1,0.0,11.99,5.39
3225,ORD-3514,2024-04-12,2024-04-18,Standard Class,Carlos Patel,Consumer,East,Newark,Technology,Copiers,Copiers - Model 325,1,0.15,514.16,102.83
3226,ORD-3515,2023-06-22,2023-06-25,First Class,Noah Silva,Home Office,South,Atlanta,Office Supplies,Storage,Storage - Model 539,3,0.1,83.06,32.3
3227,ORD-3515,2023-06-22,2023-06-25,First Class,Noah Silva,Home Office,South,Atlanta,Office Supplies,Storage,Storage - Model 874,2,0.0,54.73,24.63
3228,ORD-3516,2024-02-07,2024-02-11,Second Class,James Brown,Consumer,South,Charlotte,Furniture,Tables,Tables - Model 852,2,0.15,554.58,45.67
3229,ORD-3517,2025-12-21,2025-12-23,First Class,Yuki Kim,Consumer,Central,Dallas,Office Supplies,Storage,Storage - Model 207,3,0.0,60.71,27.32
3230,ORD-3518,2024-07-25,2024-07-27,First Class,Omar Novak,Home Office,South,Nashville,Office Supplies,Labels,Labels - Model 248,4,0.0,187.32,84.29
3231,ORD-3519,2024-08-29,2024-08-31,First Class,Ethan Garcia,Home Office,West,San Francisco,Furniture,Furnishings,Furnishings - Model 778,1,0.1,180.87,24.11
3232,ORD-3520,2023-09-12,2023-09-18,Standard Class,Liam Garcia,Home Office,South,Miami,Office Supplies,Binders,Binders - Model 503,2,0.2,87.15,27.24
3233,ORD-3520,2023-09-12,2023-09-18,Standard Class,Liam Garcia,Home Office,South,Miami,Office Supplies,Binders,Binders - Model 652,3,0.3,51.87,7.4
3234,ORD-3520,2023-09-12,2023-09-18,Standard Class,Liam Garcia,Home Office,South,Miami,Office Supplies,Binders,Binders - Model 673,3,0.15,96.78,34.16
3235,ORD-3521,2024-11-01,2024-11-03,First Class,Sofia Chen,Consumer,East,Newark,Office Supplies,Paper,Paper - Model 823,2,0.0,80.4,36.18
3236,ORD-3522,2023-06-19,2023-06-19,Same Day,Omar Silva,Corporate,Central,Minneapolis,Office Supplies,Art,Art - Model 232,3,0.15,154.94,54.68
3237,ORD-3523,2023-04-25,2023-05-02,Standard Class,Fatima Brown,Consumer,South,Miami,Office Supplies,Labels,Labels - Model 100,1,0.1,42.55,16.55
3238,ORD-3524,2025-11-21,2025-11-28,Standard Class,Ethan Brown,Corporate,East,Philadelphia,Furniture,Furnishings,Furnishings - Model 650,1,0.1,149.93,19.99
3239,ORD-3524,2025-11-21,2025-11-28,Standard Class,Ethan Brown,Corporate,East,Philadelphia,Furniture,Furnishings,Furnishings - Model 470,1,0.0,167.04,36.75
3240,ORD-3525,2025-05-21,2025-05-28,Standard Class,Priya Nguyen,Corporate,West,San Francisco,Furniture,Furnishings,Furnishings - Model 928,4,0.1,1174.62,156.61
3241,ORD-3525,2025-05-21,2025-05-28,Standard Class,Priya Nguyen,Corporate,West,San Francisco,Furniture,Furnishings,Furnishings - Model 516,2,0.2,441.27,11.03
3242,ORD-3525,2025-05-21,2025-05-28,Standard Class,Priya Nguyen,Corporate,West,San Francisco,Furniture,Furnishings,Furnishings - Model 260,2,0.1,388.34,51.78
3243,ORD-3526,2025-01-17,2025-01-18,Same Day,Carlos Silva,Consumer,West,Phoenix,Furniture,Bookcases,Bookcases - Model 510,1,0.0,283.23,62.31
3244,ORD-3527,2024-07-25,2024-08-01,Standard Class,Ivy Garcia,Corporate,Central,Houston,Office Supplies,Paper,Paper - Model 401,1,0.4,22.24,0.0
3245,ORD-3528,2024-03-31,2024-04-07,Standard Class,Omar Novak,Consumer,Central,Houston,Office Supplies,Paper,Paper - Model 304,2,0.0,40.19,18.09
3246,ORD-3529,2025-07-01,2025-07-08,Standard Class,Ethan Diaz,Corporate,East,New York,Office Supplies,Art,Art - Model 629,1,0.0,25.47,11.46
3247,ORD-3530,2024-02-10,2024-02-16,Standard Class,Carlos Patel,Corporate,West,Seattle,Office Supplies,Art,Art - Model 837,5,0.2,68.78,21.5
3248,ORD-3531,2025-09-02,2025-09-08,Standard Class,Yuki Garcia,Home Office,East,Newark,Office Supplies,Art,Art - Model 501,1,0.3,16.17,2.3
3249,ORD-3532,2023-06-05,2023-06-12,Standard Class,Wei Garcia,Corporate,East,Philadelphia,Office Supplies,Labels,Labels - Model 363,1,0.0,50.57,22.76
3250,ORD-3533,2024-11-28,2024-12-03,Second Class,Wei Chen,Corporate,Central,Minneapolis,Office Supplies,Art,Art - Model 154,2,0.1,113.29,44.06
3251,ORD-3533,2024-11-28,2024-12-03,Second Class,Wei Chen,Corporate,Central,Minneapolis,Office Supplies,Art,Art - Model 406,2,0.1,54.91,21.35
3252,ORD-3534,2024-02-25,2024-02-29,Second Class,Ivy Okafor,Consumer,West,Phoenix,Office Supplies,Labels,Labels - Model 166,2,0.4,52.99,-0.01
3253,ORD-3535,2024-07-24,2024-07-28,Second Class,Priya Diaz,Corporate,East,Philadelphia,Office Supplies,Labels,Labels - Model 392,4,0.0,185.88,83.64
3254,ORD-3536,2025-11-23,2025-11-28,Second Class,Omar Smith,Home Office,South,Miami,Office Supplies,Paper,Paper - Model 192,2,0.2,81.52,25.47
3255,ORD-3537,2023-02-07,2023-02-14,Standard Class,Ethan Okafor,Consumer,Central,Chicago,Furniture,Chairs,Chairs - Model 725,3,0.1,595.96,79.46
3256,ORD-3537,2023-02-07,2023-02-14,Standard Class,Ethan Okafor,Consumer,Central,Chicago,Furniture,Chairs,Chairs - Model 156,3,0.0,671.63,147.76
3257,ORD-3538,2025-07-20,2025-07-25,Second Class,Liam Khan,Corporate,East,Newark,Office Supplies,Storage,Storage - Model 415,1,0.0,25.36,11.41
3258,ORD-3539,2024-12-21,2024-12-23,First Class,Omar Smith,Corporate,South,Atlanta,Office Supplies,Paper,Paper - Model 924,1,0.0,45.82,20.62
3259,ORD-3540,2023-05-06,2023-05-13,Standard Class,Noah Silva,Consumer,East,Philadelphia,Technology,Phones,Phones - Model 217,1,0.2,262.49,39.37
3260,ORD-3541,2023-10-12,2023-10-19,Standard Class,Omar Khan,Consumer,West,San Francisco,Technology,Accessories,Accessories - Model 725,1,0.0,252.9,80.93
3261,ORD-3542,2023-02-27,2023-02-27,Same Day,Priya Chen,Consumer,Central,Dallas,Office Supplies,Binders,Binders - Model 117,2,0.15,87.99,31.05
3262,ORD-3542,2023-02-27,2023-02-27,Same Day,Priya Chen,Consumer,Central,Dallas,Office Supplies,Binders,Binders - Model 950,1,0.1,49.46,19.23
3263,ORD-3543,2023-06-25,2023-06-27,First Class,Omar Novak,Home Office,South,Nashville,Furniture,Furnishings,Furnishings - Model 821,2,0.0,455.68,100.25
3264,ORD-3544,2025-10-08,2025-10-11,First Class,Noah Chen,Consumer,East,New York,Office Supplies,Storage,Storage - Model 878,3,0.1,94.46,36.74
3265,ORD-3545,2024-07-12,2024-07-17,Second Class,Carlos Smith,Consumer,South,Charlotte,Office Supplies,Paper,Paper - Model 304,3,0.0,60.47,27.21
3266,ORD-3546,2024-05-20,2024-05-26,Standard Class,Noah Rossi,Home Office,West,Phoenix,Office Supplies,Paper,Paper - Model 698,2,0.0,108.96,49.03
3267,ORD-3547,2024-09-11,2024-09-17,Standard Class,Ethan Brown,Consumer,South,Charlotte,Office Supplies,Storage,Storage - Model 217,2,0.2,55.73,17.41
3268,ORD-3547,2024-09-11,2024-09-17,Standard Class,Ethan Brown,Consumer,South,Charlotte,Office Supplies,Storage,Storage - Model 448,1,0.0,34.45,15.5
3269,ORD-3548,2023-06-11,2023-06-17,Standard Class,James Diaz,Home Office,East,New York,Office Supplies,Binders,Binders - Model 290,1,0.1,29.6,11.51
3270,ORD-3549,2024-03-11,2024-03-17,Standard Class,Maria Smith,Consumer,South,Charlotte,Office Supplies,Art,Art - Model 797,1,0.15,30.03,10.6
3271,ORD-3550,2025-08-24,2025-08-29,Second Class,Sofia Nguyen,Consumer,South,Atlanta,Office Supplies,Storage,Storage - Model 755,2,0.2,34.0,10.62
3272,ORD-3551,2025-01-07,2025-01-12,Second Class,Ivy Novak,Consumer,South,Miami,Furniture,Furnishings,Furnishings - Model 308,4,0.1,1413.9,188.52
3273,ORD-3551,2025-01-07,2025-01-12,Second Class,Ivy Novak,Consumer,South,Miami,Furniture,Furnishings,Furnishings - Model 625,1,0.2,233.86,5.85
3274,ORD-3552,2024-03-19,2024-03-19,Same Day,Ethan Okafor,Home Office,South,Miami,Furniture,Tables,Tables - Model 513,3,0.0,446.45,98.22
3275,ORD-3553,2024-12-17,2024-12-23,Standard Class,Wei Garcia,Home Office,South,Nashville,Furniture,Bookcases,Bookcases - Model 325,2,0.1,467.2,62.3
3276,ORD-3553,2024-12-17,2024-12-23,Standard Class,Wei Garcia,Home Office,South,Nashville,Furniture,Bookcases,Bookcases - Model 495,2,0.15,242.8,20.0
3277,ORD-3553,2024-12-17,2024-12-23,Standard Class,Wei Garcia,Home Office,South,Nashville,Furniture,Bookcases,Bookcases - Model 497,3,0.1,465.61,62.08
3278,ORD-3554,2025-07-31,2025-07-31,Same Day,Sofia Kim,Corporate,East,New York,Furniture,Bookcases,Bookcases - Model 250,3,0.0,562.02,123.64
3279,ORD-3555,2023-10-27,2023-11-02,Standard Class,Sofia Diaz,Consumer,Central,Dallas,Furniture,Tables,Tables - Model 563,1,0.0,120.91,26.6
3280,ORD-3556,2025-09-03,2025-09-06,First Class,Carlos Khan,Consumer,East,New York,Office Supplies,Labels,Labels - Model 368,3,0.0,125.96,56.68
3281,ORD-3556,2025-09-03,2025-09-06,First Class,Carlos Khan,Consumer,East,New York,Office Supplies,Labels,Labels - Model 408,3,0.1,115.23,44.81
3282,ORD-3556,2025-09-03,2025-09-06,First Class,Carlos Khan,Consumer,East,New York,Office Supplies,Labels,Labels - Model 678,2,0.0,67.27,30.27
3283,ORD-3557,2024-03-10,2024-03-15,Second Class,Yuki Smith,Corporate,East,New York,Office Supplies,Storage,Storage - Model 829,1,0.1,54.96,21.38
3284,ORD-3558,2023-11-22,2023-11-28,Standard Class,Maria Nguyen,Consumer,West,Los Angeles,Furniture,Tables,Tables - Model 438,1,0.2,224.29,5.61
3285,ORD-3559,2023-04-11,2023-04-16,Second Class,Ethan Okafor,Corporate,Central,Chicago,Office Supplies,Paper,Paper - Model 717,1,0.15,33.6,11.86
3286,ORD-3560,2025-12-20,2025-12-27,Standard Class,Liam Patel,Corporate,West,Seattle,Office Supplies,Art,Art - Model 687,1,0.15,24.03,8.48
3287,ORD-3560,2025-12-20,2025-12-27,Standard Class,Liam Patel,Corporate,West,Seattle,Office Supplies,Art,Art - Model 737,4,0.15,183.36,64.72
3288,ORD-3561,2025-09-03,2025-09-10,Standard Class,Aisha Chen,Consumer,West,Seattle,Furniture,Furnishings,Furnishings - Model 717,1,0.0,170.64,37.54
3289,ORD-3562,2023-07-04,2023-07-09,Second Class,Maria Müller,Consumer,West,Seattle,Technology,Phones,Phones - Model 486,1,0.1,404.76,98.94
3290,ORD-3563,2023-08-04,2023-08-10,Standard Class,Omar Novak,Consumer,South,Miami,Office Supplies,Storage,Storage - Model 372,2,0.1,39.77,15.46
3291,ORD-3564,2025-08-04,2025-08-08,Second Class,Carlos Chen,Home Office,South,Charlotte,Office Supplies,Art,Art - Model 504,4,0.0,88.75,39.94
3292,ORD-3565,2025-12-26,2026-01-02,Standard Class,Ivy Brown,Consumer,East,Boston,Furniture,Bookcases,Bookcases - Model 771,3,0.0,872.27,191.9
3293,ORD-3566,2023-12-31,2024-01-04,Second Class,Fatima Müller,Home Office,West,San Francisco,Office Supplies,Labels,Labels - Model 234,1,0.2,17.26,5.39
3294,ORD-3566,2023-12-31,2024-01-04,Second Class,Fatima Müller,Home Office,West,San Francisco,Office Supplies,Labels,Labels - Model 561,3,0.1,94.13,36.6
3295,ORD-3566,2023-12-31,2024-01-04,Second Class,Fatima Müller,Home Office,West,San Francisco,Office Supplies,Labels,Labels - Model 533,3,0.0,149.58,67.31
3296,ORD-3567,2023-03-08,2023-03-08,Same Day,Sofia Rossi,Consumer,South,Miami,Furniture,Bookcases,Bookcases - Model 956,1,0.2,258.66,6.46
3297,ORD-3568,2023-06-12,2023-06-19,Standard Class,Ethan Novak,Consumer,South,Miami,Office Supplies,Labels,Labels - Model 566,4,0.1,115.15,44.78
3298,ORD-3569,2025-05-26,2025-06-01,Standard Class,Ivy Kim,Corporate,East,Newark,Office Supplies,Art,Art - Model 747,1,0.0,57.13,25.71
3299,ORD-3570,2023-07-27,2023-08-02,Standard Class,Priya Garcia,Consumer,West,Seattle,Office Supplies,Storage,Storage - Model 867,2,0.0,45.91,20.66
3300,ORD-3570,2023-07-27,2023-08-02,Standard Class,Priya Garcia,Consumer,West,Seattle,Office Supplies,Storage,Storage - Model 599,1,0.15,40.76,14.39
3301,ORD-3571,2024-10-12,2024-10-15,First Class,Fatima Brown,Corporate,South,Nashville,Office Supplies,Storage,Storage - Model 830,2,0.3,51.5,7.36
3302,ORD-3572,2024-11-11,2024-11-18,Standard Class,Fatima Silva,Consumer,Central,Chicago,Office Supplies,Labels,Labels - Model 106,1,0.0,32.45,14.6
3303,ORD-3573,2023-12-08,2023-12-12,Second Class,Priya Kim,Home Office,East,Philadelphia,Technology,Copiers,Copiers - Model 369,1,0.3,280.5,-12.03
3304,ORD-3574,2025-11-16,2025-11-23,Standard Class,Yuki Brown,Corporate,East,Newark,Furniture,Chairs,Chairs - Model 530,4,0.0,737.3,162.21
3305,ORD-3575,2024-04-17,2024-04-17,Same Day,Wei Diaz,Consumer,West,San Francisco,Office Supplies,Storage,Storage - Model 448,2,0.15,58.5,20.65
3306,ORD-3576,2025-09-15,2025-09-21,Standard Class,Noah Patel,Corporate,West,Los Angeles,Furniture,Furnishings,Furnishings - Model 170,2,0.0,155.61,34.24
3307,ORD-3577,2024-06-02,2024-06-09,Standard Class,James Diaz,Consumer,South,Nashville,Technology,Phones,Phones - Model 457,2,0.15,459.48,91.9
3308,ORD-3578,2024-05-11,2024-05-13,First Class,Wei Silva,Home Office,East,New York,Office Supplies,Art,Art - Model 196,4,0.0,109.75,49.39
3309,ORD-3578,2024-05-11,2024-05-13,First Class,Wei Silva,Home Office,East,New York,Office Supplies,Art,Art - Model 627,1,0.3,16.88,2.41
3310,ORD-3579,2023-10-26,2023-10-31,Second Class,Noah Kim,Corporate,East,Newark,Furniture,Chairs,Chairs - Model 537,1,0.0,137.96,30.35
3311,ORD-3580,2025-10-30,2025-11-02,First Class,Noah Müller,Consumer,Central,Chicago,Office Supplies,Art,Art - Model 138,1,0.4,18.96,0.0
3312,ORD-3580,2025-10-30,2025-11-02,First Class,Noah Müller,Consumer,Central,Chicago,Office Supplies,Art,Art - Model 689,3,0.15,69.75,24.62
3313,ORD-3581,2023-02-26,2023-03-03,Second Class,Carlos Smith,Consumer,South,Miami,Office Supplies,Binders,Binders - Model 592,1,0.1,29.89,11.62
3314,ORD-3582,2023-09-19,2023-09-26,Standard Class,Fatima Müller,Corporate,East,Boston,Technology,Accessories,Accessories - Model 618,1,0.1,316.02,77.25
3315,ORD-3583,2025-02-04,2025-02-10,Standard Class,Ethan Khan,Home Office,East,Philadelphia,Office Supplies,Labels,Labels - Model 730,3,0.0,47.35,21.31
3316,ORD-3584,2023-01-22,2023-01-28,Standard Class,James Brown,Consumer,South,Nashville,Furniture,Chairs,Chairs - Model 137,1,0.0,159.96,35.19
3317,ORD-3585,2023-12-28,2024-01-04,Standard Class,Wei Diaz,Home Office,Central,Dallas,Office Supplies,Storage,Storage - Model 221,2,0.1,63.69,24.77
3318,ORD-3586,2023-12-17,2023-12-23,Standard Class,Maria Rossi,Corporate,West,Los Angeles,Office Supplies,Paper,Paper - Model 315,4,0.2,44.72,13.97
3319,ORD-3587,2023-10-04,2023-10-10,Standard Class,Omar Chen,Consumer,South,Miami,Technology,Accessories,Accessories - Model 168,3,0.0,1335.07,427.23
3320,ORD-3588,2024-01-15,2024-01-17,First Class,Wei Brown,Consumer,West,Phoenix,Office Supplies,Binders,Binders - Model 217,1,0.1,26.04,10.13
3321,ORD-3589,2024-03-18,2024-03-20,First Class,Ethan Khan,Consumer,West,Phoenix,Office Supplies,Art,Art - Model 203,3,0.0,132.72,59.73
3322,ORD-3590,2025-07-29,2025-08-03,Second Class,Ivy Kim,Consumer,West,Phoenix,Office Supplies,Storage,Storage - Model 150,1,0.0,20.2,9.09
3323,ORD-3591,2025-08-15,2025-08-22,Standard Class,Noah Novak,Corporate,West,Phoenix,Office Supplies,Paper,Paper - Model 885,2,0.1,51.98,20.21
3324,ORD-3592,2025-04-23,2025-04-27,Second Class,Omar Chen,Consumer,West,San Francisco,Office Supplies,Binders,Binders - Model 688,4,0.1,90.02,35.01
3325,ORD-3592,2025-04-23,2025-04-27,Second Class,Omar Chen,Consumer,West,San Francisco,Office Supplies,Binders,Binders - Model 817,2,0.3,24.76,3.54
3326,ORD-3593,2025-07-07,2025-07-13,Standard Class,Fatima Garcia,Consumer,Central,Minneapolis,Technology,Machines,Machines - Model 118,1,0.0,495.89,158.68
3327,ORD-3594,2023-06-21,2023-06-27,Standard Class,Fatima Kim,Home Office,Central,Dallas,Office Supplies,Paper,Paper - Model 291,1,0.3,23.48,3.35
3328,ORD-3595,2024-04-24,2024-04-30,Standard Class,James Brown,Consumer,South,Nashville,Office Supplies,Paper,Paper - Model 801,3,0.0,116.38,52.37
3329,ORD-3596,2023-12-14,2023-12-20,Standard Class,Aisha Garcia,Consumer,East,Boston,Office Supplies,Binders,Binders - Model 693,1,0.1,28.38,11.04
3330,ORD-3597,2025-10-07,2025-10-14,Standard Class,Fatima Garcia,Corporate,Central,Dallas,Technology,Copiers,Copiers - Model 307,1,0.0,340.89,109.09
3331,ORD-3598,2025-07-30,2025-08-03,Second Class,Noah Brown,Consumer,Central,Dallas,Office Supplies,Art,Art - Model 368,3,0.0,146.79,66.05
3332,ORD-3599,2024-12-18,2024-12-22,Second Class,Noah Silva,Corporate,South,Atlanta,Furniture,Furnishings,Furnishings - Model 217,3,0.3,517.63,-96.13
3333,ORD-3600,2025-05-07,2025-05-13,Standard Class,Noah Diaz,Corporate,East,Boston,Office Supplies,Labels,Labels - Model 376,1,0.15,38.74,13.67
3334,ORD-3600,2025-05-07,2025-05-13,Standard Class,Noah Diaz,Corporate,East,Boston,Office Supplies,Labels,Labels - Model 716,2,0.0,74.27,33.42
3335,ORD-3601,2025-08-16,2025-08-21,Second Class,Yuki Brown,Corporate,East,Boston,Furniture,Chairs,Chairs - Model 686,1,0.0,367.41,80.83
3336,ORD-3602,2025-08-20,2025-08-25,Second Class,Aisha Garcia,Home Office,West,Seattle,Furniture,Chairs,Chairs - Model 839,3,0.15,579.42,47.72
3337,ORD-3603,2023-09-12,2023-09-19,Standard Class,Wei Okafor,Consumer,Central,Houston,Office Supplies,Binders,Binders - Model 880,5,0.0,244.86,110.19
3338,ORD-3604,2023-08-14,2023-08-21,Standard Class,Noah Nguyen,Consumer,East,Boston,Office Supplies,Binders,Binders - Model 480,3,0.0,76.43,34.39
3339,ORD-3605,2023-12-02,2023-12-09,Standard Class,Aisha Garcia,Consumer,West,Los Angeles,Office Supplies,Art,Art - Model 724,3,0.1,57.22,22.25
3340,ORD-3606,2023-03-20,2023-03-23,First Class,Priya Rossi,Corporate,East,Newark,Office Supplies,Storage,Storage - Model 402,1,0.15,35.04,12.37
3341,ORD-3607,2024-09-12,2024-09-19,Standard Class,Wei Rossi,Consumer,West,Los Angeles,Furniture,Chairs,Chairs - Model 441,2,0.2,457.41,11.43
3342,ORD-3608,2024-10-10,2024-10-16,Standard Class,Aisha Silva,Consumer,East,New York,Furniture,Furnishings,Furnishings - Model 173,1,0.1,103.54,13.8
3343,ORD-3609,2023-03-17,2023-03-21,Second Class,Carlos Smith,Corporate,West,Seattle,Furniture,Tables,Tables - Model 872,2,0.0,507.05,111.55
3344,ORD-3610,2023-05-16,2023-05-21,Second Class,Fatima Novak,Corporate,East,Boston,Office Supplies,Labels,Labels - Model 496,2,0.0,54.65,24.59
3345,ORD-3611,2025-10-30,2025-11-05,Standard Class,Fatima Smith,Corporate,East,Boston,Technology,Machines,Machines - Model 501,2,0.0,449.6,143.87
3346,ORD-3612,2024-12-25,2024-12-31,Standard Class,Fatima Kim,Home Office,South,Miami,Furniture,Furnishings,Furnishings - Model 290,4,0.1,1063.17,141.75
3347,ORD-3613,2023-08-12,2023-08-12,Same Day,Liam Garcia,Corporate,South,Atlanta,Office Supplies,Storage,Storage - Model 786,1,0.1,18.55,7.21
3348,ORD-3614,2025-01-23,2025-01-30,Standard Class,Ethan Chen,Corporate,West,Phoenix,Furniture,Bookcases,Bookcases - Model 856,2,0.2,207.03,5.18
3349,ORD-3615,2024-05-16,2024-05-23,Standard Class,Yuki Brown,Consumer,East,Boston,Office Supplies,Labels,Labels - Model 471,1,0.15,41.2,14.54
3350,ORD-3615,2024-05-16,2024-05-23,Standard Class,Yuki Brown,Consumer,East,Boston,Office Supplies,Labels,Labels - Model 947,1,0.0,27.7,12.46
3351,ORD-3616,2025-12-23,2025-12-26,First Class,Fatima Okafor,Consumer,West,Seattle,Office Supplies,Paper,Paper - Model 985,4,0.4,108.0,0.0
3352,ORD-3617,2023-09-29,2023-10-06,Standard Class,Fatima Smith,Corporate,South,Miami,Technology,Phones,Phones - Model 303,1,0.1,301.49,73.7
3353,ORD-3618,2023-12-06,2023-12-06,Same Day,Ivy Müller,Consumer,South,Atlanta,Office Supplies,Labels,Labels - Model 877,1,0.0,42.35,19.06
3354,ORD-3619,2023-03-24,2023-03-30,Standard Class,Ivy Silva,Corporate,East,Newark,Office Supplies,Paper,Paper - Model 530,1,0.0,25.18,11.33
3355,ORD-3620,2025-11-11,2025-11-16,Second Class,Priya Novak,Consumer,West,Phoenix,Technology,Machines,Machines - Model 966,3,0.15,1055.81,211.16
3356,ORD-3621,2024-11-19,2024-11-25,Standard Class,Ivy Patel,Corporate,Central,Dallas,Office Supplies,Binders,Binders - Model 701,3,0.1,115.87,45.06
3357,ORD-3622,2025-03-16,2025-03-21,Second Class,Carlos Smith,Corporate,West,San Francisco,Furniture,Bookcases,Bookcases - Model 989,1,0.15,72.63,5.98
3358,ORD-3623,2025-07-09,2025-07-15,Standard Class,Wei Brown,Consumer,South,Atlanta,Office Supplies,Binders,Binders - Model 626,2,0.1,64.6,25.12
3359,ORD-3624,2024-01-13,2024-01-19,Standard Class,Priya Müller,Consumer,Central,Minneapolis,Technology,Phones,Phones - Model 399,4,0.15,1066.36,213.27
3360,ORD-3625,2023-09-12,2023-09-19,Standard Class,Omar Novak,Consumer,West,Los Angeles,Technology,Accessories,Accessories - Model 409,2,0.1,391.1,95.6
3361,ORD-3626,2025-03-25,2025-03-31,Standard Class,Sofia Chen,Corporate,West,Phoenix,Office Supplies,Binders,Binders - Model 858,1,0.2,22.58,7.06
3362,ORD-3626,2025-03-25,2025-03-31,Standard Class,Sofia Chen,Corporate,West,Phoenix,Office Supplies,Binders,Binders - Model 101,1,0.15,16.72,5.9
3363,ORD-3627,2023-08-14,2023-08-16,First Class,Noah Brown,Consumer,East,Philadelphia,Office Supplies,Art,Art - Model 996,5,0.0,154.98,69.74
3364,ORD-3628,2025-08-02,2025-08-08,Standard Class,Ivy Chen,Corporate,Central,Houston,Office Supplies,Paper,Paper - Model 102,2,0.3,72.53,10.36
3365,ORD-3629,2025-06-19,2025-06-26,Standard Class,Sofia Novak,Consumer,Central,Chicago,Office Supplies,Art,Art - Model 929,4,0.15,152.38,53.78
3366,ORD-3630,2023-04-28,2023-05-05,Standard Class,Yuki Nguyen,Corporate,West,San Francisco,Office Supplies,Paper,Paper - Model 833,3,0.0,109.06,49.08
3367,ORD-3631,2024-12-03,2024-12-08,Second Class,Carlos Müller,Corporate,South,Nashville,Furniture,Chairs,Chairs - Model 400,3,0.0,583.05,128.27
3368,ORD-3632,2025-01-22,2025-01-29,Standard Class,Fatima Novak,Home Office,West,Los Angeles,Furniture,Tables,Tables - Model 973,2,0.4,406.76,-155.92
3369,ORD-3633,2023-11-13,2023-11-17,Second Class,Fatima Garcia,Home Office,West,San Francisco,Office Supplies,Art,Art - Model 459,1,0.0,33.22,14.95
3370,ORD-3633,2023-11-13,2023-11-17,Second Class,Fatima Garcia,Home Office,West,San Francisco,Office Supplies,Art,Art - Model 612,1,0.2,32.5,10.16
3371,ORD-3633,2023-11-13,2023-11-17,Second Class,Fatima Garcia,Home Office,West,San Francisco,Office Supplies,Art,Art - Model 976,4,0.0,186.74,84.03
3372,ORD-3634,2023-12-22,2023-12-28,Standard Class,Ethan Nguyen,Consumer,South,Miami,Furniture,Furnishings,Furnishings - Model 409,2,0.15,507.01,41.75
3373,ORD-3635,2023-09-14,2023-09-21,Standard Class,Fatima Brown,Consumer,Central,Minneapolis,Furniture,Furnishings,Furnishings - Model 365,2,0.15,559.11,46.05
3374,ORD-3635,2023-09-14,2023-09-21,Standard Class,Fatima Brown,Consumer,Central,Minneapolis,Furniture,Furnishings,Furnishings - Model 331,1,0.1,264.02,35.2
3375,ORD-3636,2024-11-17,2024-11-24,Standard Class,Ivy Chen,Consumer,South,Charlotte,Office Supplies,Paper,Paper - Model 438,2,0.0,68.43,30.79
3376,ORD-3637,2025-11-23,2025-11-30,Standard Class,Noah Rossi,Consumer,South,Nashville,Office Supplies,Binders,Binders - Model 801,1,0.4,17.42,0.0
3377,ORD-3638,2024-05-24,2024-05-31,Standard Class,Fatima Nguyen,Consumer,Central,Dallas,Furniture,Bookcases,Bookcases - Model 239,3,0.0,320.02,70.4
3378,ORD-3639,2024-08-08,2024-08-14,Standard Class,Omar Rossi,Corporate,Central,Chicago,Office Supplies,Art,Art - Model 984,4,0.2,117.31,36.66
3379,ORD-3640,2023-09-21,2023-09-27,Standard Class,Wei Chen,Consumer,Central,Houston,Office Supplies,Storage,Storage - Model 360,5,0.1,184.27,71.66
3380,ORD-3641,2025-12-13,2025-12-20,Standard Class,Omar Smith,Corporate,East,Boston,Furniture,Furnishings,Furnishings - Model 742,2,0.2,327.64,8.19
3381,ORD-3641,2025-12-13,2025-12-20,Standard Class,Omar Smith,Corporate,East,Boston,Furniture,Furnishings,Furnishings - Model 942,1,0.0,237.57,52.26
3382,ORD-3642,2024-08-09,2024-08-16,Standard Class,Wei Rossi,Consumer,South,Charlotte,Furniture,Chairs,Chairs - Model 910,2,0.1,597.85,79.71
3383,ORD-3643,2025-06-28,2025-07-04,Standard Class,James Chen,Consumer,West,Los Angeles,Office Supplies,Art,Art - Model 804,2,0.15,49.75,17.56
3384,ORD-3643,2025-06-28,2025-07-04,Standard Class,James Chen,Consumer,West,Los Angeles,Office Supplies,Art,Art - Model 592,2,0.3,58.09,8.3
3385,ORD-3643,2025-06-28,2025-07-04,Standard Class,James Chen,Consumer,West,Los Angeles,Office Supplies,Art,Art - Model 234,1,0.0,28.38,12.77
3386,ORD-3644,2024-03-27,2024-03-30,First Class,Ivy Rossi,Consumer,South,Atlanta,Office Supplies,Art,Art - Model 383,1,0.0,15.04,6.77
3387,ORD-3645,2024-11-19,2024-11-25,Standard Class,Priya Smith,Consumer,Central,Chicago,Office Supplies,Paper,Paper - Model 635,4,0.0,183.75,82.69
3388,ORD-3646,2024-09-07,2024-09-13,Standard Class,Priya Garcia,Home Office,East,Boston,Office Supplies,Labels,Labels - Model 831,1,0.0,37.88,17.05
3389,ORD-3647,2025-05-08,2025-05-15,Standard Class,Carlos Chen,Consumer,East,Boston,Office Supplies,Art,Art - Model 397,2,0.1,28.77,11.19
3390,ORD-3648,2023-08-07,2023-08-10,First Class,Yuki Brown,Consumer,South,Charlotte,Office Supplies,Storage,Storage - Model 721,2,0.15,61.11,21.57
3391,ORD-3648,2023-08-07,2023-08-10,First Class,Yuki Brown,Consumer,South,Charlotte,Office Supplies,Storage,Storage - Model 797,4,0.0,146.86,66.09
3392,ORD-3649,2023-05-30,2023-06-06,Standard Class,Omar Patel,Corporate,Central,Dallas,Furniture,Bookcases,Bookcases - Model 304,1,0.0,171.21,37.66
3393,ORD-3650,2025-03-31,2025-04-07,Standard Class,Wei Müller,Corporate,West,San Francisco,Furniture,Furnishings,Furnishings - Model 507,1,0.0,225.78,49.67
3394,ORD-3651,2023-10-25,2023-10-26,Same Day,Aisha Garcia,Consumer,South,Nashville,Office Supplies,Art,Art - Model 740,5,0.0,160.78,72.35
3395,ORD-3652,2024-09-21,2024-09-28,Standard Class,Omar Diaz,Consumer,Central,Minneapolis,Furniture,Tables,Tables - Model 329,2,0.2,343.51,8.59
3396,ORD-3653,2023-09-07,2023-09-10,First Class,Maria Müller,Consumer,South,Miami,Office Supplies,Binders,Binders - Model 587,2,0.0,40.11,18.05
3397,ORD-3653,2023-09-07,2023-09-10,First Class,Maria Müller,Consumer,South,Miami,Office Supplies,Binders,Binders - Model 157,3,0.1,123.52,48.03
3398,ORD-3654,2024-07-29,2024-07-29,Same Day,Noah Novak,Consumer,South,Atlanta,Technology,Machines,Machines - Model 339,1,0.15,315.21,63.04
3399,ORD-3655,2023-12-04,2023-12-11,Standard Class,Priya Rossi,Corporate,East,Newark,Furniture,Bookcases,Bookcases - Model 464,2,0.15,379.91,31.28
3400,ORD-3655,2023-12-04,2023-12-11,Standard Class,Priya Rossi,Corporate,East,Newark,Furniture,Bookcases,Bookcases - Model 796,2,0.1,249.9,33.32
3401,ORD-3656,2024-10-11,2024-10-16,Second Class,Ethan Okafor,Consumer,East,Newark,Office Supplies,Storage,Storage - Model 966,1,0.3,30.5,4.36
3402,ORD-3656,2024-10-11,2024-10-16,Second Class,Ethan Okafor,Consumer,East,Newark,Office Supplies,Storage,Storage - Model 348,4,0.1,161.98,62.99
3403,ORD-3657,2024-10-17,2024-10-24,Standard Class,Wei Diaz,Consumer,Central,Minneapolis,Furniture,Chairs,Chairs - Model 775,3,0.2,794.82,19.87
3404,ORD-3658,2023-08-07,2023-08-12,Second Class,Wei Okafor,Consumer,South,Atlanta,Furniture,Chairs,Chairs - Model 210,4,0.1,709.34,94.58
3405,ORD-3658,2023-08-07,2023-08-12,Second Class,Wei Okafor,Consumer,South,Atlanta,Furniture,Chairs,Chairs - Model 729,5,0.0,1405.83,309.29
3406,ORD-3658,2023-08-07,2023-08-12,Second Class,Wei Okafor,Consumer,South,Atlanta,Furniture,Chairs,Chairs - Model 795,5,0.15,706.71,58.2
3407,ORD-3659,2025-06-25,2025-07-01,Standard Class,Ivy Novak,Consumer,East,Boston,Technology,Phones,Phones - Model 956,2,0.0,1103.05,352.97
3408,ORD-3660,2023-03-08,2023-03-15,Standard Class,Ivy Smith,Consumer,Central,Minneapolis,Furniture,Tables,Tables - Model 443,2,0.0,376.42,82.81
3409,ORD-3661,2023-09-16,2023-09-22,Standard Class,James Garcia,Home Office,West,Seattle,Technology,Accessories,Accessories - Model 900,2,0.0,1104.81,353.54
3410,ORD-3662,2025-04-11,2025-04-14,First Class,Yuki Müller,Corporate,West,Phoenix,Office Supplies,Storage,Storage - Model 919,4,0.4,84.37,0.0
3411,ORD-3663,2025-10-03,2025-10-07,Second Class,Sofia Diaz,Consumer,West,Los Angeles,Technology,Copiers,Copiers - Model 811,1,0.1,440.13,107.59
3412,ORD-3663,2025-10-03,2025-10-07,Second Class,Sofia Diaz,Consumer,West,Los Angeles,Technology,Copiers,Copiers - Model 673,4,0.0,1928.33,617.06
3413,ORD-3664,2023-05-12,2023-05-15,First Class,Maria Smith,Corporate,West,Seattle,Office Supplies,Storage,Storage - Model 455,2,0.0,42.89,19.3
3414,ORD-3665,2024-01-12,2024-01-18,Standard Class,Fatima Khan,Consumer,East,Philadelphia,Office Supplies,Storage,Storage - Model 696,1,0.0,35.24,15.86
3415,ORD-3666,2025-07-16,2025-07-20,Second Class,Yuki Kim,Consumer,West,Seattle,Furniture,Bookcases,Bookcases - Model 453,2,0.0,385.17,84.74
3416,ORD-3666,2025-07-16,2025-07-20,Second Class,Yuki Kim,Consumer,West,Seattle,Furniture,Bookcases,Bookcases - Model 559,5,0.0,921.4,202.71
3417,ORD-3667,2024-05-17,2024-05-24,Standard Class,Ivy Novak,Consumer,South,Atlanta,Technology,Copiers,Copiers - Model 129,1,0.0,420.07,134.42
3418,ORD-3668,2025-06-11,2025-06-18,Standard Class,Yuki Diaz,Consumer,Central,Dallas,Technology,Phones,Phones - Model 418,1,0.0,331.0,105.92
3419,ORD-3669,2024-01-28,2024-01-31,First Class,Ivy Silva,Corporate,East,Newark,Office Supplies,Binders,Binders - Model 802,4,0.0,125.72,56.57
3420,ORD-3670,2025-11-20,2025-11-22,First Class,Ivy Chen,Corporate,East,Philadelphia,Office Supplies,Paper,Paper - Model 564,1,0.1,37.93,14.75
3421,ORD-3671,2023-11-05,2023-11-12,Standard Class,Fatima Brown,Home Office,Central,Minneapolis,Technology,Copiers,Copiers - Model 820,2,0.1,525.55,128.47
3422,ORD-3671,2023-11-05,2023-11-12,Standard Class,Fatima Brown,Home Office,Central,Minneapolis,Technology,Copiers,Copiers - Model 536,1,0.0,239.46,76.62
3423,ORD-3672,2023-10-06,2023-10-12,Standard Class,Noah Rossi,Consumer,East,New York,Office Supplies,Paper,Paper - Model 292,5,0.0,140.61,63.27
3424,ORD-3673,2024-12-24,2024-12-26,First Class,Fatima Silva,Home Office,Central,Houston,Office Supplies,Art,Art - Model 811,4,0.15,91.67,32.35
3425,ORD-3674,2025-02-27,2025-03-06,Standard Class,Maria Patel,Corporate,Central,Houston,Office Supplies,Paper,Paper - Model 990,3,0.3,69.65,9.96
3426,ORD-3675,2023-11-19,2023-11-21,First Class,Priya Diaz,Consumer,South,Atlanta,Furniture,Furnishings,Furnishings - Model 719,1,0.0,301.02,66.22
3427,ORD-3676,2025-06-26,2025-07-03,Standard Class,James Garcia,Consumer,Central,Chicago,Technology,Copiers,Copiers - Model 796,3,0.1,851.37,208.11
3428,ORD-3677,2024-01-13,2024-01-19,Standard Class,Fatima Brown,Corporate,Central,Minneapolis,Office Supplies,Binders,Binders - Model 603,3,0.2,138.84,43.39
3429,ORD-3677,2024-01-13,2024-01-19,Standard Class,Fatima Brown,Corporate,Central,Minneapolis,Office Supplies,Binders,Binders - Model 917,3,0.0,138.88,62.5
3430,ORD-3678,2023-04-14,2023-04-21,Standard Class,Sofia Chen,Home Office,West,Seattle,Furniture,Chairs,Chairs - Model 885,1,0.0,183.2,40.31
3431,ORD-3678,2023-04-14,2023-04-21,Standard Class,Sofia Chen,Home Office,West,Seattle,Furniture,Chairs,Chairs - Model 927,2,0.2,402.17,10.05
3432,ORD-3679,2023-10-27,2023-11-03,Standard Class,Wei Garcia,Corporate,Central,Houston,Technology,Phones,Phones - Model 430,2,0.3,797.83,-34.19
3433,ORD-3680,2023-07-06,2023-07-12,Standard Class,Ivy Chen,Consumer,South,Nashville,Technology,Machines,Machines - Model 694,2,0.1,894.22,218.59
3434,ORD-3681,2024-01-03,2024-01-05,First Class,Omar Novak,Corporate,West,Seattle,Office Supplies,Storage,Storage - Model 391,1,0.15,28.3,9.99
3435,ORD-3681,2024-01-03,2024-01-05,First Class,Omar Novak,Corporate,West,Seattle,Office Supplies,Storage,Storage - Model 182,1,0.2,46.07,14.4
3436,ORD-3681,2024-01-03,2024-01-05,First Class,Omar Novak,Corporate,West,Seattle,Office Supplies,Storage,Storage - Model 564,2,0.0,14.09,6.34
3437,ORD-3682,2025-07-29,2025-08-04,Standard Class,Ivy Diaz,Consumer,South,Miami,Furniture,Bookcases,Bookcases - Model 748,3,0.1,358.77,47.83
3438,ORD-3683,2023-09-14,2023-09-15,Same Day,Priya Nguyen,Consumer,South,Miami,Office Supplies,Storage,Storage - Model 270,1,0.0,33.71,15.17
3439,ORD-3684,2025-08-19,2025-08-25,Standard Class,Wei Diaz,Consumer,South,Charlotte,Furniture,Chairs,Chairs - Model 713,2,0.1,342.14,45.62
3440,ORD-3685,2024-02-27,2024-03-03,Second Class,Omar Müller,Corporate,Central,Houston,Furniture,Bookcases,Bookcases - Model 627,4,0.1,858.71,114.49
3441,ORD-3685,2024-02-27,2024-03-03,Second Class,Omar Müller,Corporate,Central,Houston,Furniture,Bookcases,Bookcases - Model 960,1,0.0,449.67,98.93
3442,ORD-3686,2023-01-29,2023-02-04,Standard Class,Ethan Müller,Home Office,West,Seattle,Office Supplies,Art,Art - Model 485,3,0.0,90.77,40.85
3443,ORD-3686,2023-01-29,2023-02-04,Standard Class,Ethan Müller,Home Office,West,Seattle,Office Supplies,Art,Art - Model 717,1,0.0,47.04,21.17
3444,ORD-3686,2023-01-29,2023-02-04,Standard Class,Ethan Müller,Home Office,West,Seattle,Office Supplies,Art,Art - Model 792,1,0.0,24.99,11.25
3445,ORD-3687,2024-12-11,2024-12-18,Standard Class,Noah Nguyen,Home Office,South,Miami,Office Supplies,Labels,Labels - Model 349,4,0.0,185.43,83.44
3446,ORD-3688,2025-11-16,2025-11-22,Standard Class,Liam Garcia,Home Office,West,San Francisco,Technology,Machines,Machines - Model 459,1,0.0,306.35,98.03
3447,ORD-3689,2023-07-16,2023-07-23,Standard Class,Carlos Silva,Consumer,West,San Francisco,Office Supplies,Labels,Labels - Model 232,2,0.2,21.95,6.86
3448,ORD-3690,2023-08-28,2023-09-03,Standard Class,Priya Smith,Home Office,West,San Francisco,Office Supplies,Labels,Labels - Model 438,2,0.1,36.32,14.12
3449,ORD-3691,2024-06-04,2024-06-10,Standard Class,Priya Kim,Corporate,Central,Chicago,Office Supplies,Storage,Storage - Model 478,2,0.0,131.81,59.31
3450,ORD-3692,2025-01-13,2025-01-19,Standard Class,Fatima Smith,Consumer,East,Philadelphia,Office Supplies,Binders,Binders - Model 511,5,0.1,216.69,84.27
3451,ORD-3693,2024-11-27,2024-11-29,First Class,Liam Chen,Corporate,Central,Houston,Office Supplies,Binders,Binders - Model 940,5,0.1,111.59,43.4
3452,ORD-3694,2023-02-14,2023-02-19,Second Class,Aisha Garcia,Consumer,Central,Dallas,Office Supplies,Paper,Paper - Model 516,1,0.0,36.13,16.26
3453,ORD-3695,2024-11-23,2024-11-30,Standard Class,Priya Okafor,Consumer,South,Atlanta,Office Supplies,Binders,Binders - Model 624,5,0.0,142.47,64.11
3454,ORD-3696,2025-12-12,2025-12-14,First Class,Wei Diaz,Consumer,West,Phoenix,Technology,Machines,Machines - Model 849,2,0.2,710.54,106.58
3455,ORD-3697,2023-08-03,2023-08-07,Second Class,Omar Smith,Consumer,Central,Dallas,Office Supplies,Paper,Paper - Model 287,1,0.1,26.43,10.28
3456,ORD-3698,2023-12-31,2024-01-07,Standard Class,Fatima Smith,Consumer,South,Miami,Technology,Accessories,Accessories - Model 866,1,0.1,375.99,91.91
3457,ORD-3699,2023-10-05,2023-10-12,Standard Class,Liam Nguyen,Home Office,Central,Minneapolis,Office Supplies,Art,Art - Model 913,2,0.2,76.87,24.02
3458,ORD-3700,2023-06-01,2023-06-08,Standard Class,Noah Khan,Consumer,Central,Minneapolis,Technology,Copiers,Copiers - Model 134,1,0.0,274.45,87.83
3459,ORD-3701,2025-07-15,2025-07-19,Second Class,Ethan Khan,Corporate,South,Charlotte,Office Supplies,Binders,Binders - Model 360,3,0.0,67.07,30.18
3460,ORD-3702,2024-08-02,2024-08-08,Standard Class,Aisha Khan,Corporate,Central,Minneapolis,Office Supplies,Binders,Binders - Model 231,1,0.1,24.31,9.45
3461,ORD-3702,2024-08-02,2024-08-08,Standard Class,Aisha Khan,Corporate,Central,Minneapolis,Office Supplies,Binders,Binders - Model 675,1,0.3,24.34,3.47
3462,ORD-3703,2024-08-19,2024-08-22,First Class,Liam Rossi,Corporate,South,Miami,Technology,Machines,Machines - Model 277,1,0.0,139.53,44.65
3463,ORD-3703,2024-08-19,2024-08-22,First Class,Liam Rossi,Corporate,South,Miami,Technology,Machines,Machines - Model 852,3,0.2,770.72,115.61
3464,ORD-3704,2023-01-17,2023-01-22,Second Class,Carlos Khan,Consumer,East,New York,Technology,Machines,Machines - Model 338,2,0.15,809.16,161.83
3465,ORD-3705,2025-09-29,2025-10-02,First Class,Maria Kim,Corporate,Central,Houston,Office Supplies,Art,Art - Model 732,4,0.3,92.27,13.18
3466,ORD-3706,2025-06-17,2025-06-23,Standard Class,James Novak,Consumer,Central,Minneapolis,Furniture,Furnishings,Furnishings - Model 876,1,0.3,50.59,-9.4
3467,ORD-3707,2023-08-26,2023-08-30,Second Class,Wei Okafor,Consumer,East,Boston,Office Supplies,Storage,Storage - Model 695,1,0.3,29.37,4.2
3468,ORD-3708,2024-07-09,2024-07-15,Standard Class,Wei Diaz,Corporate,Central,Minneapolis,Technology,Phones,Phones - Model 381,2,0.0,803.41,257.09
3469,ORD-3708,2024-07-09,2024-07-15,Standard Class,Wei Diaz,Corporate,Central,Minneapolis,Technology,Phones,Phones - Model 245,2,0.0,829.51,265.44
3470,ORD-3708,2024-07-09,2024-07-15,Standard Class,Wei Diaz,Corporate,Central,Minneapolis,Technology,Phones,Phones - Model 204,2,0.15,582.27,116.46
3471,ORD-3709,2025-04-18,2025-04-25,Standard Class,Priya Müller,Corporate,East,New York,Office Supplies,Storage,Storage - Model 105,1,0.15,40.62,14.34
3472,ORD-3709,2025-04-18,2025-04-25,Standard Class,Priya Müller,Corporate,East,New York,Office Supplies,Storage,Storage - Model 344,1,0.1,34.22,13.31
3473,ORD-3709,2025-04-18,2025-04-25,Standard Class,Priya Müller,Corporate,East,New York,Office Supplies,Storage,Storage - Model 244,3,0.0,45.28,20.37
3474,ORD-3710,2023-12-16,2023-12-19,First Class,James Rossi,Consumer,Central,Dallas,Office Supplies,Paper,Paper - Model 935,3,0.0,120.97,54.44
3475,ORD-3711,2023-06-16,2023-06-22,Standard Class,Aisha Brown,Consumer,West,Phoenix,Office Supplies,Paper,Paper - Model 611,1,0.3,14.59,2.08
3476,ORD-3712,2023-08-27,2023-08-27,Same Day,Omar Müller,Consumer,Central,Dallas,Office Supplies,Binders,Binders - Model 442,3,0.15,107.01,37.77
3477,ORD-3713,2023-04-09,2023-04-11,First Class,Yuki Müller,Consumer,South,Charlotte,Office Supplies,Binders,Binders - Model 851,1,0.15,9.96,3.52
3478,ORD-3713,2023-04-09,2023-04-11,First Class,Yuki Müller,Consumer,South,Charlotte,Office Supplies,Binders,Binders - Model 784,1,0.1,14.99,5.83
3479,ORD-3714,2023-07-02,2023-07-05,First Class,Omar Chen,Consumer,East,Philadelphia,Office Supplies,Art,Art - Model 623,1,0.15,34.19,12.07
3480,ORD-3715,2023-08-16,2023-08-23,Standard Class,Maria Brown,Consumer,West,Phoenix,Technology,Phones,Phones - Model 743,1,0.15,616.74,123.35
3481,ORD-3716,2024-12-11,2024-12-18,Standard Class,Maria Silva,Corporate,East,Boston,Technology,Accessories,Accessories - Model 799,2,0.15,1038.8,207.76
3482,ORD-3717,2025-08-06,2025-08-12,Standard Class,Ivy Kim,Corporate,South,Miami,Office Supplies,Binders,Binders - Model 394,3,0.2,110.0,34.37
3483,ORD-3717,2025-08-06,2025-08-12,Standard Class,Ivy Kim,Corporate,South,Miami,Office Supplies,Binders,Binders - Model 454,2,0.4,4.8,0.0
3484,ORD-3717,2025-08-06,2025-08-12,Standard Class,Ivy Kim,Corporate,South,Miami,Office Supplies,Binders,Binders - Model 943,2,0.2,45.97,14.37
3485,ORD-3718,2025-03-31,2025-04-06,Standard Class,Fatima Smith,Home Office,Central,Chicago,Office Supplies,Art,Art - Model 882,1,0.1,40.57,15.78
3486,ORD-3719,2025-07-01,2025-07-07,Standard Class,James Okafor,Consumer,South,Atlanta,Office Supplies,Storage,Storage - Model 730,2,0.0,75.9,34.16
3487,ORD-3720,2023-02-26,2023-03-04,Standard Class,Aisha Müller,Corporate,West,San Francisco,Office Supplies,Storage,Storage - Model 154,3,0.0,104.08,46.83
3488,ORD-3721,2023-11-12,2023-11-18,Standard Class,Wei Okafor,Corporate,West,San Francisco,Office Supplies,Storage,Storage - Model 928,4,0.0,205.66,92.55
3489,ORD-3721,2023-11-12,2023-11-18,Standard Class,Wei Okafor,Corporate,West,San Francisco,Office Supplies,Storage,Storage - Model 583,1,0.0,50.96,22.93
3490,ORD-3721,2023-11-12,2023-11-18,Standard Class,Wei Okafor,Corporate,West,San Francisco,Office Supplies,Storage,Storage - Model 478,3,0.0,89.23,40.15
3491,ORD-3722,2024-10-26,2024-11-01,Standard Class,Sofia Okafor,Consumer,East,Newark,Office Supplies,Binders,Binders - Model 344,1,0.1,5.88,2.29
3492,ORD-3723,2023-05-25,2023-05-28,First Class,Omar Khan,Consumer,Central,Dallas,Office Supplies,Labels,Labels - Model 492,3,0.0,105.55,47.5
3493,ORD-3724,2024-11-15,2024-11-22,Standard Class,Wei Garcia,Corporate,West,Los Angeles,Office Supplies,Storage,Storage - Model 753,1,0.3,13.2,1.89
3494,ORD-3725,2023-07-18,2023-07-25,Standard Class,Fatima Novak,Consumer,South,Charlotte,Office Supplies,Art,Art - Model 166,3,0.0,66.13,29.76
3495,ORD-3726,2024-08-01,2024-08-04,First Class,Aisha Kim,Consumer,Central,Minneapolis,Office Supplies,Art,Art - Model 615,1,0.0,54.02,24.31
3496,ORD-3726,2024-08-01,2024-08-04,First Class,Aisha Kim,Consumer,Central,Minneapolis,Office Supplies,Art,Art - Model 675,1,0.2,41.01,12.81
3497,ORD-3726,2024-08-01,2024-08-04,First Class,Aisha Kim,Consumer,Central,Minneapolis,Office Supplies,Art,Art - Model 634,2,0.1,25.95,10.09
3498,ORD-3727,2024-06-22,2024-06-29,Standard Class,Noah Kim,Home Office,West,San Francisco,Furniture,Tables,Tables - Model 380,2,0.0,314.51,69.19
3499,ORD-3728,2023-06-21,2023-06-28,Standard Class,Fatima Khan,Corporate,Central,Houston,Furniture,Bookcases,Bookcases - Model 191,2,0.2,523.9,13.1
3500,ORD-3729,2023-12-06,2023-12-12,Standard Class,Noah Brown,Corporate,East,Philadelphia,Office Supplies,Paper,Paper - Model 254,3,0.0,143.02,64.36
3501,ORD-3730,2025-01-09,2025-01-15,Standard Class,Noah Khan,Home Office,East,Philadelphia,Office Supplies,Paper,Paper - Model 178,3,0.1,148.93,57.91
3502,ORD-3731,2023-01-13,2023-01-19,Standard Class,Liam Patel,Consumer,East,Boston,Technology,Machines,Machines - Model 379,1,0.0,496.93,159.02
3503,ORD-3732,2024-05-29,2024-06-04,Standard Class,Aisha Chen,Corporate,South,Miami,Office Supplies,Labels,Labels - Model 803,2,0.0,83.37,37.51
3504,ORD-3733,2024-05-25,2024-05-31,Standard Class,Omar Müller,Consumer,West,San Francisco,Office Supplies,Storage,Storage - Model 298,1,0.0,35.11,15.8
3505,ORD-3734,2025-01-15,2025-01-21,Standard Class,Liam Nguyen,Corporate,East,Newark,Technology,Phones,Phones - Model 387,1,0.1,103.83,25.38
3506,ORD-3735,2024-08-25,2024-08-30,Second Class,Noah Smith,Consumer,East,Newark,Technology,Phones,Phones - Model 974,1,0.0,304.39,97.41
3507,ORD-3736,2025-12-13,2025-12-20,Standard Class,Fatima Okafor,Home Office,South,Miami,Office Supplies,Art,Art - Model 244,1,0.0,42.68,19.2
3508,ORD-3736,2025-12-13,2025-12-20,Standard Class,Fatima Okafor,Home Office,South,Miami,Office Supplies,Art,Art - Model 644,3,0.3,44.15,6.31
3509,ORD-3736,2025-12-13,2025-12-20,Standard Class,Fatima Okafor,Home Office,South,Miami,Office Supplies,Art,Art - Model 949,5,0.0,216.94,97.63
3510,ORD-3737,2024-11-08,2024-11-12,Second Class,Noah Kim,Home Office,East,Newark,Office Supplies,Labels,Labels - Model 608,3,0.15,54.95,19.4
3511,ORD-3738,2024-04-21,2024-04-28,Standard Class,Wei Nguyen,Consumer,South,Charlotte,Technology,Accessories,Accessories - Model 429,1,0.0,383.0,122.56
3512,ORD-3739,2024-03-31,2024-04-07,Standard Class,Ivy Brown,Home Office,West,Los Angeles,Technology,Machines,Machines - Model 565,1,0.0,522.37,167.16
3513,ORD-3740,2025-03-20,2025-03-25,Second Class,Omar Müller,Home Office,South,Miami,Office Supplies,Art,Art - Model 694,3,0.0,168.66,75.9
3514,ORD-3741,2024-08-14,2024-08-16,First Class,Liam Diaz,Consumer,South,Atlanta,Office Supplies,Labels,Labels - Model 118,2,0.1,60.74,23.62
3515,ORD-3741,2024-08-14,2024-08-16,First Class,Liam Diaz,Consumer,South,Atlanta,Office Supplies,Labels,Labels - Model 511,2,0.3,38.85,5.54
3516,ORD-3741,2024-08-14,2024-08-16,First Class,Liam Diaz,Consumer,South,Atlanta,Office Supplies,Labels,Labels - Model 943,5,0.15,179.48,63.35
3517,ORD-3742,2023-05-24,2023-05-30,Standard Class,Yuki Smith,Home Office,East,Philadelphia,Furniture,Bookcases,Bookcases - Model 224,2,0.1,173.23,23.1
3518,ORD-3743,2024-10-17,2024-10-23,Standard Class,Carlos Khan,Corporate,Central,Dallas,Technology,Copiers,Copiers - Model 905,4,0.0,2294.48,734.24
3519,ORD-3744,2024-04-05,2024-04-08,First Class,Liam Patel,Consumer,South,Atlanta,Office Supplies,Art,Art - Model 540,4,0.4,31.55,0.0
3520,ORD-3745,2025-01-29,2025-02-02,Second Class,Sofia Rossi,Consumer,Central,Dallas,Furniture,Chairs,Chairs - Model 175,2,0.1,312.4,41.65
3521,ORD-3746,2024-12-24,2024-12-31,Standard Class,Fatima Okafor,Consumer,Central,Chicago,Office Supplies,Paper,Paper - Model 401,1,0.0,41.35,18.61
3522,ORD-3747,2024-12-26,2024-12-31,Second Class,Omar Silva,Consumer,East,Newark,Office Supplies,Labels,Labels - Model 518,1,0.0,39.77,17.9
3523,ORD-3748,2023-12-27,2023-12-29,First Class,Sofia Khan,Consumer,East,Philadelphia,Technology,Phones,Phones - Model 333,3,0.0,1033.83,330.82
3524,ORD-3749,2025-07-05,2025-07-09,Second Class,Sofia Khan,Home Office,South,Miami,Technology,Copiers,Copiers - Model 720,5,0.3,1224.03,-52.46
3525,ORD-3749,2025-07-05,2025-07-09,Second Class,Sofia Khan,Home Office,South,Miami,Technology,Copiers,Copiers - Model 485,2,0.1,594.12,145.23
3526,ORD-3750,2025-06-12,2025-06-18,Standard Class,Aisha Brown,Home Office,Central,Minneapolis,Office Supplies,Labels,Labels - Model 471,1,0.0,32.58,14.66
3527,ORD-3750,2025-06-12,2025-06-18,Standard Class,Aisha Brown,Home Office,Central,Minneapolis,Office Supplies,Labels,Labels - Model 752,4,0.1,167.57,65.17
3528,ORD-3751,2023-12-16,2023-12-22,Standard Class,Maria Müller,Consumer,Central,Chicago,Technology,Machines,Machines - Model 676,1,0.15,576.56,115.31
3529,ORD-3752,2023-07-13,2023-07-14,Same Day,Aisha Silva,Consumer,Central,Houston,Technology,Accessories,Accessories - Model 135,1,0.1,457.59,111.86
3530,ORD-3753,2023-01-26,2023-02-02,Standard Class,Liam Nguyen,Home Office,Central,Chicago,Office Supplies,Binders,Binders - Model 837,1,0.0,40.55,18.25
3531,ORD-3754,2023-04-16,2023-04-21,Second Class,Aisha Brown,Corporate,West,Los Angeles,Furniture,Bookcases,Bookcases - Model 225,1,0.0,222.76,49.01
3532,ORD-3754,2023-04-16,2023-04-21,Second Class,Aisha Brown,Corporate,West,Los Angeles,Furniture,Bookcases,Bookcases - Model 796,1,0.0,260.6,57.33
3533,ORD-3754,2023-04-16,2023-04-21,Second Class,Aisha Brown,Corporate,West,Los Angeles,Furniture,Bookcases,Bookcases - Model 854,1,0.0,227.46,50.04
3534,ORD-3755,2024-04-09,2024-04-15,Standard Class,Wei Diaz,Consumer,West,Los Angeles,Technology,Phones,Phones - Model 149,5,0.2,1534.51,230.17
3535,ORD-3756,2024-08-20,2024-08-27,Standard Class,Priya Kim,Corporate,East,Boston,Office Supplies,Binders,Binders - Model 126,4,0.15,167.87,59.25
3536,ORD-3757,2025-11-10,2025-11-16,Standard Class,Ivy Khan,Consumer,South,Charlotte,Furniture,Tables,Tables - Model 982,2,0.0,302.9,66.64
3537,ORD-3758,2025-07-17,2025-07-24,Standard Class,Ivy Okafor,Corporate,Central,Chicago,Furniture,Chairs,Chairs - Model 865,2,0.1,339.53,45.27
3538,ORD-3759,2024-12-19,2024-12-25,Standard Class,Ivy Nguyen,Home Office,West,Phoenix,Technology,Accessories,Accessories - Model 390,1,0.0,248.99,79.68
3539,ORD-3759,2024-12-19,2024-12-25,Standard Class,Ivy Nguyen,Home Office,West,Phoenix,Technology,Accessories,Accessories - Model 948,2,0.0,344.06,110.1
3540,ORD-3760,2024-06-08,2024-06-14,Standard Class,Sofia Novak,Consumer,Central,Houston,Furniture,Bookcases,Bookcases - Model 169,1,0.2,163.51,4.08
3541,ORD-3761,2024-04-16,2024-04-22,Standard Class,Sofia Novak,Corporate,Central,Dallas,Furniture,Bookcases,Bookcases - Model 447,2,0.2,276.33,6.91
3542,ORD-3762,2025-06-12,2025-06-17,Second Class,Omar Silva,Corporate,West,San Francisco,Office Supplies,Paper,Paper - Model 833,4,0.15,124.42,43.91
3543,ORD-3763,2024-06-05,2024-06-12,Standard Class,Carlos Garcia,Consumer,East,Philadelphia,Office Supplies,Labels,Labels - Model 393,3,0.0,121.55,54.7
3544,ORD-3764,2024-12-11,2024-12-18,Standard Class,Yuki Nguyen,Consumer,Central,Houston,Technology,Phones,Phones - Model 966,1,0.1,445.07,108.79
3545,ORD-3765,2023-12-27,2024-01-02,Standard Class,Liam Nguyen,Corporate,South,Charlotte,Office Supplies,Art,Art - Model 832,1,0.15,30.95,10.92
3546,ORD-3766,2023-06-09,2023-06-15,Standard Class,Priya Novak,Consumer,East,New York,Furniture,Furnishings,Furnishings - Model 614,3,0.15,311.62,25.66
3547,ORD-3767,2023-05-06,2023-05-07,Same Day,Ethan Garcia,Consumer,South,Miami,Furniture,Bookcases,Bookcases - Model 723,3,0.2,936.31,23.41
3548,ORD-3768,2023-06-11,2023-06-15,Second Class,Priya Novak,Consumer,West,San Francisco,Office Supplies,Binders,Binders - Model 278,2,0.0,70.83,31.87
3549,ORD-3769,2024-09-06,2024-09-13,Standard Class,Wei Silva,Consumer,East,Boston,Technology,Accessories,Accessories - Model 871,1,0.1,619.53,151.44
3550,ORD-3769,2024-09-06,2024-09-13,Standard Class,Wei Silva,Consumer,East,Boston,Technology,Accessories,Accessories - Model 676,2,0.15,946.06,189.21
3551,ORD-3769,2024-09-06,2024-09-13,Standard Class,Wei Silva,Consumer,East,Boston,Technology,Accessories,Accessories - Model 915,2,0.1,1062.34,259.68
3552,ORD-3770,2024-02-17,2024-02-21,Second Class,Aisha Diaz,Home Office,Central,Minneapolis,Technology,Phones,Phones - Model 867,4,0.3,1356.58,-58.14
3553,ORD-3771,2024-03-02,2024-03-08,Standard Class,Priya Kim,Corporate,South,Charlotte,Office Supplies,Labels,Labels - Model 138,1,0.1,37.11,14.43
3554,ORD-3772,2023-02-24,2023-02-27,First Class,James Khan,Corporate,West,Phoenix,Office Supplies,Paper,Paper - Model 899,1,0.15,28.93,10.21
3555,ORD-3773,2025-10-09,2025-10-15,Standard Class,Ethan Novak,Consumer,East,Newark,Office Supplies,Art,Art - Model 858,3,0.1,116.02,45.12
3556,ORD-3774,2023-11-04,2023-11-08,Second Class,Omar Novak,Home Office,South,Charlotte,Technology,Accessories,Accessories - Model 367,1,0.1,338.16,82.66
3557,ORD-3775,2023-10-02,2023-10-06,Second Class,Liam Garcia,Consumer,Central,Minneapolis,Furniture,Chairs,Chairs - Model 940,2,0.15,474.3,39.06
3558,ORD-3776,2023-07-25,2023-07-28,First Class,Omar Rossi,Corporate,West,San Francisco,Office Supplies,Art,Art - Model 197,4,0.1,149.8,58.26
3559,ORD-3777,2025-01-06,2025-01-13,Standard Class,Sofia Khan,Home Office,Central,Houston,Office Supplies,Binders,Binders - Model 916,4,0.2,166.3,51.97
3560,ORD-3778,2025-09-04,2025-09-11,Standard Class,Sofia Müller,Consumer,Central,Minneapolis,Office Supplies,Labels,Labels - Model 515,1,0.15,36.96,13.04
3561,ORD-3779,2023-12-18,2023-12-22,Second Class,Fatima Kim,Home Office,Central,Houston,Furniture,Furnishings,Furnishings - Model 468,3,0.0,560.27,123.26
3562,ORD-3780,2025-11-19,2025-11-21,First Class,Ethan Okafor,Consumer,East,Newark,Office Supplies,Labels,Labels - Model 304,2,0.1,89.77,34.91
3563,ORD-3781,2024-12-07,2024-12-09,First Class,Liam Chen,Consumer,East,Philadelphia,Office Supplies,Binders,Binders - Model 919,1,0.0,36.94,16.62
3564,ORD-3781,2024-12-07,2024-12-09,First Class,Liam Chen,Consumer,East,Philadelphia,Office Supplies,Binders,Binders - Model 431,2,0.2,37.85,11.83
3565,ORD-3782,2024-01-01,2024-01-07,Standard Class,Carlos Müller,Home Office,South,Nashville,Office Supplies,Labels,Labels - Model 279,5,0.0,287.11,129.2
3566,ORD-3783,2023-08-06,2023-08-11,Second Class,Yuki Müller,Consumer,Central,Houston,Office Supplies,Storage,Storage - Model 491,1,0.0,50.5,22.72
3567,ORD-3784,2024-08-05,2024-08-11,Standard Class,Priya Okafor,Consumer,South,Atlanta,Technology,Machines,Machines - Model 757,1,0.2,284.58,42.69
3568,ORD-3785,2023-10-22,2023-10-28,Standard Class,Omar Rossi,Consumer,East,Boston,Office Supplies,Art,Art - Model 205,1,0.0,19.48,8.77
3569,ORD-3786,2023-07-27,2023-07-30,First Class,Liam Smith,Consumer,Central,Chicago,Technology,Copiers,Copiers - Model 983,2,0.3,323.67,-13.88
3570,ORD-3787,2025-01-10,2025-01-13,First Class,Noah Patel,Home Office,South,Charlotte,Technology,Accessories,Accessories - Model 618,3,0.1,1562.65,381.98
3571,ORD-3788,2024-10-16,2024-10-21,Second Class,Aisha Diaz,Consumer,Central,Chicago,Office Supplies,Binders,Binders - Model 214,2,0.1,66.68,25.93
3572,ORD-3789,2024-06-30,2024-07-07,Standard Class,Maria Brown,Consumer,Central,Houston,Technology,Machines,Machines - Model 519,2,0.1,903.84,220.94
3573,ORD-3789,2024-06-30,2024-07-07,Standard Class,Maria Brown,Consumer,Central,Houston,Technology,Machines,Machines - Model 865,1,0.1,398.69,97.46
3574,ORD-3790,2024-11-06,2024-11-08,First Class,Carlos Rossi,Consumer,Central,Dallas,Furniture,Chairs,Chairs - Model 297,1,0.1,254.4,33.92
3575,ORD-3791,2024-03-23,2024-03-23,Same Day,Liam Chen,Consumer,South,Miami,Office Supplies,Art,Art - Model 430,1,0.0,45.15,20.32
3576,ORD-3792,2023-04-18,2023-04-23,Second Class,Ethan Khan,Consumer,South,Charlotte,Office Supplies,Binders,Binders - Model 338,1,0.3,37.55,5.37
3577,ORD-3793,2025-03-25,2025-03-30,Second Class,Fatima Diaz,Consumer,Central,Dallas,Office Supplies,Art,Art - Model 626,1,0.2,20.17,6.3
3578,ORD-3794,2023-05-06,2023-05-13,Standard Class,Noah Khan,Home Office,West,Los Angeles,Technology,Phones,Phones - Model 346,3,0.1,1408.31,344.26
3579,ORD-3794,2023-05-06,2023-05-13,Standard Class,Noah Khan,Home Office,West,Los Angeles,Technology,Phones,Phones - Model 413,2,0.0,770.38,246.52
3580,ORD-3795,2024-11-25,2024-12-01,Standard Class,Priya Smith,Consumer,Central,Chicago,Furniture,Tables,Tables - Model 651,1,0.15,291.55,24.01
3581,ORD-3795,2024-11-25,2024-12-01,Standard Class,Priya Smith,Consumer,Central,Chicago,Furniture,Tables,Tables - Model 217,1,0.1,336.45,44.86
3582,ORD-3796,2024-06-16,2024-06-20,Second Class,Sofia Chen,Corporate,East,Newark,Furniture,Tables,Tables - Model 781,3,0.0,403.87,88.85
3583,ORD-3797,2024-11-09,2024-11-16,Standard Class,Carlos Garcia,Home Office,South,Charlotte,Office Supplies,Art,Art - Model 133,3,0.0,88.68,39.9
3584,ORD-3798,2024-05-20,2024-05-27,Standard Class,Yuki Diaz,Consumer,East,New York,Furniture,Bookcases,Bookcases - Model 490,1,0.1,222.55,29.68
3585,ORD-3799,2024-07-28,2024-08-04,Standard Class,Ethan Diaz,Consumer,Central,Minneapolis,Office Supplies,Paper,Paper - Model 964,4,0.1,190.07,73.92
3586,ORD-3800,2024-07-25,2024-07-27,First Class,Liam Smith,Consumer,East,Philadelphia,Office Supplies,Paper,Paper - Model 342,1,0.0,33.22,14.95
3587,ORD-3801,2024-12-09,2024-12-16,Standard Class,Priya Müller,Consumer,South,Miami,Technology,Accessories,Accessories - Model 170,1,0.3,89.41,-3.83
3588,ORD-3802,2025-04-27,2025-05-02,Second Class,Sofia Novak,Consumer,West,Seattle,Office Supplies,Labels,Labels - Model 414,4,0.2,90.67,28.33
3589,ORD-3803,2024-09-22,2024-09-29,Standard Class,Omar Smith,Home Office,Central,Dallas,Office Supplies,Storage,Storage - Model 296,2,0.0,72.6,32.67
3590,ORD-3804,2024-12-27,2024-12-28,Same Day,Carlos Silva,Consumer,South,Miami,Office Supplies,Storage,Storage - Model 456,5,0.0,100.46,45.21
3591,ORD-3804,2024-12-27,2024-12-28,Same Day,Carlos Silva,Consumer,South,Miami,Office Supplies,Storage,Storage - Model 823,4,0.1,94.64,36.8
3592,ORD-3805,2024-05-15,2024-05-22,Standard Class,Sofia Okafor,Consumer,East,Newark,Office Supplies,Art,Art - Model 780,1,0.1,25.71,10.0
3593,ORD-3806,2025-09-27,2025-10-04,Standard Class,Yuki Chen,Corporate,East,Boston,Technology,Accessories,Accessories - Model 430,1,0.1,444.47,108.65
3594,ORD-3807,2024-11-15,2024-11-20,Second Class,Aisha Kim,Home Office,East,Boston,Technology,Copiers,Copiers - Model 172,1,0.0,536.73,171.76
3595,ORD-3808,2024-11-05,2024-11-10,Second Class,Wei Novak,Corporate,West,Los Angeles,Furniture,Furnishings,Furnishings - Model 183,1,0.3,61.22,-11.36
3596,ORD-3809,2025-03-11,2025-03-18,Standard Class,Liam Diaz,Consumer,Central,Chicago,Office Supplies,Storage,Storage - Model 662,3,0.15,118.5,41.83
3597,ORD-3810,2025-01-24,2025-01-31,Standard Class,Omar Diaz,Consumer,West,Phoenix,Office Supplies,Binders,Binders - Model 813,4,0.0,105.37,47.42
3598,ORD-3811,2023-05-04,2023-05-11,Standard Class,Wei Khan,Consumer,South,Nashville,Technology,Copiers,Copiers - Model 367,1,0.0,249.71,79.91
3599,ORD-3812,2023-07-16,2023-07-22,Standard Class,Maria Silva,Consumer,Central,Houston,Office Supplies,Storage,Storage - Model 257,1,0.0,37.78,17.0
3600,ORD-3813,2025-12-25,2025-12-31,Standard Class,Noah Brown,Corporate,South,Miami,Office Supplies,Art,Art - Model 774,2,0.0,80.37,36.17
3601,ORD-3813,2025-12-25,2025-12-31,Standard Class,Noah Brown,Corporate,South,Miami,Office Supplies,Art,Art - Model 153,2,0.4,39.56,0.0
3602,ORD-3813,2025-12-25,2025-12-31,Standard Class,Noah Brown,Corporate,South,Miami,Office Supplies,Art,Art - Model 296,1,0.4,30.86,0.0
3603,ORD-3814,2025-04-04,2025-04-11,Standard Class,Noah Kim,Consumer,West,Phoenix,Technology,Machines,Machines - Model 308,2,0.0,496.79,158.98
3604,ORD-3814,2025-04-04,2025-04-11,Standard Class,Noah Kim,Consumer,West,Phoenix,Technology,Machines,Machines - Model 874,2,0.2,1011.99,151.8
3605,ORD-3815,2023-03-26,2023-04-02,Standard Class,Yuki Smith,Corporate,South,Charlotte,Furniture,Furnishings,Furnishings - Model 962,1,0.15,275.2,22.67
3606,ORD-3816,2024-07-26,2024-07-31,Second Class,Fatima Diaz,Consumer,West,Los Angeles,Furniture,Bookcases,Bookcases - Model 178,2,0.0,787.84,173.33
3607,ORD-3817,2025-06-18,2025-06-23,Second Class,Ivy Diaz,Corporate,Central,Dallas,Office Supplies,Art,Art - Model 544,1,0.2,27.01,8.44
3608,ORD-3818,2024-11-06,2024-11-13,Standard Class,Priya Müller,Corporate,East,Newark,Furniture,Tables,Tables - Model 927,1,0.2,122.31,3.06
3609,ORD-3819,2023-01-01,2023-01-08,Standard Class,Aisha Rossi,Corporate,Central,Minneapolis,Technology,Phones,Phones - Model 984,3,0.3,993.97,-42.6
3610,ORD-3820,2023-03-09,2023-03-16,Standard Class,Ethan Garcia,Home Office,South,Atlanta,Furniture,Furnishings,Furnishings - Model 145,1,0.0,202.06,44.46
3611,ORD-3821,2024-12-09,2024-12-15,Standard Class,Wei Okafor,Corporate,South,Miami,Furniture,Furnishings,Furnishings - Model 977,2,0.2,491.6,12.29
3612,ORD-3821,2024-12-09,2024-12-15,Standard Class,Wei Okafor,Corporate,South,Miami,Furniture,Furnishings,Furnishings - Model 738,1,0.1,76.53,10.2
3613,ORD-3822,2023-11-15,2023-11-21,Standard Class,Ethan Chen,Corporate,East,Philadelphia,Technology,Copiers,Copiers - Model 613,3,0.15,700.12,140.02
3614,ORD-3822,2023-11-15,2023-11-21,Standard Class,Ethan Chen,Corporate,East,Philadelphia,Technology,Copiers,Copiers - Model 330,1,0.15,505.56,101.11
3615,ORD-3823,2023-07-24,2023-07-30,Standard Class,Fatima Smith,Home Office,East,Philadelphia,Furniture,Chairs,Chairs - Model 191,3,0.2,782.1,19.55
3616,ORD-3823,2023-07-24,2023-07-30,Standard Class,Fatima Smith,Home Office,East,Philadelphia,Furniture,Chairs,Chairs - Model 765,3,0.3,570.21,-105.9
3617,ORD-3824,2024-02-08,2024-02-08,Same Day,Noah Silva,Consumer,East,Boston,Technology,Phones,Phones - Model 613,4,0.0,1709.1,546.91
3618,ORD-3825,2025-08-17,2025-08-22,Second Class,Maria Nguyen,Home Office,West,Seattle,Office Supplies,Storage,Storage - Model 506,2,0.1,71.62,27.85
3619,ORD-3826,2025-11-19,2025-11-23,Second Class,Wei Novak,Consumer,West,Phoenix,Office Supplies,Art,Art - Model 177,1,0.0,45.98,20.69
3620,ORD-3827,2025-05-01,2025-05-08,Standard Class,Noah Okafor,Corporate,Central,Minneapolis,Technology,Machines,Machines - Model 460,2,0.0,854.33,273.39
3621,ORD-3828,2024-12-09,2024-12-16,Standard Class,Wei Garcia,Corporate,South,Nashville,Office Supplies,Art,Art - Model 304,1,0.1,21.41,8.33
3622,ORD-3829,2025-07-21,2025-07-27,Standard Class,Ivy Diaz,Consumer,East,Philadelphia,Office Supplies,Art,Art - Model 798,1,0.15,19.14,6.76
3623,ORD-3830,2023-08-22,2023-08-28,Standard Class,Fatima Garcia,Corporate,East,Newark,Office Supplies,Labels,Labels - Model 365,2,0.15,67.13,23.69
3624,ORD-3830,2023-08-22,2023-08-28,Standard Class,Fatima Garcia,Corporate,East,Newark,Office Supplies,Labels,Labels - Model 357,4,0.0,174.1,78.34
3625,ORD-3831,2024-10-01,2024-10-06,Second Class,Priya Patel,Consumer,West,Phoenix,Office Supplies,Storage,Storage - Model 376,3,0.0,74.54,33.54
3626,ORD-3832,2025-02-05,2025-02-05,Same Day,Omar Brown,Consumer,East,New York,Office Supplies,Binders,Binders - Model 313,2,0.0,76.19,34.29
3627,ORD-3833,2023-04-22,2023-04-29,Standard Class,Ethan Garcia,Home Office,South,Atlanta,Furniture,Bookcases,Bookcases - Model 849,2,0.15,517.5,42.61
3628,ORD-3834,2024-09-19,2024-09-25,Standard Class,Priya Novak,Home Office,South,Atlanta,Technology,Accessories,Accessories - Model 104,1,0.1,303.87,74.28
3629,ORD-3835,2023-04-17,2023-04-17,Same Day,Aisha Garcia,Corporate,Central,Chicago,Office Supplies,Paper,Paper - Model 816,5,0.0,166.04,74.72
3630,ORD-3835,2023-04-17,2023-04-17,Same Day,Aisha Garcia,Corporate,Central,Chicago,Office Supplies,Paper,Paper - Model 316,2,0.15,50.59,17.86
3631,ORD-3835,2023-04-17,2023-04-17,Same Day,Aisha Garcia,Corporate,Central,Chicago,Office Supplies,Paper,Paper - Model 253,1,0.0,37.56,16.9
3632,ORD-3836,2023-04-20,2023-04-20,Same Day,Ethan Müller,Home Office,East,Newark,Furniture,Chairs,Chairs - Model 759,2,0.0,238.56,52.49
3633,ORD-3837,2025-07-12,2025-07-19,Standard Class,Ethan Brown,Consumer,Central,Minneapolis,Technology,Phones,Phones - Model 596,1,0.3,336.84,-14.44
3634,ORD-3838,2024-01-07,2024-01-08,Same Day,Carlos Smith,Home Office,Central,Dallas,Technology,Accessories,Accessories - Model 161,1,0.0,124.94,39.98
3635,ORD-3838,2024-01-07,2024-01-08,Same Day,Carlos Smith,Home Office,Central,Dallas,Technology,Accessories,Accessories - Model 359,1,0.1,531.29,129.87
3636,ORD-3839,2023-04-06,2023-04-13,Standard Class,Wei Silva,Consumer,East,Newark,Furniture,Furnishings,Furnishings - Model 206,2,0.0,729.27,160.44
3637,ORD-3840,2023-08-14,2023-08-20,Standard Class,Noah Novak,Corporate,Central,Dallas,Furniture,Chairs,Chairs - Model 313,2,0.2,247.04,6.17
3638,ORD-3841,2025-10-08,2025-10-15,Standard Class,James Garcia,Corporate,Central,Houston,Office Supplies,Labels,Labels - Model 913,5,0.1,124.48,48.41
3639,ORD-3841,2025-10-08,2025-10-15,Standard Class,James Garcia,Corporate,Central,Houston,Office Supplies,Labels,Labels - Model 695,5,0.0,246.17,110.78
3640,ORD-3841,2025-10-08,2025-10-15,Standard Class,James Garcia,Corporate,Central,Houston,Office Supplies,Labels,Labels - Model 138,4,0.0,158.92,71.51
3641,ORD-3842,2024-09-15,2024-09-18,First Class,Noah Novak,Corporate,South,Atlanta,Office Supplies,Paper,Paper - Model 695,2,0.0,62.59,28.16
3642,ORD-3843,2025-06-22,2025-06-25,First Class,Priya Garcia,Corporate,East,Newark,Technology,Copiers,Copiers - Model 218,2,0.2,658.44,98.76
3643,ORD-3844,2023-10-15,2023-10-20,Second Class,Fatima Brown,Consumer,Central,Minneapolis,Technology,Phones,Phones - Model 292,2,0.1,125.83,30.76
3644,ORD-3845,2023-04-29,2023-05-05,Standard Class,Ivy Smith,Home Office,West,Phoenix,Technology,Accessories,Accessories - Model 464,2,0.0,706.81,226.18
3645,ORD-3846,2025-07-27,2025-08-02,Standard Class,Ivy Diaz,Consumer,Central,Dallas,Office Supplies,Binders,Binders - Model 256,3,0.0,145.1,65.29
3646,ORD-3846,2025-07-27,2025-08-02,Standard Class,Ivy Diaz,Consumer,Central,Dallas,Office Supplies,Binders,Binders - Model 510,3,0.0,64.27,28.92
3647,ORD-3847,2024-08-25,2024-08-27,First Class,Sofia Diaz,Consumer,South,Atlanta,Technology,Accessories,Accessories - Model 864,1,0.0,305.47,97.75
3648,ORD-3848,2025-10-30,2025-11-06,Standard Class,Aisha Silva,Home Office,West,Los Angeles,Furniture,Furnishings,Furnishings - Model 382,1,0.1,220.62,29.41
3649,ORD-3848,2025-10-30,2025-11-06,Standard Class,Aisha Silva,Home Office,West,Los Angeles,Furniture,Furnishings,Furnishings - Model 398,1,0.1,334.11,44.55
3650,ORD-3849,2025-11-09,2025-11-15,Standard Class,Yuki Silva,Consumer,Central,Houston,Office Supplies,Binders,Binders - Model 637,1,0.0,30.5,13.73
3651,ORD-3850,2025-09-12,2025-09-16,Second Class,Maria Müller,Corporate,South,Atlanta,Office Supplies,Binders,Binders - Model 421,2,0.0,45.78,20.6
3652,ORD-3850,2025-09-12,2025-09-16,Second Class,Maria Müller,Corporate,South,Atlanta,Office Supplies,Binders,Binders - Model 284,2,0.0,57.12,25.71
3653,ORD-3850,2025-09-12,2025-09-16,Second Class,Maria Müller,Corporate,South,Atlanta,Office Supplies,Binders,Binders - Model 758,1,0.0,22.77,10.24
3654,ORD-3851,2025-08-04,2025-08-11,Standard Class,Ethan Khan,Consumer,West,San Francisco,Office Supplies,Art,Art - Model 107,3,0.0,42.79,19.25
3655,ORD-3851,2025-08-04,2025-08-11,Standard Class,Ethan Khan,Consumer,West,San Francisco,Office Supplies,Art,Art - Model 900,1,0.0,33.31,14.99
3656,ORD-3852,2023-03-19,2023-03-24,Second Class,James Silva,Corporate,East,Boston,Technology,Accessories,Accessories - Model 818,4,0.15,1181.62,236.33
3657,ORD-3852,2023-03-19,2023-03-24,Second Class,James Silva,Corporate,East,Boston,Technology,Accessories,Accessories - Model 608,1,0.0,427.23,136.71
3658,ORD-3852,2023-03-19,2023-03-24,Second Class,James Silva,Corporate,East,Boston,Technology,Accessories,Accessories - Model 574,3,0.0,732.66,234.45
3659,ORD-3853,2024-05-19,2024-05-24,Second Class,Priya Müller,Corporate,South,Atlanta,Furniture,Chairs,Chairs - Model 671,1,0.0,233.17,51.3
3660,ORD-3853,2024-05-19,2024-05-24,Second Class,Priya Müller,Corporate,South,Atlanta,Furniture,Chairs,Chairs - Model 424,1,0.0,134.51,29.59
3661,ORD-3853,2024-05-19,2024-05-24,Second Class,Priya Müller,Corporate,South,Atlanta,Furniture,Chairs,Chairs - Model 402,1,0.0,4.0,0.88
3662,ORD-3854,2024-11-02,2024-11-07,Second Class,Liam Müller,Corporate,East,Philadelphia,Office Supplies,Labels,Labels - Model 447,2,0.1,60.36,23.47
3663,ORD-3854,2024-11-02,2024-11-07,Second Class,Liam Müller,Corporate,East,Philadelphia,Office Supplies,Labels,Labels - Model 280,1,0.0,41.33,18.6
3664,ORD-3855,2024-09-28,2024-10-03,Second Class,Liam Garcia,Corporate,Central,Chicago,Furniture,Tables,Tables - Model 282,1,0.1,291.01,38.8
3665,ORD-3856,2025-10-22,2025-10-29,Standard Class,Carlos Rossi,Corporate,Central,Houston,Office Supplies,Paper,Paper - Model 542,1,0.1,28.43,11.06
3666,ORD-3857,2025-05-21,2025-05-26,Second Class,Maria Patel,Corporate,South,Atlanta,Office Supplies,Labels,Labels - Model 811,1,0.0,13.93,6.27
3667,ORD-3858,2024-05-08,2024-05-10,First Class,Yuki Brown,Consumer,West,Los Angeles,Office Supplies,Labels,Labels - Model 507,4,0.1,168.21,65.41
3668,ORD-3859,2023-04-24,2023-04-30,Standard Class,Omar Silva,Corporate,South,Charlotte,Office Supplies,Storage,Storage - Model 137,1,0.0,42.58,19.16
3669,ORD-3860,2023-03-08,2023-03-11,First Class,Aisha Silva,Home Office,South,Nashville,Furniture,Tables,Tables - Model 564,3,0.0,712.49,156.75
3670,ORD-3861,2025-05-01,2025-05-03,First Class,Sofia Kim,Consumer,Central,Minneapolis,Office Supplies,Storage,Storage - Model 890,1,0.15,33.5,11.82
3671,ORD-3862,2023-12-10,2023-12-14,Second Class,Wei Silva,Corporate,Central,Minneapolis,Office Supplies,Binders,Binders - Model 606,1,0.2,11.18,3.49
3672,ORD-3863,2024-08-11,2024-08-18,Standard Class,Omar Patel,Consumer,East,Boston,Technology,Copiers,Copiers - Model 730,2,0.0,607.34,194.35
3673,ORD-3864,2023-05-01,2023-05-03,First Class,Omar Novak,Corporate,East,Newark,Office Supplies,Storage,Storage - Model 796,2,0.0,79.35,35.71
3674,ORD-3865,2023-01-22,2023-01-29,Standard Class,James Chen,Corporate,Central,Chicago,Technology,Copiers,Copiers - Model 677,3,0.0,1150.5,368.16
3675,ORD-3866,2023-03-30,2023-04-05,Standard Class,Yuki Silva,Home Office,Central,Dallas,Office Supplies,Art,Art - Model 487,3,0.1,112.05,43.57
3676,ORD-3867,2023-01-30,2023-02-05,Standard Class,Fatima Müller,Corporate,Central,Chicago,Office Supplies,Art,Art - Model 103,4,0.0,53.67,24.15
3677,ORD-3868,2024-08-04,2024-08-08,Second Class,Aisha Brown,Consumer,East,Philadelphia,Technology,Accessories,Accessories - Model 105,1,0.1,208.05,50.86
3678,ORD-3869,2025-09-08,2025-09-13,Second Class,Carlos Nguyen,Consumer,West,San Francisco,Office Supplies,Art,Art - Model 252,3,0.0,121.47,54.66
3679,ORD-3870,2024-03-20,2024-03-26,Standard Class,Ivy Silva,Corporate,West,Seattle,Technology,Machines,Machines - Model 759,1,0.0,670.21,214.46
3680,ORD-3871,2025-07-14,2025-07-21,Standard Class,James Khan,Corporate,East,Newark,Office Supplies,Art,Art - Model 520,1,0.1,54.56,21.22
3681,ORD-3872,2023-03-08,2023-03-14,Standard Class,Liam Smith,Consumer,East,Philadelphia,Technology,Copiers,Copiers - Model 921,4,0.2,1417.42,212.61
3682,ORD-3873,2025-11-01,2025-11-08,Standard Class,Fatima Khan,Consumer,Central,Minneapolis,Technology,Accessories,Accessories - Model 164,5,0.1,2283.12,558.1
3683,ORD-3874,2023-07-26,2023-08-01,Standard Class,Noah Khan,Corporate,Central,Dallas,Office Supplies,Art,Art - Model 493,4,0.0,109.11,49.1
3684,ORD-3874,2023-07-26,2023-08-01,Standard Class,Noah Khan,Corporate,Central,Dallas,Office Supplies,Art,Art - Model 961,1,0.3,33.4,4.77
3685,ORD-3874,2023-07-26,2023-08-01,Standard Class,Noah Khan,Corporate,Central,Dallas,Office Supplies,Art,Art - Model 120,1,0.15,53.11,18.74
3686,ORD-3875,2025-05-15,2025-05-21,Standard Class,Maria Kim,Home Office,Central,Minneapolis,Office Supplies,Labels,Labels - Model 981,4,0.15,195.93,69.15
3687,ORD-3876,2024-11-18,2024-11-24,Standard Class,Ivy Khan,Consumer,West,Phoenix,Furniture,Tables,Tables - Model 205,5,0.15,472.37,38.91
3688,ORD-3877,2024-01-25,2024-02-01,Standard Class,Aisha Brown,Consumer,East,New York,Furniture,Bookcases,Bookcases - Model 864,1,0.2,161.64,4.04
3689,ORD-3877,2024-01-25,2024-02-01,Standard Class,Aisha Brown,Consumer,East,New York,Furniture,Bookcases,Bookcases - Model 840,1,0.0,208.85,45.94
3690,ORD-3877,2024-01-25,2024-02-01,Standard Class,Aisha Brown,Consumer,East,New York,Furniture,Bookcases,Bookcases - Model 941,3,0.0,852.51,187.55
3691,ORD-3878,2025-08-14,2025-08-14,Same Day,Priya Garcia,Consumer,East,Philadelphia,Office Supplies,Labels,Labels - Model 875,5,0.4,52.97,0.01
3692,ORD-3879,2023-12-03,2023-12-10,Standard Class,Fatima Silva,Corporate,West,San Francisco,Furniture,Chairs,Chairs - Model 892,2,0.3,225.76,-41.93
3693,ORD-3879,2023-12-03,2023-12-10,Standard Class,Fatima Silva,Corporate,West,San Francisco,Furniture,Chairs,Chairs - Model 568,4,0.4,354.61,-135.93
3694,ORD-3880,2023-08-23,2023-08-29,Standard Class,Fatima Garcia,Consumer,South,Atlanta,Office Supplies,Storage,Storage - Model 779,2,0.0,68.15,30.67
3695,ORD-3881,2025-11-22,2025-11-29,Standard Class,Maria Brown,Corporate,South,Charlotte,Office Supplies,Labels,Labels - Model 378,1,0.1,16.15,6.28
3696,ORD-3882,2024-12-31,2025-01-04,Second Class,Fatima Nguyen,Consumer,East,New York,Technology,Copiers,Copiers - Model 312,1,0.1,421.52,103.04
3697,ORD-3883,2023-07-10,2023-07-17,Standard Class,Wei Novak,Corporate,Central,Chicago,Technology,Phones,Phones - Model 675,1,0.0,487.82,156.1
3698,ORD-3883,2023-07-10,2023-07-17,Standard Class,Wei Novak,Corporate,Central,Chicago,Technology,Phones,Phones - Model 114,3,0.3,749.1,-32.11
3699,ORD-3884,2023-01-04,2023-01-06,First Class,Yuki Nguyen,Consumer,South,Charlotte,Technology,Phones,Phones - Model 513,1,0.0,215.52,68.97
3700,ORD-3885,2023-06-18,2023-06-25,Standard Class,Sofia Diaz,Corporate,South,Charlotte,Office Supplies,Binders,Binders - Model 831,1,0.1,51.49,20.02
3701,ORD-3886,2025-07-26,2025-07-28,First Class,Fatima Rossi,Consumer,East,Philadelphia,Technology,Machines,Machines - Model 648,4,0.2,370.48,55.57
3702,ORD-3887,2025-05-20,2025-05-27,Standard Class,Aisha Smith,Consumer,Central,Houston,Furniture,Furnishings,Furnishings - Model 669,2,0.0,285.95,62.91
3703,ORD-3888,2025-09-26,2025-10-03,Standard Class,Sofia Kim,Consumer,East,New York,Furniture,Chairs,Chairs - Model 587,4,0.15,1329.12,109.46
3704,ORD-3889,2024-11-20,2024-11-26,Standard Class,Noah Brown,Home Office,East,Boston,Office Supplies,Storage,Storage - Model 132,1,0.3,27.52,3.93
3705,ORD-3889,2024-11-20,2024-11-26,Standard Class,Noah Brown,Home Office,East,Boston,Office Supplies,Storage,Storage - Model 240,1,0.3,32.17,4.6
3706,ORD-3890,2025-12-29,2025-12-30,Same Day,Wei Brown,Home Office,Central,Chicago,Furniture,Bookcases,Bookcases - Model 213,2,0.1,458.63,61.15
3707,ORD-3891,2024-01-20,2024-01-25,Second Class,Sofia Nguyen,Home Office,East,New York,Technology,Copiers,Copiers - Model 161,1,0.1,189.64,46.36
3708,ORD-3892,2023-04-01,2023-04-08,Standard Class,Ivy Müller,Consumer,Central,Minneapolis,Office Supplies,Binders,Binders - Model 379,1,0.0,23.22,10.45
3709,ORD-3893,2024-09-01,2024-09-07,Standard Class,Liam Müller,Home Office,Central,Dallas,Office Supplies,Storage,Storage - Model 770,1,0.1,27.74,10.79
3710,ORD-3894,2025-09-27,2025-10-04,Standard Class,Liam Diaz,Corporate,West,Phoenix,Office Supplies,Art,Art - Model 982,5,0.0,224.68,101.11
3711,ORD-3895,2023-01-16,2023-01-22,Standard Class,Liam Nguyen,Home Office,South,Nashville,Furniture,Chairs,Chairs - Model 317,3,0.0,665.18,146.34
3712,ORD-3895,2023-01-16,2023-01-22,Standard Class,Liam Nguyen,Home Office,South,Nashville,Furniture,Chairs,Chairs - Model 242,1,0.0,222.87,49.03
3713,ORD-3896,2025-04-26,2025-04-30,Second Class,Aisha Diaz,Home Office,South,Atlanta,Office Supplies,Storage,Storage - Model 168,1,0.0,52.7,23.71
3714,ORD-3897,2025-11-19,2025-11-23,Second Class,James Garcia,Consumer,Central,Dallas,Technology,Copiers,Copiers - Model 913,3,0.1,845.07,206.57
3715,ORD-3898,2025-03-17,2025-03-24,Standard Class,Ivy Brown,Corporate,Central,Minneapolis,Office Supplies,Binders,Binders - Model 467,1,0.0,63.35,28.51
3716,ORD-3899,2024-06-30,2024-07-05,Second Class,Liam Okafor,Consumer,South,Miami,Technology,Phones,Phones - Model 142,4,0.0,734.49,235.03
3717,ORD-3900,2025-11-15,2025-11-19,Second Class,Maria Novak,Consumer,Central,Dallas,Technology,Copiers,Copiers - Model 202,5,0.0,2240.81,717.06
3718,ORD-3901,2024-12-24,2024-12-28,Second Class,Carlos Khan,Home Office,West,Phoenix,Furniture,Chairs,Chairs - Model 530,3,0.2,358.87,8.98
3719,ORD-3902,2023-10-18,2023-10-20,First Class,Priya Nguyen,Consumer,East,Newark,Office Supplies,Binders,Binders - Model 946,1,0.4,27.91,-0.01
3720,ORD-3902,2023-10-18,2023-10-20,First Class,Priya Nguyen,Consumer,East,Newark,Office Supplies,Binders,Binders - Model 973,2,0.0,10.61,4.77
3721,ORD-3903,2025-06-24,2025-07-01,Standard Class,Yuki Garcia,Consumer,East,Philadelphia,Technology,Copiers,Copiers - Model 804,2,0.1,692.66,169.32
3722,ORD-3903,2025-06-24,2025-07-01,Standard Class,Yuki Garcia,Consumer,East,Philadelphia,Technology,Copiers,Copiers - Model 476,1,0.0,359.28,114.97
3723,ORD-3903,2025-06-24,2025-07-01,Standard Class,Yuki Garcia,Consumer,East,Philadelphia,Technology,Copiers,Copiers - Model 428,4,0.0,2935.57,939.38
3724,ORD-3904,2023-07-22,2023-07-29,Standard Class,Priya Patel,Corporate,West,Phoenix,Office Supplies,Labels,Labels - Model 966,2,0.0,79.34,35.7
3725,ORD-3905,2023-03-20,2023-03-24,Second Class,Liam Patel,Consumer,South,Charlotte,Technology,Phones,Phones - Model 202,3,0.0,1173.17,375.41
3726,ORD-3905,2023-03-20,2023-03-24,Second Class,Liam Patel,Consumer,South,Charlotte,Technology,Phones,Phones - Model 429,2,0.1,1027.27,251.11
3727,ORD-3906,2023-04-17,2023-04-24,Standard Class,Liam Smith,Consumer,South,Atlanta,Office Supplies,Binders,Binders - Model 802,4,0.0,206.57,92.96
3728,ORD-3907,2023-03-20,2023-03-22,First Class,Liam Novak,Consumer,West,Los Angeles,Technology,Copiers,Copiers - Model 924,2,0.2,640.99,96.15
3729,ORD-3908,2023-11-10,2023-11-12,First Class,Noah Kim,Home Office,South,Miami,Office Supplies,Labels,Labels - Model 948,2,0.0,56.1,25.24
3730,ORD-3909,2024-01-18,2024-01-25,Standard Class,Wei Chen,Corporate,West,San Francisco,Office Supplies,Binders,Binders - Model 333,3,0.1,72.36,28.14
3731,ORD-3910,2025-02-24,2025-03-03,Standard Class,Ivy Garcia,Consumer,East,Boston,Furniture,Chairs,Chairs - Model 189,4,0.15,1004.98,82.76
3732,ORD-3910,2025-02-24,2025-03-03,Standard Class,Ivy Garcia,Consumer,East,Boston,Furniture,Chairs,Chairs - Model 837,1,0.1,107.02,14.27
3733,ORD-3910,2025-02-24,2025-03-03,Standard Class,Ivy Garcia,Consumer,East,Boston,Furniture,Chairs,Chairs - Model 646,1,0.1,160.43,21.39
3734,ORD-3911,2023-07-19,2023-07-20,Same Day,Fatima Garcia,Consumer,Central,Chicago,Technology,Machines,Machines - Model 947,2,0.0,579.29,185.37
3735,ORD-3912,2024-07-19,2024-07-26,Standard Class,Sofia Novak,Consumer,East,Philadelphia,Office Supplies,Paper,Paper - Model 105,2,0.1,80.26,31.21
3736,ORD-3913,2023-04-11,2023-04-18,Standard Class,Fatima Diaz,Corporate,East,Philadelphia,Office Supplies,Storage,Storage - Model 997,2,0.0,58.99,26.55
3737,ORD-3914,2024-11-13,2024-11-14,Same Day,Carlos Smith,Corporate,Central,Dallas,Technology,Phones,Phones - Model 472,2,0.0,965.74,309.04
3738,ORD-3915,2024-08-04,2024-08-04,Same Day,Wei Diaz,Consumer,West,Los Angeles,Technology,Copiers,Copiers - Model 480,2,0.0,527.58,168.82
3739,ORD-3916,2024-06-12,2024-06-17,Second Class,Aisha Khan,Corporate,Central,Chicago,Office Supplies,Paper,Paper - Model 207,1,0.0,16.07,7.23
3740,ORD-3916,2024-06-12,2024-06-17,Second Class,Aisha Khan,Corporate,Central,Chicago,Office Supplies,Paper,Paper - Model 361,1,0.15,25.29,8.92
3741,ORD-3917,2023-09-06,2023-09-12,Standard Class,Wei Khan,Consumer,West,Phoenix,Furniture,Bookcases,Bookcases - Model 169,1,0.0,321.75,70.79
3742,ORD-3918,2025-02-03,2025-02-06,First Class,Ivy Müller,Corporate,South,Nashville,Office Supplies,Labels,Labels - Model 167,1,0.0,44.6,20.07
3743,ORD-3918,2025-02-03,2025-02-06,First Class,Ivy Müller,Corporate,South,Nashville,Office Supplies,Labels,Labels - Model 126,2,0.3,56.41,8.06
3744,ORD-3918,2025-02-03,2025-02-06,First Class,Ivy Müller,Corporate,South,Nashville,Office Supplies,Labels,Labels - Model 136,3,0.0,160.37,72.17
3745,ORD-3919,2024-12-11,2024-12-18,Standard Class,Aisha Rossi,Consumer,East,Philadelphia,Office Supplies,Art,Art - Model 754,4,0.15,74.08,26.15
3746,ORD-3919,2024-12-11,2024-12-18,Standard Class,Aisha Rossi,Consumer,East,Philadelphia,Office Supplies,Art,Art - Model 751,2,0.15,87.56,30.91
3747,ORD-3920,2025-03-01,2025-03-08,Standard Class,Aisha Okafor,Corporate,East,Newark,Office Supplies,Paper,Paper - Model 553,1,0.0,30.16,13.57
3748,ORD-3921,2025-06-15,2025-06-21,Standard Class,Noah Müller,Consumer,West,Phoenix,Office Supplies,Art,Art - Model 423,3,0.0,52.06,23.43
3749,ORD-3922,2023-02-02,2023-02-08,Standard Class,Ivy Silva,Consumer,West,San Francisco,Technology,Copiers,Copiers - Model 360,3,0.1,1520.44,371.66
3750,ORD-3923,2024-12-26,2024-12-29,First Class,Omar Müller,Consumer,West,Seattle,Office Supplies,Storage,Storage - Model 993,5,0.1,137.35,53.42
3751,ORD-3924,2025-05-26,2025-06-02,Standard Class,Noah Okafor,Corporate,West,Phoenix,Office Supplies,Storage,Storage - Model 857,2,0.2,8.29,2.59
3752,ORD-3925,2024-05-02,2024-05-06,Second Class,Maria Brown,Consumer,South,Miami,Furniture,Furnishings,Furnishings - Model 531,2,0.0,236.89,52.12
3753,ORD-3926,2024-02-23,2024-03-01,Standard Class,Ethan Novak,Consumer,South,Atlanta,Office Supplies,Binders,Binders - Model 903,1,0.3,18.13,2.6
3754,ORD-3927,2025-02-05,2025-02-10,Second Class,Liam Kim,Consumer,South,Charlotte,Furniture,Furnishings,Furnishings - Model 762,2,0.15,414.44,34.13
3755,ORD-3928,2024-03-22,2024-03-28,Standard Class,Fatima Kim,Corporate,Central,Minneapolis,Office Supplies,Storage,Storage - Model 811,4,0.1,188.6,73.35
3756,ORD-3928,2024-03-22,2024-03-28,Standard Class,Fatima Kim,Corporate,Central,Minneapolis,Office Supplies,Storage,Storage - Model 473,1,0.15,19.67,6.94
3757,ORD-3929,2023-01-09,2023-01-12,First Class,Noah Diaz,Corporate,Central,Minneapolis,Office Supplies,Binders,Binders - Model 827,3,0.1,60.01,23.34
3758,ORD-3930,2024-06-08,2024-06-12,Second Class,Sofia Chen,Consumer,South,Miami,Office Supplies,Paper,Paper - Model 860,3,0.0,88.13,39.66
3759,ORD-3930,2024-06-08,2024-06-12,Second Class,Sofia Chen,Consumer,South,Miami,Office Supplies,Paper,Paper - Model 403,2,0.1,37.66,14.65
3760,ORD-3931,2023-06-18,2023-06-25,Standard Class,Yuki Smith,Consumer,Central,Houston,Office Supplies,Storage,Storage - Model 397,2,0.2,42.52,13.28
3761,ORD-3932,2025-08-27,2025-09-02,Standard Class,Priya Okafor,Home Office,South,Charlotte,Office Supplies,Labels,Labels - Model 882,1,0.3,38.88,5.55
3762,ORD-3933,2023-12-14,2023-12-19,Second Class,Wei Chen,Corporate,Central,Dallas,Office Supplies,Paper,Paper - Model 374,4,0.2,130.63,40.82
3763,ORD-3934,2023-08-01,2023-08-07,Standard Class,Priya Nguyen,Consumer,East,Boston,Furniture,Furnishings,Furnishings - Model 990,3,0.0,393.18,86.5
3764,ORD-3935,2025-08-17,2025-08-24,Standard Class,Fatima Novak,Home Office,East,Boston,Office Supplies,Art,Art - Model 263,4,0.0,217.5,97.87
3765,ORD-3935,2025-08-17,2025-08-24,Standard Class,Fatima Novak,Home Office,East,Boston,Office Supplies,Art,Art - Model 216,5,0.1,115.56,44.94
3766,ORD-3936,2025-11-21,2025-11-23,First Class,James Brown,Corporate,South,Nashville,Office Supplies,Labels,Labels - Model 653,2,0.0,78.75,35.44
3767,ORD-3937,2023-01-07,2023-01-13,Standard Class,Wei Nguyen,Consumer,East,Boston,Furniture,Bookcases,Bookcases - Model 555,2,0.0,275.81,60.68
3768,ORD-3938,2024-12-14,2024-12-19,Second Class,Sofia Khan,Home Office,East,Philadelphia,Technology,Machines,Machines - Model 903,1,0.1,298.22,72.9
3769,ORD-3939,2025-08-19,2025-08-22,First Class,Carlos Nguyen,Corporate,West,Phoenix,Furniture,Tables,Tables - Model 258,1,0.0,282.28,62.1
3770,ORD-3940,2024-07-28,2024-08-03,Standard Class,Noah Khan,Consumer,South,Atlanta,Office Supplies,Binders,Binders - Model 623,1,0.0,51.28,23.07
3771,ORD-3941,2024-03-27,2024-03-27,Same Day,Noah Novak,Consumer,South,Charlotte,Office Supplies,Art,Art - Model 218,2,0.0,106.59,47.97
3772,ORD-3942,2025-03-24,2025-03-28,Second Class,Yuki Brown,Consumer,Central,Houston,Furniture,Furnishings,Furnishings - Model 556,1,0.1,215.11,28.68
3773,ORD-3942,2025-03-24,2025-03-28,Second Class,Yuki Brown,Consumer,Central,Houston,Furniture,Furnishings,Furnishings - Model 125,2,0.15,382.52,31.5
3774,ORD-3943,2024-09-25,2024-10-02,Standard Class,Fatima Khan,Corporate,East,New York,Office Supplies,Labels,Labels - Model 311,1,0.4,31.3,0.0
3775,ORD-3944,2023-09-09,2023-09-11,First Class,Aisha Khan,Corporate,West,Phoenix,Furniture,Bookcases,Bookcases - Model 209,2,0.0,371.32,81.69
3776,ORD-3945,2025-08-18,2025-08-24,Standard Class,Fatima Khan,Consumer,Central,Dallas,Office Supplies,Labels,Labels - Model 589,2,0.1,72.48,28.19
3777,ORD-3946,2023-10-08,2023-10-10,First Class,Noah Okafor,Consumer,East,Boston,Office Supplies,Paper,Paper - Model 579,2,0.0,9.82,4.42
3778,ORD-3947,2025-03-16,2025-03-19,First Class,Omar Silva,Consumer,East,Newark,Office Supplies,Art,Art - Model 850,1,0.1,29.8,11.59
3779,ORD-3948,2024-12-16,2024-12-22,Standard Class,Fatima Okafor,Corporate,East,Newark,Furniture,Furnishings,Furnishings - Model 831,4,0.1,1106.51,147.53
3780,ORD-3948,2024-12-16,2024-12-22,Standard Class,Fatima Okafor,Corporate,East,Newark,Furniture,Furnishings,Furnishings - Model 545,4,0.2,1160.89,29.03
3781,ORD-3949,2023-10-28,2023-11-03,Standard Class,Wei Okafor,Consumer,West,San Francisco,Office Supplies,Art,Art - Model 351,1,0.0,33.87,15.24
3782,ORD-3950,2024-11-27,2024-12-03,Standard Class,James Chen,Corporate,Central,Chicago,Office Supplies,Art,Art - Model 950,1,0.0,44.63,20.08
3783,ORD-3951,2025-05-13,2025-05-17,Second Class,Carlos Silva,Home Office,South,Nashville,Office Supplies,Paper,Paper - Model 604,1,0.0,45.8,20.61
3784,ORD-3952,2024-11-16,2024-11-22,Standard Class,Omar Diaz,Home Office,South,Atlanta,Technology,Phones,Phones - Model 218,1,0.0,109.95,35.18
3785,ORD-3953,2024-02-03,2024-02-06,First Class,Priya Nguyen,Consumer,West,San Francisco,Office Supplies,Storage,Storage - Model 996,5,0.4,55.35,0.0
3786,ORD-3954,2025-05-05,2025-05-12,Standard Class,Noah Okafor,Home Office,West,Los Angeles,Office Supplies,Storage,Storage - Model 581,2,0.15,98.94,34.92
3787,ORD-3955,2024-10-15,2024-10-21,Standard Class,James Brown,Consumer,West,Los Angeles,Office Supplies,Art,Art - Model 503,3,0.0,78.14,35.17
3788,ORD-3956,2025-02-13,2025-02-16,First Class,Carlos Khan,Consumer,Central,Dallas,Technology,Accessories,Accessories - Model 470,1,0.2,259.14,38.87
3789,ORD-3957,2024-01-02,2024-01-08,Standard Class,Ivy Brown,Corporate,Central,Dallas,Office Supplies,Paper,Paper - Model 626,1,0.15,37.96,13.4
3790,ORD-3957,2024-01-02,2024-01-08,Standard Class,Ivy Brown,Corporate,Central,Dallas,Office Supplies,Paper,Paper - Model 874,4,0.3,85.7,12.25
3791,ORD-3958,2025-08-07,2025-08-11,Second Class,Noah Diaz,Corporate,West,Phoenix,Technology,Accessories,Accessories - Model 107,1,0.0,427.38,136.76
3792,ORD-3958,2025-08-07,2025-08-11,Second Class,Noah Diaz,Corporate,West,Phoenix,Technology,Accessories,Accessories - Model 265,1,0.0,413.03,132.17
3793,ORD-3959,2025-01-20,2025-01-26,Standard Class,Noah Diaz,Consumer,West,San Francisco,Office Supplies,Storage,Storage - Model 180,1,0.15,18.78,6.63
3794,ORD-3960,2025-06-06,2025-06-11,Second Class,Ivy Kim,Consumer,Central,Minneapolis,Office Supplies,Labels,Labels - Model 481,2,0.1,89.17,34.68
3795,ORD-3961,2024-08-11,2024-08-15,Second Class,James Novak,Corporate,West,San Francisco,Office Supplies,Binders,Binders - Model 667,1,0.0,7.85,3.53
3796,ORD-3962,2025-08-28,2025-09-04,Standard Class,Noah Garcia,Home Office,South,Nashville,Office Supplies,Paper,Paper - Model 394,5,0.0,156.15,70.27
3797,ORD-3963,2023-11-30,2023-12-06,Standard Class,Priya Müller,Consumer,South,Atlanta,Technology,Phones,Phones - Model 313,3,0.0,841.48,269.28
3798,ORD-3964,2025-05-26,2025-06-02,Standard Class,Yuki Diaz,Consumer,Central,Dallas,Technology,Copiers,Copiers - Model 908,2,0.15,680.79,136.16
3799,ORD-3965,2024-09-27,2024-10-04,Standard Class,Aisha Patel,Consumer,West,Phoenix,Office Supplies,Paper,Paper - Model 943,1,0.1,19.43,7.55
3800,ORD-3966,2025-04-12,2025-04-19,Standard Class,Omar Smith,Home Office,South,Charlotte,Office Supplies,Paper,Paper - Model 945,2,0.0,116.27,52.32
3801,ORD-3967,2023-06-18,2023-06-25,Standard Class,Yuki Kim,Corporate,East,Boston,Technology,Copiers,Copiers - Model 806,1,0.0,441.23,141.2
3802,ORD-3968,2023-04-27,2023-05-04,Standard Class,Ivy Brown,Consumer,West,Los Angeles,Technology,Accessories,Accessories - Model 316,1,0.1,306.01,74.81
3803,ORD-3969,2025-04-16,2025-04-19,First Class,Priya Novak,Consumer,East,Newark,Office Supplies,Art,Art - Model 916,3,0.0,147.11,66.2
3804,ORD-3969,2025-04-16,2025-04-19,First Class,Priya Novak,Consumer,East,Newark,Office Supplies,Art,Art - Model 645,5,0.0,202.73,91.23
3805,ORD-3969,2025-04-16,2025-04-19,First Class,Priya Novak,Consumer,East,Newark,Office Supplies,Art,Art - Model 125,5,0.1,129.9,50.52
3806,ORD-3970,2023-01-19,2023-01-21,First Class,Fatima Garcia,Corporate,South,Miami,Office Supplies,Storage,Storage - Model 457,2,0.0,65.71,29.57
3807,ORD-3971,2025-07-29,2025-07-29,Same Day,Omar Brown,Corporate,West,San Francisco,Technology,Accessories,Accessories - Model 642,1,0.1,514.79,125.84
3808,ORD-3972,2023-07-29,2023-08-04,Standard Class,Omar Rossi,Corporate,South,Charlotte,Office Supplies,Art,Art - Model 533,4,0.15,149.62,52.8
3809,ORD-3973,2023-07-26,2023-07-29,First Class,Omar Smith,Consumer,East,Newark,Technology,Machines,Machines - Model 294,3,0.2,960.7,144.11
3810,ORD-3974,2023-08-07,2023-08-14,Standard Class,Aisha Kim,Corporate,East,Boston,Technology,Copiers,Copiers - Model 955,1,0.0,571.58,182.91
3811,ORD-3974,2023-08-07,2023-08-14,Standard Class,Aisha Kim,Corporate,East,Boston,Technology,Copiers,Copiers - Model 427,2,0.4,619.4,-134.2
3812,ORD-3974,2023-08-07,2023-08-14,Standard Class,Aisha Kim,Corporate,East,Boston,Technology,Copiers,Copiers - Model 132,2,0.0,880.16,281.65
3813,ORD-3975,2024-09-09,2024-09-16,Standard Class,Yuki Nguyen,Consumer,East,Newark,Technology,Accessories,Accessories - Model 471,2,0.0,1046.44,334.86
3814,ORD-3976,2023-10-29,2023-10-31,First Class,Priya Kim,Corporate,South,Nashville,Technology,Copiers,Copiers - Model 653,4,0.1,1427.27,348.89
3815,ORD-3976,2023-10-29,2023-10-31,First Class,Priya Kim,Corporate,South,Nashville,Technology,Copiers,Copiers - Model 233,2,0.0,1097.35,351.15
3816,ORD-3977,2024-05-13,2024-05-15,First Class,Yuki Nguyen,Home Office,West,Los Angeles,Technology,Accessories,Accessories - Model 808,1,0.0,428.35,137.07
3817,ORD-3978,2025-05-14,2025-05-21,Standard Class,Maria Smith,Consumer,Central,Houston,Technology,Accessories,Accessories - Model 576,1,0.15,493.15,98.63
3818,ORD-3978,2025-05-14,2025-05-21,Standard Class,Maria Smith,Consumer,Central,Houston,Technology,Accessories,Accessories - Model 883,2,0.0,350.83,112.27
3819,ORD-3979,2023-01-21,2023-01-25,Second Class,Noah Diaz,Consumer,South,Charlotte,Furniture,Bookcases,Bookcases - Model 942,2,0.15,308.01,25.37
3820,ORD-3980,2023-12-11,2023-12-13,First Class,Priya Müller,Corporate,East,Boston,Office Supplies,Labels,Labels - Model 934,1,0.1,35.23,13.7
3821,ORD-3980,2023-12-11,2023-12-13,First Class,Priya Müller,Corporate,East,Boston,Office Supplies,Labels,Labels - Model 156,2,0.0,71.6,32.22
3822,ORD-3980,2023-12-11,2023-12-13,First Class,Priya Müller,Corporate,East,Boston,Office Supplies,Labels,Labels - Model 898,1,0.0,43.97,19.79
3823,ORD-3981,2024-09-03,2024-09-10,Standard Class,Ivy Khan,Consumer,West,San Francisco,Office Supplies,Storage,Storage - Model 573,1,0.2,34.69,10.84
3824,ORD-3982,2024-12-09,2024-12-09,Same Day,Omar Brown,Corporate,West,Seattle,Furniture,Furnishings,Furnishings - Model 348,2,0.1,395.44,52.72
3825,ORD-3982,2024-12-09,2024-12-09,Same Day,Omar Brown,Corporate,West,Seattle,Furniture,Furnishings,Furnishings - Model 544,1,0.0,334.86,73.67
3826,ORD-3983,2024-09-27,2024-10-04,Standard Class,Wei Kim,Consumer,Central,Minneapolis,Technology,Copiers,Copiers - Model 799,2,0.15,311.6,62.32
3827,ORD-3984,2024-09-28,2024-10-05,Standard Class,Yuki Müller,Corporate,South,Miami,Technology,Copiers,Copiers - Model 112,3,0.15,1000.22,200.04
3828,ORD-3984,2024-09-28,2024-10-05,Standard Class,Yuki Müller,Corporate,South,Miami,Technology,Copiers,Copiers - Model 760,1,0.15,534.33,106.87
3829,ORD-3984,2024-09-28,2024-10-05,Standard Class,Yuki Müller,Corporate,South,Miami,Technology,Copiers,Copiers - Model 408,2,0.15,693.34,138.67
3830,ORD-3985,2023-06-13,2023-06-15,First Class,Omar Novak,Corporate,South,Miami,Furniture,Bookcases,Bookcases - Model 923,4,0.0,466.55,102.64
3831,ORD-3986,2025-07-03,2025-07-06,First Class,Carlos Chen,Corporate,South,Miami,Office Supplies,Art,Art - Model 797,1,0.15,3.4,1.2
3832,ORD-3986,2025-07-03,2025-07-06,First Class,Carlos Chen,Corporate,South,Miami,Office Supplies,Art,Art - Model 120,1,0.0,38.17,17.18
3833,ORD-3987,2023-09-21,2023-09-28,Standard Class,Fatima Okafor,Consumer,Central,Minneapolis,Furniture,Bookcases,Bookcases - Model 322,1,0.0,220.45,48.5
3834,ORD-3987,2023-09-21,2023-09-28,Standard Class,Fatima Okafor,Consumer,Central,Minneapolis,Furniture,Bookcases,Bookcases - Model 408,3,0.15,660.99,54.43
3835,ORD-3988,2023-12-07,2023-12-11,Second Class,Omar Garcia,Corporate,South,Atlanta,Technology,Accessories,Accessories - Model 442,1,0.0,112.76,36.08
3836,ORD-3989,2023-04-06,2023-04-13,Standard Class,Ivy Smith,Consumer,Central,Houston,Office Supplies,Storage,Storage - Model 673,2,0.2,22.91,7.16
3837,ORD-3990,2025-11-08,2025-11-15,Standard Class,Aisha Okafor,Consumer,South,Charlotte,Office Supplies,Paper,Paper - Model 776,1,0.1,17.88,6.95
3838,ORD-3990,2025-11-08,2025-11-15,Standard Class,Aisha Okafor,Consumer,South,Charlotte,Office Supplies,Paper,Paper - Model 313,2,0.3,45.58,6.5
3839,ORD-3991,2023-09-30,2023-10-07,Standard Class,Noah Nguyen,Consumer,Central,Houston,Office Supplies,Labels,Labels - Model 970,5,0.2,136.92,42.79
3840,ORD-3992,2024-01-04,2024-01-10,Standard Class,Yuki Kim,Home Office,East,Newark,Office Supplies,Binders,Binders - Model 388,1,0.0,11.25,5.06
3841,ORD-3993,2024-08-22,2024-08-25,First Class,Liam Okafor,Consumer,Central,Dallas,Office Supplies,Storage,Storage - Model 417,2,0.0,72.52,32.63
3842,ORD-3994,2024-12-12,2024-12-14,First Class,Ivy Smith,Consumer,West,Los Angeles,Furniture,Bookcases,Bookcases - Model 576,4,0.15,765.43,63.04
3843,ORD-3995,2023-03-29,2023-04-04,Standard Class,Ivy Rossi,Consumer,West,San Francisco,Office Supplies,Labels,Labels - Model 542,1,0.2,47.33,14.79
3844,ORD-3996,2023-09-14,2023-09-18,Second Class,Liam Patel,Consumer,South,Miami,Technology,Machines,Machines - Model 585,2,0.0,1275.0,408.0
3845,ORD-3997,2025-03-06,2025-03-12,Standard Class,Fatima Kim,Consumer,South,Charlotte,Technology,Accessories,Accessories - Model 453,1,0.0,281.94,90.22
3846,ORD-3998,2025-05-17,2025-05-20,First Class,Carlos Rossi,Consumer,South,Atlanta,Furniture,Bookcases,Bookcases - Model 194,1,0.1,349.91,46.65
3847,ORD-3999,2024-09-15,2024-09-21,Standard Class,James Okafor,Home Office,West,Seattle,Office Supplies,Storage,Storage - Model 199,1,0.3,29.85,4.27
3848,ORD-4000,2023-01-05,2023-01-12,Standard Class,Ethan Silva,Home Office,South,Nashville,Furniture,Bookcases,Bookcases - Model 186,1,0.1,160.42,21.39
3849,ORD-4001,2025-12-16,2025-12-22,Standard Class,Aisha Chen,Consumer,Central,Minneapolis,Office Supplies,Art,Art - Model 223,1,0.15,25.99,9.17
3850,ORD-4002,2024-01-21,2024-01-23,First Class,Aisha Müller,Consumer,Central,Minneapolis,Office Supplies,Art,Art - Model 304,3,0.1,70.64,27.47
3851,ORD-4002,2024-01-21,2024-01-23,First Class,Aisha Müller,Consumer,Central,Minneapolis,Office Supplies,Art,Art - Model 477,1,0.1,19.67,7.65
3852,ORD-4003,2024-08-26,2024-08-31,Second Class,Aisha Khan,Consumer,West,San Francisco,Office Supplies,Binders,Binders - Model 676,1,0.0,32.08,14.44
3853,ORD-4004,2025-02-21,2025-02-26,Second Class,James Novak,Consumer,East,Newark,Furniture,Bookcases,Bookcases - Model 558,5,0.1,902.78,120.37
3854,ORD-4005,2025-10-18,2025-10-25,Standard Class,Liam Okafor,Corporate,South,Atlanta,Furniture,Furnishings,Furnishings - Model 952,1,0.1,157.31,20.98
3855,ORD-4006,2024-01-28,2024-01-31,First Class,Omar Chen,Corporate,East,New York,Office Supplies,Binders,Binders - Model 383,1,0.0,16.07,7.23
3856,ORD-4006,2024-01-28,2024-01-31,First Class,Omar Chen,Corporate,East,New York,Office Supplies,Binders,Binders - Model 540,1,0.0,31.2,14.04
3857,ORD-4006,2024-01-28,2024-01-31,First Class,Omar Chen,Corporate,East,New York,Office Supplies,Binders,Binders - Model 722,2,0.0,55.4,24.93
3858,ORD-4007,2025-06-20,2025-06-27,Standard Class,Omar Garcia,Consumer,Central,Chicago,Office Supplies,Storage,Storage - Model 145,1,0.0,40.88,18.39
3859,ORD-4008,2025-06-03,2025-06-07,Second Class,Ivy Kim,Consumer,West,Los Angeles,Office Supplies,Storage,Storage - Model 767,2,0.0,103.15,46.42
3860,ORD-4009,2024-01-17,2024-01-22,Second Class,Ivy Kim,Corporate,West,San Francisco,Technology,Phones,Phones - Model 248,4,0.0,2235.65,715.41
3861,ORD-4010,2025-11-25,2025-11-30,Second Class,Omar Silva,Home Office,West,Seattle,Office Supplies,Paper,Paper - Model 749,5,0.15,152.35,53.77
3862,ORD-4010,2025-11-25,2025-11-30,Second Class,Omar Silva,Home Office,West,Seattle,Office Supplies,Paper,Paper - Model 565,3,0.15,52.4,18.5
3863,ORD-4010,2025-11-25,2025-11-30,Second Class,Omar Silva,Home Office,West,Seattle,Office Supplies,Paper,Paper - Model 129,1,0.15,39.34,13.89
3864,ORD-4011,2025-05-22,2025-05-28,Standard Class,Liam Novak,Home Office,West,Los Angeles,Technology,Accessories,Accessories - Model 286,4,0.15,1496.19,299.23
3865,ORD-4012,2024-08-01,2024-08-06,Second Class,Aisha Müller,Consumer,South,Atlanta,Technology,Copiers,Copiers - Model 251,1,0.1,244.16,59.69
3866,ORD-4013,2024-12-23,2024-12-26,First Class,Carlos Diaz,Consumer,South,Miami,Office Supplies,Art,Art - Model 149,1,0.0,46.43,20.89
3867,ORD-4014,2023-11-22,2023-11-27,Second Class,Wei Garcia,Consumer,East,New York,Office Supplies,Paper,Paper - Model 145,1,0.3,21.61,3.09
3868,ORD-4015,2024-05-07,2024-05-14,Standard Class,Wei Novak,Corporate,West,Seattle,Office Supplies,Art,Art - Model 168,3,0.0,155.85,70.13
3869,ORD-4015,2024-05-07,2024-05-14,Standard Class,Wei Novak,Corporate,West,Seattle,Office Supplies,Art,Art - Model 720,3,0.0,104.4,46.98
3870,ORD-4016,2024-02-22,2024-02-26,Second Class,Maria Patel,Consumer,East,Newark,Furniture,Bookcases,Bookcases - Model 526,1,0.0,67.83,14.92
3871,ORD-4017,2024-11-19,2024-11-22,First Class,James Diaz,Corporate,South,Charlotte,Technology,Accessories,Accessories - Model 730,3,0.0,1680.77,537.85
3872,ORD-4018,2024-09-25,2024-10-01,Standard Class,Fatima Silva,Corporate,South,Atlanta,Technology,Phones,Phones - Model 896,1,0.1,106.17,25.95
3873,ORD-4018,2024-09-25,2024-10-01,Standard Class,Fatima Silva,Corporate,South,Atlanta,Technology,Phones,Phones - Model 128,1,0.1,148.06,36.19
3874,ORD-4018,2024-09-25,2024-10-01,Standard Class,Fatima Silva,Corporate,South,Atlanta,Technology,Phones,Phones - Model 152,5,0.0,2165.99,693.12
3875,ORD-4019,2024-04-01,2024-04-07,Standard Class,Noah Smith,Consumer,South,Atlanta,Furniture,Furnishings,Furnishings - Model 629,3,0.0,582.75,128.2
3876,ORD-4020,2024-01-16,2024-01-23,Standard Class,Liam Diaz,Corporate,East,Newark,Furniture,Chairs,Chairs - Model 914,1,0.15,244.85,20.16
3877,ORD-4021,2023-03-31,2023-04-06,Standard Class,Sofia Rossi,Consumer,East,Newark,Furniture,Furnishings,Furnishings - Model 533,3,0.0,1074.72,236.44
3878,ORD-4022,2024-08-27,2024-09-02,Standard Class,Omar Garcia,Home Office,East,Boston,Technology,Accessories,Accessories - Model 408,1,0.0,439.91,140.77
3879,ORD-4023,2025-09-02,2025-09-08,Standard Class,Sofia Rossi,Home Office,East,Boston,Office Supplies,Storage,Storage - Model 456,1,0.0,39.38,17.72
3880,ORD-4024,2025-05-04,2025-05-09,Second Class,Omar Müller,Consumer,South,Charlotte,Office Supplies,Storage,Storage - Model 717,2,0.3,61.2,8.74
3881,ORD-4025,2023-10-11,2023-10-11,Same Day,James Brown,Consumer,West,Los Angeles,Technology,Accessories,Accessories - Model 100,1,0.2,257.45,38.62
3882,ORD-4025,2023-10-11,2023-10-11,Same Day,James Brown,Consumer,West,Los Angeles,Technology,Accessories,Accessories - Model 924,1,0.1,382.97,93.61
3883,ORD-4026,2023-10-06,2023-10-12,Standard Class,Wei Brown,Home Office,Central,Houston,Office Supplies,Storage,Storage - Model 356,2,0.0,22.26,10.02
3884,ORD-4027,2023-03-25,2023-04-01,Standard Class,Noah Khan,Home Office,East,New York,Office Supplies,Paper,Paper - Model 894,1,0.0,30.84,13.88
3885,ORD-4028,2025-06-30,2025-07-06,Standard Class,Ivy Diaz,Consumer,Central,Houston,Office Supplies,Labels,Labels - Model 115,3,0.0,88.87,39.99
3886,ORD-4029,2023-04-30,2023-05-07,Standard Class,Yuki Silva,Consumer,Central,Minneapolis,Furniture,Chairs,Chairs - Model 677,2,0.0,573.2,126.1
3887,ORD-4030,2024-08-30,2024-09-06,Standard Class,James Diaz,Corporate,West,San Francisco,Furniture,Chairs,Chairs - Model 275,3,0.0,871.07,191.64
3888,ORD-4031,2023-06-07,2023-06-11,Second Class,Ivy Okafor,Corporate,Central,Chicago,Technology,Phones,Phones - Model 473,3,0.1,718.28,175.58
3889,ORD-4031,2023-06-07,2023-06-11,Second Class,Ivy Okafor,Corporate,Central,Chicago,Technology,Phones,Phones - Model 994,1,0.15,432.49,86.5
3890,ORD-4032,2023-07-28,2023-08-03,Standard Class,Ivy Khan,Corporate,Central,Minneapolis,Office Supplies,Art,Art - Model 793,1,0.2,30.69,9.59
3891,ORD-4033,2024-07-15,2024-07-19,Second Class,Priya Diaz,Consumer,East,Philadelphia,Office Supplies,Binders,Binders - Model 241,3,0.1,160.29,62.33
3892,ORD-4034,2024-01-01,2024-01-08,Standard Class,Yuki Silva,Consumer,East,New York,Office Supplies,Labels,Labels - Model 274,1,0.0,33.31,14.99
3893,ORD-4035,2024-04-16,2024-04-23,Standard Class,Maria Novak,Consumer,South,Charlotte,Office Supplies,Art,Art - Model 668,4,0.0,184.79,83.16
3894,ORD-4035,2024-04-16,2024-04-23,Standard Class,Maria Novak,Consumer,South,Charlotte,Office Supplies,Art,Art - Model 204,1,0.0,24.45,11.0
3895,ORD-4035,2024-04-16,2024-04-23,Standard Class,Maria Novak,Consumer,South,Charlotte,Office Supplies,Art,Art - Model 733,3,0.1,76.08,29.59
3896,ORD-4036,2025-01-11,2025-01-18,Standard Class,Ivy Müller,Consumer,Central,Minneapolis,Office Supplies,Storage,Storage - Model 509,3,0.15,73.27,25.86
3897,ORD-4036,2025-01-11,2025-01-18,Standard Class,Ivy Müller,Consumer,Central,Minneapolis,Office Supplies,Storage,Storage - Model 829,2,0.1,32.73,12.73
3898,ORD-4037,2024-01-27,2024-01-28,Same Day,Maria Kim,Consumer,West,Seattle,Furniture,Bookcases,Bookcases - Model 570,3,0.1,787.45,104.99
3899,ORD-4038,2025-05-11,2025-05-14,First Class,Yuki Silva,Consumer,South,Atlanta,Technology,Phones,Phones - Model 835,3,0.0,1175.33,376.11
3900,ORD-4038,2025-05-11,2025-05-14,First Class,Yuki Silva,Consumer,South,Atlanta,Technology,Phones,Phones - Model 107,3,0.0,1303.05,416.98
3901,ORD-4039,2023-09-24,2023-09-30,Standard Class,Omar Smith,Consumer,Central,Chicago,Office Supplies,Paper,Paper - Model 990,5,0.3,148.94,21.27
3902,ORD-4040,2025-07-09,2025-07-16,Standard Class,Omar Chen,Home Office,East,Philadelphia,Furniture,Furnishings,Furnishings - Model 249,4,0.15,774.11,63.75
3903,ORD-4041,2024-10-13,2024-10-19,Standard Class,Sofia Rossi,Corporate,West,San Francisco,Office Supplies,Storage,Storage - Model 319,5,0.15,140.6,49.62
3904,ORD-4042,2025-04-16,2025-04-22,Standard Class,Liam Kim,Consumer,South,Nashville,Office Supplies,Labels,Labels - Model 198,1,0.15,29.49,10.41
3905,ORD-4043,2025-05-12,2025-05-18,Standard Class,Ivy Kim,Home Office,South,Charlotte,Office Supplies,Storage,Storage - Model 472,5,0.0,39.43,17.75
3906,ORD-4044,2023-11-27,2023-12-04,Standard Class,Fatima Müller,Corporate,East,Boston,Office Supplies,Art,Art - Model 610,3,0.0,158.62,71.38
3907,ORD-4044,2023-11-27,2023-12-04,Standard Class,Fatima Müller,Corporate,East,Boston,Office Supplies,Art,Art - Model 725,2,0.2,72.75,22.73
3908,ORD-4044,2023-11-27,2023-12-04,Standard Class,Fatima Müller,Corporate,East,Boston,Office Supplies,Art,Art - Model 603,1,0.15,52.04,18.36
3909,ORD-4045,2024-03-29,2024-04-02,Second Class,Sofia Novak,Corporate,South,Miami,Technology,Machines,Machines - Model 636,1,0.0,677.11,216.67
3910,ORD-4046,2023-03-16,2023-03-23,Standard Class,Ethan Khan,Consumer,East,Philadelphia,Office Supplies,Art,Art - Model 235,1,0.1,36.13,14.05
3911,ORD-4047,2024-05-31,2024-06-05,Second Class,Aisha Müller,Consumer,West,San Francisco,Technology,Phones,Phones - Model 384,2,0.2,404.17,60.62
3912,ORD-4048,2023-03-03,2023-03-09,Standard Class,Priya Müller,Consumer,East,New York,Office Supplies,Storage,Storage - Model 590,3,0.15,96.35,34.01
3913,ORD-4048,2023-03-03,2023-03-09,Standard Class,Priya Müller,Consumer,East,New York,Office Supplies,Storage,Storage - Model 577,1,0.0,46.73,21.03
3914,ORD-4049,2024-08-03,2024-08-05,First Class,Aisha Smith,Consumer,East,Philadelphia,Office Supplies,Paper,Paper - Model 596,1,0.3,30.19,4.31
3915,ORD-4049,2024-08-03,2024-08-05,First Class,Aisha Smith,Consumer,East,Philadelphia,Office Supplies,Paper,Paper - Model 232,1,0.0,40.57,18.26
3916,ORD-4050,2025-08-13,2025-08-19,Standard Class,Priya Okafor,Home Office,East,New York,Office Supplies,Art,Art - Model 549,1,0.3,31.82,4.55
3917,ORD-4051,2024-04-14,2024-04-17,First Class,Aisha Patel,Home Office,East,Boston,Office Supplies,Art,Art - Model 477,4,0.0,148.92,67.01
3918,ORD-4051,2024-04-14,2024-04-17,First Class,Aisha Patel,Home Office,East,Boston,Office Supplies,Art,Art - Model 533,2,0.15,91.94,32.45
3919,ORD-4051,2024-04-14,2024-04-17,First Class,Aisha Patel,Home Office,East,Boston,Office Supplies,Art,Art - Model 142,1,0.3,21.97,3.14
3920,ORD-4052,2025-07-06,2025-07-13,Standard Class,Yuki Silva,Corporate,Central,Dallas,Office Supplies,Labels,Labels - Model 374,1,0.1,43.12,16.77
3921,ORD-4053,2024-05-29,2024-06-04,Standard Class,Liam Nguyen,Consumer,Central,Chicago,Office Supplies,Binders,Binders - Model 552,1,0.15,30.02,10.59
3922,ORD-4054,2023-05-26,2023-05-31,Second Class,Priya Rossi,Corporate,South,Miami,Office Supplies,Storage,Storage - Model 176,4,0.2,104.46,32.64
3923,ORD-4055,2025-08-01,2025-08-04,First Class,James Rossi,Corporate,Central,Chicago,Furniture,Chairs,Chairs - Model 887,1,0.15,130.53,10.75
3924,ORD-4056,2024-10-06,2024-10-13,Standard Class,Noah Chen,Consumer,Central,Dallas,Office Supplies,Labels,Labels - Model 939,4,0.0,133.64,60.14
3925,ORD-4056,2024-10-06,2024-10-13,Standard Class,Noah Chen,Consumer,Central,Dallas,Office Supplies,Labels,Labels - Model 500,2,0.15,61.81,21.82
3926,ORD-4057,2025-08-12,2025-08-17,Second Class,Liam Patel,Corporate,South,Charlotte,Furniture,Bookcases,Bookcases - Model 399,1,0.1,3.6,0.48
3927,ORD-4058,2024-11-02,2024-11-03,Same Day,Carlos Khan,Corporate,West,Phoenix,Office Supplies,Labels,Labels - Model 709,2,0.0,47.96,21.58
3928,ORD-4059,2023-08-12,2023-08-19,Standard Class,Wei Okafor,Home Office,East,New York,Office Supplies,Storage,Storage - Model 164,4,0.3,77.59,11.09
3929,ORD-4060,2024-03-14,2024-03-16,First Class,Omar Novak,Home Office,East,New York,Furniture,Furnishings,Furnishings - Model 444,5,0.0,1035.02,227.7
3930,ORD-4061,2025-04-10,2025-04-16,Standard Class,Aisha Chen,Corporate,West,Phoenix,Office Supplies,Paper,Paper - Model 494,4,0.2,92.51,28.91
3931,ORD-4062,2023-08-23,2023-08-30,Standard Class,Aisha Patel,Corporate,West,Phoenix,Office Supplies,Art,Art - Model 493,1,0.1,21.64,8.42
3932,ORD-4063,2023-10-10,2023-10-12,First Class,Carlos Brown,Corporate,West,San Francisco,Furniture,Chairs,Chairs - Model 365,1,0.0,196.11,43.14
3933,ORD-4064,2023-03-17,2023-03-22,Second Class,Noah Nguyen,Consumer,South,Miami,Furniture,Tables,Tables - Model 533,2,0.0,821.11,180.64
3934,ORD-4064,2023-03-17,2023-03-22,Second Class,Noah Nguyen,Consumer,South,Miami,Furniture,Tables,Tables - Model 419,2,0.2,251.37,6.29
3935,ORD-4064,2023-03-17,2023-03-22,Second Class,Noah Nguyen,Consumer,South,Miami,Furniture,Tables,Tables - Model 832,4,0.3,408.08,-75.79
3936,ORD-4065,2025-12-19,2025-12-25,Standard Class,Omar Chen,Consumer,South,Nashville,Technology,Copiers,Copiers - Model 853,2,0.15,748.27,149.65
3937,ORD-4066,2024-03-10,2024-03-17,Standard Class,Carlos Nguyen,Consumer,South,Charlotte,Technology,Accessories,Accessories - Model 818,2,0.0,1047.16,335.09
3938,ORD-4066,2024-03-10,2024-03-17,Standard Class,Carlos Nguyen,Consumer,South,Charlotte,Technology,Accessories,Accessories - Model 495,1,0.1,362.89,88.71
3939,ORD-4067,2024-10-19,2024-10-22,First Class,Fatima Nguyen,Home Office,South,Nashville,Office Supplies,Binders,Binders - Model 551,2,0.0,41.57,18.7
3940,ORD-4068,2023-05-10,2023-05-16,Standard Class,Maria Rossi,Corporate,South,Charlotte,Technology,Phones,Phones - Model 201,1,0.0,608.21,194.63
3941,ORD-4069,2025-01-18,2025-01-22,Second Class,Noah Diaz,Home Office,South,Atlanta,Furniture,Chairs,Chairs - Model 294,4,0.1,1052.26,140.3
3942,ORD-4070,2023-04-28,2023-05-04,Standard Class,Ivy Nguyen,Consumer,Central,Houston,Office Supplies,Art,Art - Model 668,1,0.0,27.19,12.23
3943,ORD-4070,2023-04-28,2023-05-04,Standard Class,Ivy Nguyen,Consumer,Central,Houston,Office Supplies,Art,Art - Model 919,1,0.0,44.77,20.15
3944,ORD-4070,2023-04-28,2023-05-04,Standard Class,Ivy Nguyen,Consumer,Central,Houston,Office Supplies,Art,Art - Model 577,2,0.15,34.43,12.15
3945,ORD-4071,2023-11-30,2023-12-02,First Class,Carlos Patel,Consumer,Central,Chicago,Office Supplies,Labels,Labels - Model 368,2,0.15,44.14,15.58
3946,ORD-4072,2025-04-12,2025-04-18,Standard Class,James Khan,Corporate,Central,Dallas,Office Supplies,Binders,Binders - Model 904,3,0.1,106.99,41.6
3947,ORD-4073,2024-06-16,2024-06-23,Standard Class,Wei Rossi,Consumer,West,Seattle,Office Supplies,Binders,Binders - Model 525,1,0.2,32.3,10.1
3948,ORD-4074,2025-03-09,2025-03-16,Standard Class,Noah Nguyen,Corporate,West,Los Angeles,Office Supplies,Storage,Storage - Model 163,1,0.0,15.5,6.98
3949,ORD-4075,2024-06-12,2024-06-16,Second Class,Priya Müller,Corporate,Central,Houston,Furniture,Chairs,Chairs - Model 918,1,0.0,366.72,80.68
3950,ORD-4076,2024-03-11,2024-03-16,Second Class,Noah Kim,Home Office,South,Nashville,Technology,Copiers,Copiers - Model 113,3,0.15,1146.45,229.29
3951,ORD-4077,2024-05-24,2024-05-27,First Class,James Chen,Corporate,West,Los Angeles,Office Supplies,Binders,Binders - Model 364,3,0.2,96.12,30.04
3952,ORD-4078,2023-02-28,2023-03-06,Standard Class,Wei Khan,Consumer,East,Boston,Office Supplies,Binders,Binders - Model 103,1,0.2,37.79,11.81
3953,ORD-4079,2023-06-18,2023-06-22,Second Class,Noah Garcia,Corporate,South,Charlotte,Office Supplies,Binders,Binders - Model 241,1,0.0,43.29,19.48
3954,ORD-4080,2024-03-09,2024-03-15,Standard Class,Ethan Silva,Consumer,East,Boston,Furniture,Tables,Tables - Model 826,1,0.0,290.9,63.99
3955,ORD-4080,2024-03-09,2024-03-15,Standard Class,Ethan Silva,Consumer,East,Boston,Furniture,Tables,Tables - Model 105,4,0.0,785.95,172.91
3956,ORD-4080,2024-03-09,2024-03-15,Standard Class,Ethan Silva,Consumer,East,Boston,Furniture,Tables,Tables - Model 127,1,0.0,306.22,67.37
3957,ORD-4081,2025-03-07,2025-03-14,Standard Class,Liam Rossi,Corporate,West,Seattle,Office Supplies,Storage,Storage - Model 219,1,0.0,44.91,20.21
3958,ORD-4082,2025-01-18,2025-01-25,Standard Class,Wei Rossi,Consumer,South,Miami,Furniture,Furnishings,Furnishings - Model 563,3,0.0,608.77,133.93
3959,ORD-4083,2023-04-22,2023-04-27,Second Class,Liam Diaz,Consumer,Central,Dallas,Furniture,Chairs,Chairs - Model 609,3,0.0,628.07,138.18
3960,ORD-4084,2024-02-29,2024-03-03,First Class,Liam Rossi,Consumer,East,Philadelphia,Furniture,Bookcases,Bookcases - Model 653,1,0.0,118.24,26.01
3961,ORD-4085,2025-11-25,2025-11-28,First Class,Maria Rossi,Corporate,East,Boston,Office Supplies,Labels,Labels - Model 824,4,0.0,145.02,65.26
3962,ORD-4086,2025-03-06,2025-03-12,Standard Class,Fatima Brown,Consumer,East,Boston,Office Supplies,Labels,Labels - Model 742,1,0.1,52.35,20.36
3963,ORD-4087,2025-01-14,2025-01-20,Standard Class,Priya Novak,Consumer,South,Miami,Office Supplies,Storage,Storage - Model 978,5,0.3,160.65,22.94
3964,ORD-4088,2024-11-06,2024-11-08,First Class,Ethan Diaz,Corporate,Central,Chicago,Technology,Phones,Phones - Model 763,3,0.0,1807.2,578.3
3965,ORD-4089,2025-04-08,2025-04-14,Standard Class,Carlos Chen,Corporate,South,Charlotte,Technology,Phones,Phones - Model 115,4,0.0,774.83,247.95
3966,ORD-4090,2023-12-22,2023-12-26,Second Class,Ethan Müller,Consumer,East,Boston,Office Supplies,Art,Art - Model 959,1,0.0,44.65,20.09
3967,ORD-4091,2024-02-03,2024-02-10,Standard Class,Wei Silva,Consumer,South,Charlotte,Office Supplies,Labels,Labels - Model 703,1,0.15,41.98,14.81
3968,ORD-4092,2025-04-14,2025-04-18,Second Class,Omar Silva,Consumer,Central,Dallas,Office Supplies,Paper,Paper - Model 144,1,0.1,23.58,9.17
3969,ORD-4093,2023-12-17,2023-12-24,Standard Class,Ivy Silva,Corporate,East,Boston,Furniture,Chairs,Chairs - Model 829,4,0.15,1031.41,84.94
3970,ORD-4094,2024-10-08,2024-10-13,Second Class,Ivy Silva,Corporate,South,Atlanta,Technology,Machines,Machines - Model 302,1,0.0,419.54,134.25
3971,ORD-4095,2025-08-01,2025-08-04,First Class,Maria Patel,Consumer,West,Phoenix,Furniture,Chairs,Chairs - Model 269,1,0.3,247.33,-45.94
3972,ORD-4096,2025-05-06,2025-05-13,Standard Class,Noah Kim,Consumer,West,San Francisco,Office Supplies,Paper,Paper - Model 147,4,0.0,148.18,66.68
3973,ORD-4096,2025-05-06,2025-05-13,Standard Class,Noah Kim,Consumer,West,San Francisco,Office Supplies,Paper,Paper - Model 697,5,0.1,207.94,80.87
3974,ORD-4096,2025-05-06,2025-05-13,Standard Class,Noah Kim,Consumer,West,San Francisco,Office Supplies,Paper,Paper - Model 733,4,0.0,110.58,49.76
3975,ORD-4097,2025-10-12,2025-10-19,Standard Class,Carlos Patel,Corporate,West,Seattle,Office Supplies,Art,Art - Model 155,1,0.0,15.56,7.0
3976,ORD-4098,2024-03-20,2024-03-24,Second Class,Aisha Chen,Home Office,South,Atlanta,Technology,Copiers,Copiers - Model 352,5,0.0,1849.17,591.73
3977,ORD-4098,2024-03-20,2024-03-24,Second Class,Aisha Chen,Home Office,South,Atlanta,Technology,Copiers,Copiers - Model 477,4,0.0,1002.88,320.92
3978,ORD-4099,2025-07-17,2025-07-20,First Class,Maria Rossi,Corporate,Central,Chicago,Furniture,Tables,Tables - Model 883,3,0.15,434.98,35.82
3979,ORD-4100,2025-10-05,2025-10-11,Standard Class,Ivy Khan,Consumer,Central,Houston,Office Supplies,Storage,Storage - Model 907,2,0.3,43.36,6.19
3980,ORD-4101,2024-10-18,2024-10-25,Standard Class,James Silva,Home Office,Central,Minneapolis,Technology,Accessories,Accessories - Model 994,2,0.15,692.11,138.42
3981,ORD-4101,2024-10-18,2024-10-25,Standard Class,James Silva,Home Office,Central,Minneapolis,Technology,Accessories,Accessories - Model 169,1,0.1,262.79,64.24
3982,ORD-4102,2023-11-02,2023-11-08,Standard Class,Noah Nguyen,Consumer,West,San Francisco,Technology,Phones,Phones - Model 123,1,0.1,218.7,53.46
3983,ORD-4103,2023-10-22,2023-10-27,Second Class,Maria Kim,Consumer,East,Boston,Technology,Machines,Machines - Model 198,1,0.0,532.77,170.48
3984,ORD-4104,2025-04-22,2025-04-26,Second Class,Ivy Silva,Corporate,Central,Minneapolis,Office Supplies,Art,Art - Model 942,2,0.0,63.37,28.51
3985,ORD-4105,2025-07-16,2025-07-21,Second Class,Priya Novak,Home Office,West,Seattle,Office Supplies,Art,Art - Model 774,1,0.0,38.22,17.2
3986,ORD-4106,2025-08-20,2025-08-27,Standard Class,Aisha Silva,Consumer,South,Atlanta,Office Supplies,Labels,Labels - Model 825,2,0.15,32.91,11.61
3987,ORD-4106,2025-08-20,2025-08-27,Standard Class,Aisha Silva,Consumer,South,Atlanta,Office Supplies,Labels,Labels - Model 144,3,0.0,131.46,59.16
3988,ORD-4107,2023-03-31,2023-03-31,Same Day,Liam Okafor,Consumer,East,Newark,Technology,Copiers,Copiers - Model 747,5,0.2,1118.25,167.74
3989,ORD-4107,2023-03-31,2023-03-31,Same Day,Liam Okafor,Consumer,East,Newark,Technology,Copiers,Copiers - Model 646,1,0.0,215.9,69.09
3990,ORD-4108,2025-11-11,2025-11-13,First Class,Liam Diaz,Consumer,Central,Chicago,Office Supplies,Art,Art - Model 892,1,0.1,34.56,13.44
3991,ORD-4109,2025-10-20,2025-10-26,Standard Class,Fatima Diaz,Consumer,Central,Chicago,Office Supplies,Labels,Labels - Model 550,1,0.0,41.64,18.74
3992,ORD-4109,2025-10-20,2025-10-26,Standard Class,Fatima Diaz,Consumer,Central,Chicago,Office Supplies,Labels,Labels - Model 401,1,0.0,16.81,7.57
3993,ORD-4110,2023-10-12,2023-10-17,Second Class,Fatima Brown,Corporate,South,Charlotte,Office Supplies,Binders,Binders - Model 911,1,0.0,34.95,15.73
3994,ORD-4111,2024-01-20,2024-01-27,Standard Class,Aisha Patel,Consumer,East,Boston,Office Supplies,Art,Art - Model 461,1,0.2,23.72,7.41
3995,ORD-4111,2024-01-20,2024-01-27,Standard Class,Aisha Patel,Consumer,East,Boston,Office Supplies,Art,Art - Model 946,3,0.0,79.34,35.7
3996,ORD-4111,2024-01-20,2024-01-27,Standard Class,Aisha Patel,Consumer,East,Boston,Office Supplies,Art,Art - Model 155,2,0.2,74.99,23.43
3997,ORD-4112,2025-03-05,2025-03-11,Standard Class,Fatima Diaz,Corporate,South,Miami,Office Supplies,Storage,Storage - Model 914,1,0.0,43.95,19.78
3998,ORD-4113,2023-05-19,2023-05-26,Standard Class,Noah Chen,Corporate,East,Boston,Furniture,Tables,Tables - Model 403,1,0.2,216.21,5.4
3999,ORD-4114,2025-08-10,2025-08-16,Standard Class,Priya Müller,Corporate,West,Seattle,Technology,Machines,Machines - Model 418,3,0.0,486.33,155.63
4000,ORD-4115,2025-02-11,2025-02-14,First Class,Wei Nguyen,Consumer,South,Charlotte,Furniture,Furnishings,Furnishings - Model 182,3,0.0,661.77,145.59
4001,ORD-4116,2024-05-10,2024-05-17,Standard Class,Fatima Müller,Corporate,South,Charlotte,Office Supplies,Binders,Binders - Model 701,1,0.3,24.9,3.55
4002,ORD-4117,2024-07-14,2024-07-21,Standard Class,Carlos Patel,Consumer,South,Charlotte,Office Supplies,Storage,Storage - Model 113,1,0.0,17.67,7.95
4003,ORD-4118,2024-11-06,2024-11-13,Standard Class,Priya Okafor,Corporate,West,San Francisco,Technology,Copiers,Copiers - Model 841,4,0.15,1986.91,397.38
4004,ORD-4119,2025-09-05,2025-09-11,Standard Class,Noah Nguyen,Home Office,South,Miami,Furniture,Chairs,Chairs - Model 262,3,0.1,721.63,96.22
4005,ORD-4120,2023-02-22,2023-02-28,Standard Class,Noah Brown,Corporate,East,Boston,Furniture,Bookcases,Bookcases - Model 933,1,0.15,138.14,11.38
4006,ORD-4120,2023-02-22,2023-02-28,Standard Class,Noah Brown,Corporate,East,Boston,Furniture,Bookcases,Bookcases - Model 651,1,0.0,159.3,35.05
4007,ORD-4121,2023-08-22,2023-08-27,Second Class,Wei Brown,Consumer,Central,Chicago,Technology,Copiers,Copiers - Model 281,2,0.1,524.97,128.32
4008,ORD-4121,2023-08-22,2023-08-27,Second Class,Wei Brown,Consumer,Central,Chicago,Technology,Copiers,Copiers - Model 167,3,0.15,1222.99,244.59
4009,ORD-4121,2023-08-22,2023-08-27,Second Class,Wei Brown,Consumer,Central,Chicago,Technology,Copiers,Copiers - Model 274,1,0.2,334.45,50.17
4010,ORD-4122,2025-12-03,2025-12-10,Standard Class,Carlos Patel,Corporate,South,Atlanta,Technology,Accessories,Accessories - Model 702,2,0.0,539.68,172.7
4011,ORD-4123,2023-10-03,2023-10-05,First Class,Fatima Smith,Consumer,West,Seattle,Office Supplies,Art,Art - Model 459,1,0.2,31.99,10.0
4012,ORD-4124,2023-02-14,2023-02-21,Standard Class,Aisha Brown,Consumer,South,Atlanta,Technology,Machines,Machines - Model 176,3,0.0,1124.23,359.76
4013,ORD-4125,2023-10-12,2023-10-14,First Class,Yuki Garcia,Corporate,Central,Chicago,Office Supplies,Binders,Binders - Model 415,1,0.1,28.76,11.18
4014,ORD-4126,2023-03-17,2023-03-24,Standard Class,Liam Novak,Consumer,West,Los Angeles,Technology,Machines,Machines - Model 483,4,0.0,2379.93,761.58
4015,ORD-4127,2024-06-01,2024-06-07,Standard Class,Aisha Kim,Consumer,South,Miami,Technology,Copiers,Copiers - Model 370,1,0.3,337.79,-14.48
4016,ORD-4128,2024-10-01,2024-10-06,Second Class,Noah Diaz,Home Office,West,Phoenix,Furniture,Chairs,Chairs - Model 471,1,0.1,156.68,20.89
4017,ORD-4129,2025-03-07,2025-03-13,Standard Class,Liam Novak,Consumer,South,Miami,Office Supplies,Art,Art - Model 241,4,0.1,141.56,55.05
4018,ORD-4129,2025-03-07,2025-03-13,Standard Class,Liam Novak,Consumer,South,Miami,Office Supplies,Art,Art - Model 109,1,0.0,32.46,14.6
4019,ORD-4129,2025-03-07,2025-03-13,Standard Class,Liam Novak,Consumer,South,Miami,Office Supplies,Art,Art - Model 418,2,0.1,54.4,21.16
4020,ORD-4130,2025-06-05,2025-06-11,Standard Class,Aisha Diaz,Corporate,Central,Houston,Office Supplies,Binders,Binders - Model 883,1,0.2,34.29,10.72
4021,ORD-4131,2023-05-05,2023-05-12,Standard Class,Sofia Chen,Corporate,West,San Francisco,Office Supplies,Labels,Labels - Model 353,2,0.0,92.73,41.73
4022,ORD-4132,2024-03-30,2024-03-30,Same Day,Carlos Patel,Consumer,West,Seattle,Office Supplies,Paper,Paper - Model 366,1,0.0,28.46,12.81
4023,ORD-4133,2024-08-14,2024-08-19,Second Class,Liam Rossi,Corporate,South,Atlanta,Office Supplies,Labels,Labels - Model 518,2,0.0,76.83,34.57
4024,ORD-4133,2024-08-14,2024-08-19,Second Class,Liam Rossi,Corporate,South,Atlanta,Office Supplies,Labels,Labels - Model 956,1,0.0,23.1,10.4
4025,ORD-4133,2024-08-14,2024-08-19,Second Class,Liam Rossi,Corporate,South,Atlanta,Office Supplies,Labels,Labels - Model 913,1,0.0,43.7,19.66
4026,ORD-4134,2025-11-15,2025-11-22,Standard Class,Yuki Garcia,Home Office,West,Seattle,Technology,Accessories,Accessories - Model 880,1,0.2,334.01,50.1
4027,ORD-4135,2024-12-13,2024-12-20,Standard Class,Ivy Diaz,Consumer,West,Seattle,Furniture,Bookcases,Bookcases - Model 677,2,0.15,383.26,31.56
4028,ORD-4136,2024-04-16,2024-04-17,Same Day,Sofia Novak,Home Office,Central,Minneapolis,Furniture,Furnishings,Furnishings - Model 375,2,0.0,396.9,87.32
4029,ORD-4137,2025-04-09,2025-04-16,Standard Class,Sofia Diaz,Home Office,South,Nashville,Furniture,Chairs,Chairs - Model 338,3,0.1,819.98,109.33
4030,ORD-4137,2025-04-09,2025-04-16,Standard Class,Sofia Diaz,Home Office,South,Nashville,Furniture,Chairs,Chairs - Model 568,3,0.1,1033.81,137.84
4031,ORD-4138,2024-06-22,2024-06-25,First Class,Ethan Okafor,Consumer,Central,Chicago,Furniture,Furnishings,Furnishings - Model 264,3,0.15,660.32,54.38
4032,ORD-4139,2025-09-14,2025-09-20,Standard Class,Carlos Khan,Corporate,West,Seattle,Office Supplies,Art,Art - Model 368,2,0.1,91.51,35.59
4033,ORD-4140,2025-04-11,2025-04-15,Second Class,Liam Khan,Consumer,Central,Houston,Technology,Machines,Machines - Model 135,3,0.0,1584.83,507.15
4034,ORD-4141,2023-06-18,2023-06-24,Standard Class,Aisha Smith,Consumer,Central,Chicago,Technology,Accessories,Accessories - Model 931,1,0.3,193.42,-8.29
4035,ORD-4142,2025-01-06,2025-01-12,Standard Class,Liam Rossi,Consumer,West,Seattle,Office Supplies,Art,Art - Model 841,1,0.0,59.95,26.98
4036,ORD-4143,2023-12-16,2023-12-23,Standard Class,Fatima Rossi,Consumer,Central,Minneapolis,Office Supplies,Binders,Binders - Model 916,2,0.1,90.6,35.23
4037,ORD-4143,2023-12-16,2023-12-23,Standard Class,Fatima Rossi,Consumer,Central,Minneapolis,Office Supplies,Binders,Binders - Model 474,2,0.2,26.13,8.16
4038,ORD-4144,2025-04-26,2025-05-03,Standard Class,Sofia Diaz,Consumer,Central,Chicago,Technology,Phones,Phones - Model 992,2,0.0,384.19,122.94
4039,ORD-4144,2025-04-26,2025-05-03,Standard Class,Sofia Diaz,Consumer,Central,Chicago,Technology,Phones,Phones - Model 530,2,0.0,1212.15,387.89
4040,ORD-4144,2025-04-26,2025-05-03,Standard Class,Sofia Diaz,Consumer,Central,Chicago,Technology,Phones,Phones - Model 199,1,0.15,402.63,80.52
4041,ORD-4145,2025-08-05,2025-08-08,First Class,Liam Chen,Consumer,South,Nashville,Office Supplies,Storage,Storage - Model 969,4,0.0,101.66,45.75
4042,ORD-4146,2024-05-30,2024-06-06,Standard Class,Noah Novak,Corporate,West,San Francisco,Technology,Accessories,Accessories - Model 585,2,0.2,620.93,93.14
4043,ORD-4146,2024-05-30,2024-06-06,Standard Class,Noah Novak,Corporate,West,San Francisco,Technology,Accessories,Accessories - Model 581,5,0.1,338.98,82.86
4044,ORD-4147,2025-11-17,2025-11-24,Standard Class,Aisha Diaz,Consumer,West,San Francisco,Office Supplies,Paper,Paper - Model 985,1,0.15,26.69,9.42
4045,ORD-4148,2025-10-10,2025-10-17,Standard Class,Noah Nguyen,Corporate,West,Los Angeles,Technology,Copiers,Copiers - Model 471,2,0.0,878.39,281.08
4046,ORD-4149,2023-01-25,2023-01-30,Second Class,Omar Müller,Consumer,West,Seattle,Office Supplies,Art,Art - Model 148,4,0.0,200.89,90.4
4047,ORD-4150,2023-07-27,2023-08-03,Standard Class,Ethan Garcia,Home Office,Central,Chicago,Office Supplies,Labels,Labels - Model 715,1,0.0,34.7,15.62
4048,ORD-4151,2025-06-20,2025-06-27,Standard Class,Maria Silva,Corporate,South,Atlanta,Technology,Accessories,Accessories - Model 827,3,0.0,1115.67,357.01
4049,ORD-4152,2023-12-18,2023-12-21,First Class,Liam Garcia,Consumer,West,San Francisco,Furniture,Furnishings,Furnishings - Model 761,2,0.0,637.9,140.34
4050,ORD-4153,2025-09-21,2025-09-28,Standard Class,Priya Diaz,Consumer,East,Boston,Office Supplies,Art,Art - Model 471,2,0.0,68.54,30.84
4051,ORD-4154,2025-12-14,2025-12-21,Standard Class,Yuki Silva,Home Office,East,New York,Furniture,Bookcases,Bookcases - Model 413,1,0.1,269.85,35.98
4052,ORD-4155,2023-12-04,2023-12-09,Second Class,Omar Novak,Consumer,Central,Minneapolis,Technology,Phones,Phones - Model 860,1,0.0,554.68,177.5
4053,ORD-4156,2024-09-14,2024-09-16,First Class,Ethan Okafor,Consumer,East,New York,Technology,Phones,Phones - Model 255,1,0.3,309.26,-13.25
4054,ORD-4156,2024-09-14,2024-09-16,First Class,Ethan Okafor,Consumer,East,New York,Technology,Phones,Phones - Model 905,2,0.0,656.36,210.04
4055,ORD-4157,2025-03-16,2025-03-22,Standard Class,Wei Silva,Corporate,West,Seattle,Technology,Accessories,Accessories - Model 655,1,0.0,586.19,187.58
4056,ORD-4158,2024-11-16,2024-11-22,Standard Class,Fatima Okafor,Home Office,Central,Dallas,Technology,Phones,Phones - Model 283,1,0.0,402.84,128.91
4057,ORD-4159,2025-04-17,2025-04-22,Second Class,Wei Brown,Corporate,East,Newark,Office Supplies,Storage,Storage - Model 770,1,0.15,35.7,12.6
4058,ORD-4159,2025-04-17,2025-04-22,Second Class,Wei Brown,Corporate,East,Newark,Office Supplies,Storage,Storage - Model 588,2,0.3,35.15,5.02
4059,ORD-4159,2025-04-17,2025-04-22,Second Class,Wei Brown,Corporate,East,Newark,Office Supplies,Storage,Storage - Model 992,1,0.2,41.69,13.03
4060,ORD-4160,2024-11-17,2024-11-23,Standard Class,Wei Garcia,Consumer,South,Miami,Office Supplies,Paper,Paper - Model 781,3,0.2,73.24,22.89
4061,ORD-4161,2024-10-27,2024-10-30,First Class,Omar Brown,Consumer,East,Philadelphia,Office Supplies,Storage,Storage - Model 633,1,0.15,35.07,12.37
4062,ORD-4162,2023-04-08,2023-04-13,Second Class,Omar Diaz,Corporate,West,San Francisco,Office Supplies,Binders,Binders - Model 499,1,0.3,28.55,4.08
4063,ORD-4163,2023-06-17,2023-06-23,Standard Class,Yuki Müller,Home Office,Central,Minneapolis,Technology,Copiers,Copiers - Model 688,4,0.15,1226.95,245.39
4064,ORD-4164,2023-04-25,2023-05-01,Standard Class,Noah Khan,Consumer,South,Nashville,Furniture,Chairs,Chairs - Model 868,3,0.3,38.84,-7.21
4065,ORD-4165,2023-03-29,2023-04-04,Standard Class,Liam Müller,Consumer,South,Miami,Office Supplies,Labels,Labels - Model 910,1,0.0,25.46,11.46
4066,ORD-4166,2023-11-15,2023-11-19,Second Class,Ethan Brown,Corporate,Central,Dallas,Furniture,Chairs,Chairs - Model 831,5,0.0,1633.27,359.32
4067,ORD-4167,2023-01-01,2023-01-07,Standard Class,Maria Patel,Consumer,South,Atlanta,Office Supplies,Art,Art - Model 270,1,0.0,41.87,18.84
4068,ORD-4168,2023-05-20,2023-05-26,Standard Class,Aisha Rossi,Consumer,East,Philadelphia,Technology,Copiers,Copiers - Model 536,2,0.0,1070.51,342.56
4069,ORD-4169,2025-11-24,2025-11-26,First Class,Wei Müller,Consumer,East,Newark,Office Supplies,Art,Art - Model 869,3,0.1,43.35,16.86
4070,ORD-4169,2025-11-24,2025-11-26,First Class,Wei Müller,Consumer,East,Newark,Office Supplies,Art,Art - Model 656,1,0.1,27.69,10.77
4071,ORD-4170,2024-09-21,2024-09-27,Standard Class,Ivy Silva,Consumer,East,Boston,Office Supplies,Storage,Storage - Model 361,3,0.0,59.77,26.9
4072,ORD-4170,2024-09-21,2024-09-27,Standard Class,Ivy Silva,Consumer,East,Boston,Office Supplies,Storage,Storage - Model 272,1,0.3,26.69,3.81
4073,ORD-4170,2024-09-21,2024-09-27,Standard Class,Ivy Silva,Consumer,East,Boston,Office Supplies,Storage,Storage - Model 817,1,0.15,38.44,13.57
4074,ORD-4171,2025-03-17,2025-03-24,Standard Class,Carlos Smith,Consumer,South,Atlanta,Technology,Copiers,Copiers - Model 940,4,0.0,1332.42,426.38
4075,ORD-4171,2025-03-17,2025-03-24,Standard Class,Carlos Smith,Consumer,South,Atlanta,Technology,Copiers,Copiers - Model 195,3,0.0,1304.35,417.39
4076,ORD-4171,2025-03-17,2025-03-24,Standard Class,Carlos Smith,Consumer,South,Atlanta,Technology,Copiers,Copiers - Model 320,2,0.4,459.31,-99.52
4077,ORD-4172,2025-07-24,2025-07-29,Second Class,Sofia Rossi,Consumer,South,Nashville,Office Supplies,Paper,Paper - Model 364,1,0.1,29.36,11.42
4078,ORD-4173,2023-11-30,2023-12-02,First Class,Omar Brown,Corporate,East,Philadelphia,Office Supplies,Binders,Binders - Model 855,4,0.1,189.17,73.56
4079,ORD-4174,2025-11-06,2025-11-12,Standard Class,Aisha Garcia,Consumer,South,Miami,Office Supplies,Storage,Storage - Model 207,1,0.0,33.45,15.05
4080,ORD-4175,2025-02-07,2025-02-14,Standard Class,Ethan Silva,Consumer,South,Charlotte,Furniture,Furnishings,Furnishings - Model 528,4,0.1,14.4,1.92
4081,ORD-4175,2025-02-07,2025-02-14,Standard Class,Ethan Silva,Consumer,South,Charlotte,Furniture,Furnishings,Furnishings - Model 791,4,0.0,1181.96,260.03
4082,ORD-4176,2024-04-06,2024-04-11,Second Class,Aisha Müller,Consumer,Central,Houston,Technology,Phones,Phones - Model 460,3,0.1,1610.49,393.67
4083,ORD-4176,2024-04-06,2024-04-11,Second Class,Aisha Müller,Consumer,Central,Houston,Technology,Phones,Phones - Model 380,3,0.0,1361.01,435.52
4084,ORD-4176,2024-04-06,2024-04-11,Second Class,Aisha Müller,Consumer,Central,Houston,Technology,Phones,Phones - Model 634,1,0.1,272.37,66.58
4085,ORD-4177,2023-11-08,2023-11-15,Standard Class,Ethan Khan,Corporate,West,Phoenix,Office Supplies,Labels,Labels - Model 171,1,0.0,4.0,1.8
4086,ORD-4178,2024-12-21,2024-12-27,Standard Class,Noah Diaz,Corporate,Central,Dallas,Office Supplies,Art,Art - Model 459,1,0.1,27.16,10.56
4087,ORD-4179,2025-09-21,2025-09-23,First Class,Priya Rossi,Consumer,East,Boston,Furniture,Furnishings,Furnishings - Model 109,4,0.2,897.14,22.43
4088,ORD-4179,2025-09-21,2025-09-23,First Class,Priya Rossi,Consumer,East,Boston,Furniture,Furnishings,Furnishings - Model 366,4,0.0,495.07,108.92
4089,ORD-4180,2023-10-30,2023-11-02,First Class,Maria Nguyen,Consumer,South,Nashville,Office Supplies,Storage,Storage - Model 511,2,0.0,93.83,42.22
4090,ORD-4180,2023-10-30,2023-11-02,First Class,Maria Nguyen,Consumer,South,Nashville,Office Supplies,Storage,Storage - Model 920,2,0.0,29.73,13.38
4091,ORD-4181,2024-08-25,2024-09-01,Standard Class,Ethan Silva,Corporate,Central,Minneapolis,Office Supplies,Labels,Labels - Model 661,3,0.3,61.62,8.8
4092,ORD-4182,2025-06-30,2025-07-07,Standard Class,Aisha Khan,Corporate,Central,Houston,Office Supplies,Binders,Binders - Model 658,2,0.4,32.62,0.0
4093,ORD-4183,2025-07-10,2025-07-17,Standard Class,Carlos Garcia,Corporate,East,New York,Office Supplies,Labels,Labels - Model 663,2,0.1,100.92,39.25
4094,ORD-4183,2025-07-10,2025-07-17,Standard Class,Carlos Garcia,Corporate,East,New York,Office Supplies,Labels,Labels - Model 578,1,0.15,27.45,9.69
4095,ORD-4184,2023-06-13,2023-06-19,Standard Class,Yuki Chen,Consumer,South,Nashville,Office Supplies,Art,Art - Model 606,1,0.0,40.35,18.16
4096,ORD-4185,2023-12-13,2023-12-19,Standard Class,Omar Diaz,Consumer,East,Newark,Office Supplies,Paper,Paper - Model 555,2,0.3,47.71,6.81
4097,ORD-4186,2025-09-04,2025-09-11,Standard Class,Carlos Silva,Home Office,West,Phoenix,Furniture,Furnishings,Furnishings - Model 272,2,0.0,331.03,72.82
4098,ORD-4187,2023-05-10,2023-05-16,Standard Class,Fatima Müller,Corporate,West,Phoenix,Office Supplies,Art,Art - Model 695,1,0.15,32.72,11.55
4099,ORD-4188,2024-08-25,2024-09-01,Standard Class,Ivy Patel,Consumer,South,Atlanta,Furniture,Bookcases,Bookcases - Model 699,1,0.0,123.61,27.2
4100,ORD-4189,2023-04-05,2023-04-08,First Class,Liam Silva,Consumer,Central,Dallas,Furniture,Bookcases,Bookcases - Model 936,1,0.1,148.65,19.82
4101,ORD-4190,2024-02-24,2024-03-02,Standard Class,Maria Nguyen,Consumer,Central,Minneapolis,Office Supplies,Paper,Paper - Model 931,2,0.0,106.61,47.98
4102,ORD-4191,2023-06-18,2023-06-25,Standard Class,Ethan Khan,Consumer,Central,Minneapolis,Office Supplies,Storage,Storage - Model 485,1,0.15,22.48,7.93
4103,ORD-4192,2024-12-22,2024-12-29,Standard Class,Omar Novak,Consumer,Central,Chicago,Technology,Phones,Phones - Model 651,2,0.1,1008.32,246.48
4104,ORD-4193,2024-12-21,2024-12-28,Standard Class,Ivy Smith,Corporate,West,San Francisco,Technology,Phones,Phones - Model 493,1,0.4,355.45,-77.02
4105,ORD-4194,2023-01-26,2023-01-28,First Class,Wei Kim,Consumer,East,Philadelphia,Office Supplies,Paper,Paper - Model 523,3,0.0,184.38,82.97
4106,ORD-4195,2025-02-02,2025-02-07,Second Class,Liam Okafor,Consumer,East,Newark,Office Supplies,Labels,Labels - Model 665,5,0.0,60.08,27.04
4107,ORD-4196,2023-08-24,2023-08-26,First Class,Ivy Nguyen,Consumer,East,Boston,Office Supplies,Labels,Labels - Model 930,1,0.1,15.83,6.16
4108,ORD-4196,2023-08-24,2023-08-26,First Class,Ivy Nguyen,Consumer,East,Boston,Office Supplies,Labels,Labels - Model 209,1,0.1,13.26,5.16
4109,ORD-4197,2025-10-04,2025-10-11,Standard Class,Wei Kim,Corporate,South,Atlanta,Technology,Accessories,Accessories - Model 453,2,0.15,501.51,100.3
4110,ORD-4198,2025-12-13,2025-12-16,First Class,Priya Okafor,Home Office,West,San Francisco,Office Supplies,Binders,Binders - Model 839,3,0.15,105.71,37.31
4111,ORD-4199,2025-12-01,2025-12-03,First Class,Yuki Müller,Consumer,East,New York,Technology,Copiers,Copiers - Model 277,1,0.1,310.64,75.94
4112,ORD-4200,2024-01-18,2024-01-21,First Class,Fatima Novak,Consumer,Central,Dallas,Office Supplies,Binders,Binders - Model 946,3,0.1,85.72,33.34
4113,ORD-4201,2023-10-04,2023-10-08,Second Class,Aisha Kim,Corporate,East,Boston,Office Supplies,Binders,Binders - Model 211,1,0.2,23.22,7.26
4114,ORD-4202,2024-12-06,2024-12-08,First Class,Priya Novak,Home Office,East,Philadelphia,Office Supplies,Binders,Binders - Model 517,3,0.1,102.46,39.85
4115,ORD-4203,2025-05-21,2025-05-25,Second Class,Omar Müller,Consumer,Central,Minneapolis,Office Supplies,Art,Art - Model 210,2,0.1,74.55,28.99
4116,ORD-4204,2024-12-09,2024-12-15,Standard Class,Yuki Silva,Home Office,West,San Francisco,Office Supplies,Art,Art - Model 460,2,0.0,57.48,25.87
4117,ORD-4205,2024-07-14,2024-07-19,Second Class,Fatima Silva,Consumer,East,Philadelphia,Office Supplies,Labels,Labels - Model 863,2,0.0,68.63,30.88
4118,ORD-4206,2025-10-13,2025-10-20,Standard Class,Wei Novak,Consumer,West,Phoenix,Furniture,Bookcases,Bookcases - Model 410,4,0.4,729.67,-279.71
4119,ORD-4207,2023-07-24,2023-07-31,Standard Class,Wei Kim,Corporate,Central,Houston,Technology,Machines,Machines - Model 725,3,0.0,239.95,76.78
4120,ORD-4208,2025-05-09,2025-05-13,Second Class,Fatima Silva,Home Office,Central,Houston,Technology,Accessories,Accessories - Model 260,1,0.1,435.66,106.5
4121,ORD-4209,2025-10-17,2025-10-20,First Class,Liam Smith,Corporate,Central,Minneapolis,Furniture,Tables,Tables - Model 692,2,0.0,603.02,132.67
4122,ORD-4210,2023-05-27,2023-06-02,Standard Class,Priya Okafor,Home Office,Central,Houston,Office Supplies,Storage,Storage - Model 393,1,0.2,20.59,6.43
4123,ORD-4210,2023-05-27,2023-06-02,Standard Class,Priya Okafor,Home Office,Central,Houston,Office Supplies,Storage,Storage - Model 314,1,0.0,15.98,7.19
4124,ORD-4211,2023-11-13,2023-11-19,Standard Class,Noah Kim,Home Office,East,Boston,Office Supplies,Paper,Paper - Model 568,2,0.0,117.47,52.86
4125,ORD-4212,2024-10-29,2024-11-05,Standard Class,Wei Rossi,Consumer,West,Phoenix,Technology,Machines,Machines - Model 260,1,0.0,540.56,172.98
4126,ORD-4213,2023-07-24,2023-07-24,Same Day,Wei Nguyen,Consumer,South,Atlanta,Office Supplies,Paper,Paper - Model 189,2,0.1,59.06,22.97
4127,ORD-4214,2023-04-18,2023-04-25,Standard Class,Ivy Brown,Home Office,East,Boston,Office Supplies,Binders,Binders - Model 301,1,0.0,24.46,11.01
4128,ORD-4215,2024-08-02,2024-08-09,Standard Class,Ivy Smith,Consumer,Central,Dallas,Office Supplies,Art,Art - Model 822,1,0.15,36.35,12.83
4129,ORD-4216,2024-12-30,2025-01-05,Standard Class,Aisha Brown,Corporate,West,Phoenix,Technology,Copiers,Copiers - Model 511,2,0.15,726.43,145.29
4130,ORD-4217,2023-12-03,2023-12-04,Same Day,Priya Chen,Home Office,South,Charlotte,Office Supplies,Art,Art - Model 797,5,0.1,216.61,84.24
4131,ORD-4218,2024-01-13,2024-01-19,Standard Class,Sofia Rossi,Corporate,South,Nashville,Office Supplies,Storage,Storage - Model 651,2,0.0,64.73,29.13
4132,ORD-4219,2025-03-20,2025-03-24,Second Class,Omar Garcia,Corporate,East,Newark,Technology,Phones,Phones - Model 555,1,0.0,210.52,67.37
4133,ORD-4220,2023-05-19,2023-05-21,First Class,Yuki Diaz,Corporate,Central,Chicago,Furniture,Tables,Tables - Model 724,2,0.0,497.77,109.51
4134,ORD-4221,2025-03-13,2025-03-20,Standard Class,Aisha Diaz,Consumer,West,Los Angeles,Office Supplies,Binders,Binders - Model 327,1,0.0,31.27,14.07
4135,ORD-4222,2023-04-21,2023-04-28,Standard Class,Ethan Nguyen,Consumer,East,Philadelphia,Technology,Accessories,Accessories - Model 424,1,0.0,351.22,112.39
4136,ORD-4223,2025-03-02,2025-03-08,Standard Class,Maria Silva,Home Office,West,San Francisco,Office Supplies,Storage,Storage - Model 489,1,0.0,41.62,18.73
4137,ORD-4224,2023-09-27,2023-10-02,Second Class,Fatima Smith,Consumer,Central,Minneapolis,Office Supplies,Labels,Labels - Model 191,2,0.1,9.45,3.67
4138,ORD-4224,2023-09-27,2023-10-02,Second Class,Fatima Smith,Consumer,Central,Minneapolis,Office Supplies,Labels,Labels - Model 200,2,0.3,47.19,6.74
4139,ORD-4225,2025-04-24,2025-04-30,Standard Class,Priya Khan,Consumer,East,Boston,Furniture,Furnishings,Furnishings - Model 943,2,0.1,359.29,47.91
4140,ORD-4226,2023-08-03,2023-08-10,Standard Class,Omar Silva,Corporate,East,Philadelphia,Office Supplies,Paper,Paper - Model 616,2,0.15,63.09,22.27
4141,ORD-4227,2024-06-24,2024-06-30,Standard Class,Sofia Müller,Consumer,Central,Dallas,Furniture,Furnishings,Furnishings - Model 559,1,0.1,294.78,39.31
4142,ORD-4228,2024-01-31,2024-02-02,First Class,Ivy Chen,Corporate,South,Nashville,Office Supplies,Storage,Storage - Model 794,1,0.0,20.39,9.17
4143,ORD-4228,2024-01-31,2024-02-02,First Class,Ivy Chen,Corporate,South,Nashville,Office Supplies,Storage,Storage - Model 751,1,0.1,36.07,14.03
4144,ORD-4229,2023-08-29,2023-09-03,Second Class,Noah Silva,Consumer,South,Nashville,Office Supplies,Paper,Paper - Model 320,1,0.15,11.05,3.9
4145,ORD-4230,2023-09-17,2023-09-23,Standard Class,Maria Garcia,Consumer,East,Newark,Office Supplies,Binders,Binders - Model 420,1,0.0,39.66,17.84
4146,ORD-4231,2024-02-25,2024-03-02,Standard Class,Fatima Garcia,Consumer,West,Los Angeles,Furniture,Furnishings,Furnishings - Model 544,1,0.0,203.41,44.75
4147,ORD-4232,2023-06-09,2023-06-13,Second Class,Aisha Patel,Corporate,East,Newark,Office Supplies,Storage,Storage - Model 668,2,0.0,46.41,20.88
4148,ORD-4233,2025-08-23,2025-08-29,Standard Class,Fatima Smith,Home Office,Central,Minneapolis,Office Supplies,Art,Art - Model 287,2,0.3,54.26,7.75
4149,ORD-4234,2023-11-14,2023-11-21,Standard Class,Maria Patel,Home Office,East,Philadelphia,Technology,Phones,Phones - Model 534,1,0.0,508.5,162.72
4150,ORD-4235,2024-10-01,2024-10-08,Standard Class,Noah Silva,Home Office,West,San Francisco,Office Supplies,Binders,Binders - Model 464,5,0.3,58.47,8.35
4151,ORD-4235,2024-10-01,2024-10-08,Standard Class,Noah Silva,Home Office,West,San Francisco,Office Supplies,Binders,Binders - Model 766,2,0.2,41.13,12.85
4152,ORD-4235,2024-10-01,2024-10-08,Standard Class,Noah Silva,Home Office,West,San Francisco,Office Supplies,Binders,Binders - Model 391,1,0.0,24.59,11.06
4153,ORD-4236,2023-05-30,2023-06-05,Standard Class,Priya Khan,Home Office,West,Phoenix,Technology,Accessories,Accessories - Model 696,1,0.1,287.06,70.17
4154,ORD-4237,2025-07-22,2025-07-24,First Class,Aisha Patel,Consumer,South,Nashville,Office Supplies,Storage,Storage - Model 476,3,0.1,72.73,28.28
4155,ORD-4237,2025-07-22,2025-07-24,First Class,Aisha Patel,Consumer,South,Nashville,Office Supplies,Storage,Storage - Model 208,1,0.1,38.17,14.84
4156,ORD-4237,2025-07-22,2025-07-24,First Class,Aisha Patel,Consumer,South,Nashville,Office Supplies,Storage,Storage - Model 611,4,0.0,119.31,53.69
4157,ORD-4238,2024-02-06,2024-02-13,Standard Class,Noah Patel,Home Office,South,Charlotte,Office Supplies,Labels,Labels - Model 691,1,0.0,26.6,11.97
4158,ORD-4238,2024-02-06,2024-02-13,Standard Class,Noah Patel,Home Office,South,Charlotte,Office Supplies,Labels,Labels - Model 868,1,0.1,51.39,19.99
4159,ORD-4238,2024-02-06,2024-02-13,Standard Class,Noah Patel,Home Office,South,Charlotte,Office Supplies,Labels,Labels - Model 763,1,0.0,22.48,10.12
4160,ORD-4239,2023-09-09,2023-09-16,Standard Class,Priya Patel,Corporate,West,Seattle,Office Supplies,Storage,Storage - Model 446,2,0.0,50.28,22.62
4161,ORD-4240,2023-07-08,2023-07-15,Standard Class,James Garcia,Consumer,East,Boston,Technology,Phones,Phones - Model 634,2,0.0,1070.51,342.57
4162,ORD-4240,2023-07-08,2023-07-15,Standard Class,James Garcia,Consumer,East,Boston,Technology,Phones,Phones - Model 186,1,0.0,582.11,186.28
4163,ORD-4241,2025-02-09,2025-02-16,Standard Class,Maria Müller,Home Office,South,Miami,Technology,Copiers,Copiers - Model 373,3,0.3,1144.29,-49.03
4164,ORD-4242,2023-11-01,2023-11-07,Standard Class,Carlos Brown,Consumer,South,Miami,Office Supplies,Art,Art - Model 869,5,0.0,103.89,46.75
4165,ORD-4243,2025-11-07,2025-11-13,Standard Class,Ethan Rossi,Consumer,South,Charlotte,Furniture,Chairs,Chairs - Model 956,1,0.0,189.1,41.6
4166,ORD-4243,2025-11-07,2025-11-13,Standard Class,Ethan Rossi,Consumer,South,Charlotte,Furniture,Chairs,Chairs - Model 609,2,0.0,317.81,69.91
4167,ORD-4243,2025-11-07,2025-11-13,Standard Class,Ethan Rossi,Consumer,South,Charlotte,Furniture,Chairs,Chairs - Model 439,5,0.0,898.26,197.62
4168,ORD-4244,2025-07-19,2025-07-25,Standard Class,Fatima Rossi,Consumer,Central,Dallas,Technology,Phones,Phones - Model 365,1,0.15,200.02,40.0
4169,ORD-4245,2024-12-16,2024-12-22,Standard Class,Noah Nguyen,Consumer,Central,Houston,Furniture,Chairs,Chairs - Model 409,1,0.4,132.72,-50.87
4170,ORD-4245,2024-12-16,2024-12-22,Standard Class,Noah Nguyen,Consumer,Central,Houston,Furniture,Chairs,Chairs - Model 771,1,0.1,239.67,31.95
4171,ORD-4245,2024-12-16,2024-12-22,Standard Class,Noah Nguyen,Consumer,Central,Houston,Furniture,Chairs,Chairs - Model 112,1,0.1,130.63,17.42
4172,ORD-4246,2024-06-09,2024-06-16,Standard Class,James Chen,Consumer,South,Nashville,Technology,Copiers,Copiers - Model 511,3,0.15,1209.83,241.97
4173,ORD-4247,2025-04-12,2025-04-14,First Class,Liam Patel,Home Office,East,Philadelphia,Office Supplies,Labels,Labels - Model 596,2,0.1,71.75,27.9
4174,ORD-4248,2025-10-06,2025-10-12,Standard Class,Aisha Silva,Corporate,East,Boston,Furniture,Chairs,Chairs - Model 891,1,0.1,239.29,31.9
4175,ORD-4249,2024-02-02,2024-02-09,Standard Class,Ethan Silva,Corporate,South,Atlanta,Office Supplies,Binders,Binders - Model 664,1,0.0,30.36,13.66
4176,ORD-4250,2023-02-07,2023-02-13,Standard Class,Carlos Diaz,Corporate,Central,Minneapolis,Furniture,Furnishings,Furnishings - Model 654,1,0.4,181.68,-69.64
4177,ORD-4251,2025-05-20,2025-05-26,Standard Class,Omar Silva,Consumer,South,Charlotte,Furniture,Bookcases,Bookcases - Model 921,1,0.0,18.43,4.05
4178,ORD-4252,2024-02-17,2024-02-24,Standard Class,Fatima Smith,Consumer,Central,Chicago,Furniture,Chairs,Chairs - Model 589,1,0.0,183.28,40.32
4179,ORD-4253,2023-01-27,2023-01-30,First Class,Omar Garcia,Corporate,West,San Francisco,Office Supplies,Binders,Binders - Model 280,1,0.3,18.9,2.7
4180,ORD-4253,2023-01-27,2023-01-30,First Class,Omar Garcia,Corporate,West,San Francisco,Office Supplies,Binders,Binders - Model 436,1,0.2,8.1,2.53
4181,ORD-4253,2023-01-27,2023-01-30,First Class,Omar Garcia,Corporate,West,San Francisco,Office Supplies,Binders,Binders - Model 109,1,0.0,46.76,21.04
4182,ORD-4254,2024-09-02,2024-09-09,Standard Class,James Okafor,Home Office,Central,Dallas,Office Supplies,Paper,Paper - Model 424,2,0.4,61.48,0.0
4183,ORD-4255,2023-06-09,2023-06-15,Standard Class,Sofia Okafor,Consumer,South,Atlanta,Office Supplies,Paper,Paper - Model 178,1,0.0,37.31,16.79
4184,ORD-4256,2024-04-01,2024-04-01,Same Day,James Garcia,Consumer,West,Phoenix,Technology,Copiers,Copiers - Model 803,2,0.3,284.41,-12.19
4185,ORD-4257,2023-11-14,2023-11-14,Same Day,Carlos Brown,Consumer,South,Atlanta,Office Supplies,Art,Art - Model 886,1,0.15,14.44,5.09
4186,ORD-4258,2024-12-03,2024-12-09,Standard Class,Yuki Silva,Corporate,Central,Houston,Office Supplies,Storage,Storage - Model 717,2,0.1,49.82,19.38
4187,ORD-4259,2025-07-09,2025-07-14,Second Class,Priya Rossi,Consumer,East,Newark,Technology,Machines,Machines - Model 723,2,0.0,979.92,313.58
4188,ORD-4260,2025-08-04,2025-08-10,Standard Class,Fatima Novak,Consumer,East,Philadelphia,Office Supplies,Binders,Binders - Model 307,1,0.0,37.9,17.06
4189,ORD-4261,2024-07-08,2024-07-14,Standard Class,Liam Silva,Consumer,South,Charlotte,Office Supplies,Binders,Binders - Model 170,4,0.1,107.95,41.98
4190,ORD-4261,2024-07-08,2024-07-14,Standard Class,Liam Silva,Consumer,South,Charlotte,Office Supplies,Binders,Binders - Model 822,2,0.0,36.34,16.35
4191,ORD-4261,2024-07-08,2024-07-14,Standard Class,Liam Silva,Consumer,South,Charlotte,Office Supplies,Binders,Binders - Model 383,4,0.15,157.54,55.6
4192,ORD-4262,2023-04-07,2023-04-12,Second Class,Aisha Chen,Corporate,East,Newark,Office Supplies,Paper,Paper - Model 155,1,0.4,14.09,0.0
4193,ORD-4262,2023-04-07,2023-04-12,Second Class,Aisha Chen,Corporate,East,Newark,Office Supplies,Paper,Paper - Model 552,2,0.15,39.64,13.99
4194,ORD-4263,2024-01-21,2024-01-27,Standard Class,Liam Patel,Consumer,Central,Chicago,Office Supplies,Paper,Paper - Model 410,1,0.1,9.9,3.85
4195,ORD-4264,2023-09-28,2023-10-02,Second Class,Wei Khan,Corporate,South,Charlotte,Office Supplies,Storage,Storage - Model 764,1,0.0,44.03,19.82
4196,ORD-4265,2024-10-24,2024-10-30,Standard Class,Maria Rossi,Corporate,East,Philadelphia,Office Supplies,Binders,Binders - Model 541,1,0.2,24.89,7.78
4197,ORD-4265,2024-10-24,2024-10-30,Standard Class,Maria Rossi,Corporate,East,Philadelphia,Office Supplies,Binders,Binders - Model 508,5,0.15,174.2,61.48
4198,ORD-4265,2024-10-24,2024-10-30,Standard Class,Maria Rossi,Corporate,East,Philadelphia,Office Supplies,Binders,Binders - Model 750,1,0.3,15.61,2.22
4199,ORD-4266,2025-12-24,2025-12-31,Standard Class,Liam Nguyen,Consumer,West,San Francisco,Office Supplies,Storage,Storage - Model 838,1,0.0,27.56,12.4
4200,ORD-4266,2025-12-24,2025-12-31,Standard Class,Liam Nguyen,Consumer,West,San Francisco,Office Supplies,Storage,Storage - Model 775,1,0.4,8.79,0.0
4201,ORD-4267,2025-06-25,2025-07-01,Standard Class,Maria Novak,Home Office,West,Phoenix,Office Supplies,Art,Art - Model 881,1,0.2,18.79,5.87
4202,ORD-4268,2025-01-16,2025-01-16,Same Day,Ethan Silva,Consumer,East,Newark,Technology,Machines,Machines - Model 121,5,0.0,1899.78,607.93
4203,ORD-4269,2024-01-15,2024-01-21,Standard Class,Aisha Garcia,Corporate,South,Nashville,Office Supplies,Storage,Storage - Model 294,1,0.4,12.26,0.0
4204,ORD-4270,2024-03-01,2024-03-08,Standard Class,Fatima Rossi,Corporate,South,Atlanta,Office Supplies,Binders,Binders - Model 610,2,0.0,98.1,44.15
4205,ORD-4271,2023-01-24,2023-01-31,Standard Class,Ethan Garcia,Corporate,Central,Dallas,Office Supplies,Labels,Labels - Model 136,5,0.0,136.46,61.4
4206,ORD-4272,2025-04-26,2025-05-03,Standard Class,Yuki Smith,Consumer,East,Newark,Office Supplies,Labels,Labels - Model 143,1,0.0,43.37,19.52
4207,ORD-4273,2023-12-18,2023-12-25,Standard Class,Wei Rossi,Consumer,West,Phoenix,Office Supplies,Storage,Storage - Model 555,1,0.2,39.71,12.41
4208,ORD-4274,2023-04-23,2023-04-30,Standard Class,Fatima Müller,Home Office,West,San Francisco,Technology,Copiers,Copiers - Model 602,1,0.1,294.09,71.89
4209,ORD-4275,2025-12-30,2026-01-04,Second Class,Noah Smith,Consumer,West,Phoenix,Office Supplies,Paper,Paper - Model 962,1,0.0,28.5,12.83
4210,ORD-4276,2025-04-26,2025-05-03,Standard Class,Priya Khan,Consumer,South,Miami,Furniture,Chairs,Chairs - Model 872,3,0.1,610.3,81.38
4211,ORD-4277,2024-06-11,2024-06-18,Standard Class,Priya Okafor,Home Office,West,Los Angeles,Office Supplies,Paper,Paper - Model 859,1,0.1,40.51,15.75
4212,ORD-4278,2025-11-17,2025-11-23,Standard Class,Aisha Smith,Consumer,East,Philadelphia,Office Supplies,Paper,Paper - Model 934,1,0.0,34.93,15.72
4213,ORD-4279,2023-12-20,2023-12-26,Standard Class,Fatima Silva,Corporate,East,Philadelphia,Technology,Phones,Phones - Model 153,1,0.0,291.47,93.27
4214,ORD-4280,2023-09-09,2023-09-16,Standard Class,Noah Novak,Consumer,West,Seattle,Technology,Phones,Phones - Model 500,1,0.0,446.81,142.98
4215,ORD-4281,2023-10-12,2023-10-19,Standard Class,Maria Brown,Consumer,East,Boston,Furniture,Furnishings,Furnishings - Model 811,2,0.0,641.24,141.08
4216,ORD-4281,2023-10-12,2023-10-19,Standard Class,Maria Brown,Consumer,East,Boston,Furniture,Furnishings,Furnishings - Model 721,1,0.3,239.03,-44.39
4217,ORD-4281,2023-10-12,2023-10-19,Standard Class,Maria Brown,Consumer,East,Boston,Furniture,Furnishings,Furnishings - Model 703,3,0.0,689.91,151.78
4218,ORD-4282,2023-03-06,2023-03-09,First Class,Fatima Khan,Consumer,Central,Minneapolis,Office Supplies,Paper,Paper - Model 868,5,0.2,48.81,15.25
4219,ORD-4282,2023-03-06,2023-03-09,First Class,Fatima Khan,Consumer,Central,Minneapolis,Office Supplies,Paper,Paper - Model 345,2,0.0,43.3,19.49
4220,ORD-4283,2023-07-12,2023-07-18,Standard Class,Fatima Garcia,Consumer,South,Charlotte,Furniture,Chairs,Chairs - Model 576,2,0.4,379.92,-145.64
4221,ORD-4284,2025-10-02,2025-10-07,Second Class,Priya Diaz,Consumer,East,Boston,Furniture,Tables,Tables - Model 944,4,0.0,292.13,64.27
4222,ORD-4285,2023-09-16,2023-09-20,Second Class,Ivy Silva,Consumer,South,Charlotte,Office Supplies,Paper,Paper - Model 921,1,0.15,21.19,7.48
4223,ORD-4286,2025-06-06,2025-06-13,Standard Class,Maria Silva,Corporate,Central,Chicago,Office Supplies,Binders,Binders - Model 497,1,0.0,28.01,12.6
4224,ORD-4287,2025-12-11,2025-12-18,Standard Class,Ivy Brown,Consumer,Central,Chicago,Office Supplies,Binders,Binders - Model 470,2,0.15,48.53,17.13
4225,ORD-4288,2025-11-17,2025-11-24,Standard Class,Wei Kim,Home Office,Central,Houston,Office Supplies,Art,Art - Model 929,1,0.0,20.36,9.16
4226,ORD-4289,2024-04-13,2024-04-19,Standard Class,Fatima Müller,Corporate,West,Los Angeles,Office Supplies,Paper,Paper - Model 896,3,0.1,153.14,59.55
4227,ORD-4290,2023-12-18,2023-12-24,Standard Class,Wei Chen,Home Office,Central,Houston,Office Supplies,Storage,Storage - Model 728,4,0.15,135.91,47.97
4228,ORD-4291,2025-11-29,2025-12-04,Second Class,Omar Khan,Home Office,South,Charlotte,Office Supplies,Art,Art - Model 221,1,0.2,14.96,4.68
4229,ORD-4292,2023-07-31,2023-08-04,Second Class,Yuki Diaz,Consumer,Central,Minneapolis,Technology,Phones,Phones - Model 138,4,0.15,1426.21,285.24
4230,ORD-4293,2024-11-08,2024-11-15,Standard Class,Fatima Rossi,Corporate,West,Phoenix,Office Supplies,Paper,Paper - Model 930,3,0.0,95.44,42.95
4231,ORD-4294,2023-05-13,2023-05-15,First Class,Aisha Brown,Corporate,West,Phoenix,Office Supplies,Labels,Labels - Model 891,4,0.1,76.22,29.64
4232,ORD-4295,2023-01-22,2023-01-25,First Class,Maria Garcia,Consumer,South,Nashville,Furniture,Chairs,Chairs - Model 302,2,0.1,37.61,5.02
4233,ORD-4296,2023-10-09,2023-10-10,Same Day,James Rossi,Corporate,West,Seattle,Furniture,Chairs,Chairs - Model 634,1,0.0,351.25,77.28
4234,ORD-4296,2023-10-09,2023-10-10,Same Day,James Rossi,Corporate,West,Seattle,Furniture,Chairs,Chairs - Model 608,1,0.0,223.57,49.19
4235,ORD-4296,2023-10-09,2023-10-10,Same Day,James Rossi,Corporate,West,Seattle,Furniture,Chairs,Chairs - Model 925,3,0.1,501.75,66.9
4236,ORD-4297,2023-03-14,2023-03-18,Second Class,Fatima Novak,Consumer,East,Boston,Office Supplies,Storage,Storage - Model 591,4,0.15,96.62,34.1
4237,ORD-4298,2023-10-12,2023-10-19,Standard Class,Aisha Silva,Corporate,South,Atlanta,Office Supplies,Labels,Labels - Model 982,1,0.0,41.69,18.76
4238,ORD-4299,2025-10-23,2025-10-26,First Class,Ivy Chen,Consumer,Central,Houston,Furniture,Chairs,Chairs - Model 589,1,0.0,150.75,33.16
4239,ORD-4300,2023-10-20,2023-10-26,Standard Class,Yuki Brown,Corporate,South,Charlotte,Office Supplies,Binders,Binders - Model 744,3,0.0,149.8,67.41
4240,ORD-4301,2023-05-31,2023-06-05,Second Class,Sofia Okafor,Corporate,East,Newark,Furniture,Bookcases,Bookcases - Model 172,1,0.1,110.15,14.69
4241,ORD-4302,2024-10-26,2024-11-02,Standard Class,Noah Khan,Consumer,West,San Francisco,Office Supplies,Labels,Labels - Model 993,1,0.15,25.93,9.15
4242,ORD-4302,2024-10-26,2024-11-02,Standard Class,Noah Khan,Consumer,West,San Francisco,Office Supplies,Labels,Labels - Model 533,5,0.0,189.7,85.36
4243,ORD-4303,2023-04-15,2023-04-18,First Class,Ivy Okafor,Consumer,East,Boston,Furniture,Furnishings,Furnishings - Model 941,2,0.0,435.38,95.78
4244,ORD-4304,2023-02-13,2023-02-19,Standard Class,James Novak,Corporate,South,Miami,Furniture,Furnishings,Furnishings - Model 910,4,0.4,768.91,-294.75
4245,ORD-4305,2024-09-07,2024-09-11,Second Class,Fatima Rossi,Consumer,South,Miami,Office Supplies,Paper,Paper - Model 932,2,0.0,17.49,7.87
4246,ORD-4306,2025-08-21,2025-08-24,First Class,Noah Patel,Consumer,West,Phoenix,Office Supplies,Labels,Labels - Model 175,1,0.0,34.47,15.51
4247,ORD-4307,2023-11-11,2023-11-16,Second Class,Maria Garcia,Consumer,Central,Minneapolis,Furniture,Furnishings,Furnishings - Model 293,3,0.0,960.12,211.23
4248,ORD-4308,2024-05-26,2024-05-28,First Class,Wei Novak,Consumer,South,Charlotte,Office Supplies,Binders,Binders - Model 872,1,0.0,27.94,12.57
4249,ORD-4309,2024-06-08,2024-06-15,Standard Class,Aisha Garcia,Home Office,South,Charlotte,Technology,Phones,Phones - Model 750,1,0.1,234.65,57.36
4250,ORD-4310,2024-12-24,2024-12-30,Standard Class,Ethan Okafor,Corporate,South,Nashville,Technology,Accessories,Accessories - Model 559,2,0.1,493.84,120.72
4251,ORD-4310,2024-12-24,2024-12-30,Standard Class,Ethan Okafor,Corporate,South,Nashville,Technology,Accessories,Accessories - Model 337,1,0.15,256.62,51.32
4252,ORD-4311,2024-01-09,2024-01-16,Standard Class,Priya Okafor,Corporate,West,Los Angeles,Furniture,Chairs,Chairs - Model 487,2,0.0,658.55,144.88
4253,ORD-4312,2024-10-23,2024-10-30,Standard Class,Ethan Silva,Corporate,South,Nashville,Furniture,Chairs,Chairs - Model 264,2,0.3,223.25,-41.47
4254,ORD-4313,2023-07-08,2023-07-13,Second Class,Noah Rossi,Corporate,East,Philadelphia,Technology,Accessories,Accessories - Model 472,2,0.15,589.9,117.98
4255,ORD-4314,2024-03-09,2024-03-16,Standard Class,Omar Novak,Corporate,Central,Dallas,Technology,Accessories,Accessories - Model 880,4,0.4,651.29,-141.11
4256,ORD-4315,2023-02-09,2023-02-15,Standard Class,Carlos Patel,Corporate,South,Miami,Office Supplies,Storage,Storage - Model 506,2,0.1,55.68,21.66
4257,ORD-4316,2023-11-07,2023-11-14,Standard Class,Ethan Garcia,Corporate,South,Miami,Technology,Accessories,Accessories - Model 622,4,0.15,1822.49,364.5
4258,ORD-4317,2023-01-22,2023-01-25,First Class,Sofia Khan,Home Office,East,Newark,Office Supplies,Labels,Labels - Model 285,4,0.1,130.37,50.7
4259,ORD-4318,2023-07-12,2023-07-18,Standard Class,Ethan Silva,Home Office,West,San Francisco,Office Supplies,Paper,Paper - Model 990,4,0.15,115.33,40.7
4260,ORD-4319,2023-03-18,2023-03-25,Standard Class,Wei Chen,Corporate,Central,Minneapolis,Furniture,Furnishings,Furnishings - Model 324,1,0.15,214.84,17.69
4261,ORD-4320,2023-06-12,2023-06-14,First Class,Aisha Okafor,Consumer,West,Los Angeles,Office Supplies,Binders,Binders - Model 344,2,0.1,16.64,6.47
4262,ORD-4320,2023-06-12,2023-06-14,First Class,Aisha Okafor,Consumer,West,Los Angeles,Office Supplies,Binders,Binders - Model 865,2,0.3,57.82,8.26
4263,ORD-4320,2023-06-12,2023-06-14,First Class,Aisha Okafor,Consumer,West,Los Angeles,Office Supplies,Binders,Binders - Model 899,1,0.0,40.35,18.16
4264,ORD-4321,2023-05-26,2023-06-01,Standard Class,Omar Garcia,Consumer,West,Seattle,Technology,Phones,Phones - Model 788,2,0.0,1131.82,362.18
4265,ORD-4322,2025-10-30,2025-11-05,Standard Class,Wei Nguyen,Consumer,West,San Francisco,Technology,Machines,Machines - Model 992,2,0.3,465.09,-19.93
4266,ORD-4323,2024-05-19,2024-05-25,Standard Class,Ivy Brown,Consumer,Central,Minneapolis,Furniture,Bookcases,Bookcases - Model 580,2,0.0,425.48,93.61
4267,ORD-4324,2023-04-10,2023-04-13,First Class,Wei Brown,Consumer,Central,Minneapolis,Office Supplies,Art,Art - Model 188,2,0.1,15.27,5.94
4268,ORD-4324,2023-04-10,2023-04-13,First Class,Wei Brown,Consumer,Central,Minneapolis,Office Supplies,Art,Art - Model 881,3,0.0,94.59,42.57
4269,ORD-4325,2023-06-19,2023-06-25,Standard Class,Noah Rossi,Consumer,West,Los Angeles,Office Supplies,Binders,Binders - Model 333,1,0.0,14.81,6.66
4270,ORD-4326,2025-01-26,2025-02-02,Standard Class,Maria Müller,Home Office,West,Los Angeles,Office Supplies,Storage,Storage - Model 613,1,0.15,36.68,12.95
4271,ORD-4326,2025-01-26,2025-02-02,Standard Class,Maria Müller,Home Office,West,Los Angeles,Office Supplies,Storage,Storage - Model 434,1,0.2,17.52,5.47
4272,ORD-4327,2025-08-03,2025-08-10,Standard Class,Fatima Smith,Home Office,East,Boston,Office Supplies,Storage,Storage - Model 126,1,0.15,37.85,13.36
4273,ORD-4328,2025-02-19,2025-02-26,Standard Class,Aisha Khan,Corporate,Central,Minneapolis,Office Supplies,Binders,Binders - Model 829,2,0.0,86.84,39.08
4274,ORD-4329,2024-08-07,2024-08-11,Second Class,Maria Silva,Home Office,South,Charlotte,Technology,Phones,Phones - Model 523,2,0.0,1076.24,344.4
4275,ORD-4330,2025-10-08,2025-10-14,Standard Class,James Brown,Corporate,Central,Minneapolis,Office Supplies,Paper,Paper - Model 166,2,0.2,39.1,12.22
4276,ORD-4331,2023-12-16,2023-12-16,Same Day,Ivy Diaz,Consumer,Central,Dallas,Furniture,Furnishings,Furnishings - Model 318,1,0.15,134.48,11.07
4277,ORD-4332,2023-07-22,2023-07-28,Standard Class,Maria Rossi,Consumer,West,Phoenix,Office Supplies,Binders,Binders - Model 762,4,0.0,140.77,63.35
4278,ORD-4333,2023-06-20,2023-06-26,Standard Class,Omar Diaz,Corporate,South,Charlotte,Technology,Machines,Machines - Model 819,2,0.4,613.18,-132.86
4279,ORD-4334,2025-08-13,2025-08-20,Standard Class,Liam Chen,Corporate,South,Nashville,Office Supplies,Labels,Labels - Model 672,1,0.0,16.23,7.3
4280,ORD-4335,2024-11-24,2024-11-28,Second Class,Yuki Brown,Consumer,East,Newark,Office Supplies,Art,Art - Model 670,3,0.0,125.86,56.64
4281,ORD-4336,2024-10-13,2024-10-19,Standard Class,Omar Brown,Consumer,Central,Dallas,Technology,Phones,Phones - Model 154,2,0.0,746.85,238.99
4282,ORD-4336,2024-10-13,2024-10-19,Standard Class,Omar Brown,Consumer,Central,Dallas,Technology,Phones,Phones - Model 375,5,0.0,2934.03,938.89
4283,ORD-4337,2025-11-23,2025-11-26,First Class,Maria Rossi,Consumer,Central,Chicago,Furniture,Furnishings,Furnishings - Model 675,4,0.1,964.89,128.65
4284,ORD-4338,2025-05-23,2025-05-30,Standard Class,Noah Novak,Home Office,West,Los Angeles,Technology,Accessories,Accessories - Model 618,3,0.1,1335.47,326.45
4285,ORD-4339,2024-07-28,2024-08-04,Standard Class,Ethan Chen,Consumer,South,Atlanta,Furniture,Furnishings,Furnishings - Model 545,5,0.1,1338.85,178.52
4286,ORD-4339,2024-07-28,2024-08-04,Standard Class,Ethan Chen,Consumer,South,Atlanta,Furniture,Furnishings,Furnishings - Model 298,2,0.2,394.86,9.87
4287,ORD-4340,2023-01-17,2023-01-23,Standard Class,Sofia Okafor,Consumer,South,Miami,Office Supplies,Binders,Binders - Model 661,2,0.0,49.66,22.35
4288,ORD-4341,2024-03-22,2024-03-26,Second Class,Maria Nguyen,Corporate,West,San Francisco,Furniture,Tables,Tables - Model 985,1,0.3,139.43,-25.9
4289,ORD-4342,2023-11-07,2023-11-14,Standard Class,Priya Garcia,Corporate,East,Boston,Office Supplies,Art,Art - Model 864,1,0.0,36.43,16.39
4290,ORD-4342,2023-11-07,2023-11-14,Standard Class,Priya Garcia,Corporate,East,Boston,Office Supplies,Art,Art - Model 733,1,0.15,27.01,9.53
4291,ORD-4343,2024-06-02,2024-06-07,Second Class,James Novak,Consumer,Central,Minneapolis,Furniture,Bookcases,Bookcases - Model 742,5,0.0,1080.15,237.63
4292,ORD-4344,2025-11-03,2025-11-10,Standard Class,Wei Novak,Consumer,Central,Chicago,Office Supplies,Paper,Paper - Model 769,1,0.15,9.97,3.52
4293,ORD-4345,2023-08-02,2023-08-05,First Class,Carlos Rossi,Consumer,Central,Dallas,Office Supplies,Storage,Storage - Model 199,1,0.0,23.41,10.54
4294,ORD-4346,2024-09-15,2024-09-21,Standard Class,Ethan Okafor,Consumer,East,New York,Office Supplies,Binders,Binders - Model 504,2,0.1,70.5,27.42
4295,ORD-4347,2024-03-01,2024-03-08,Standard Class,Maria Kim,Consumer,East,Boston,Technology,Phones,Phones - Model 997,1,0.3,48.81,-2.1
4296,ORD-4347,2024-03-01,2024-03-08,Standard Class,Maria Kim,Consumer,East,Boston,Technology,Phones,Phones - Model 731,4,0.3,1389.88,-59.57
4297,ORD-4348,2025-10-17,2025-10-24,Standard Class,Ivy Smith,Consumer,East,Newark,Office Supplies,Storage,Storage - Model 688,1,0.2,28.79,9.0
4298,ORD-4349,2025-08-19,2025-08-25,Standard Class,Noah Müller,Home Office,South,Nashville,Technology,Machines,Machines - Model 301,2,0.3,853.56,-36.58
4299,ORD-4349,2025-08-19,2025-08-25,Standard Class,Noah Müller,Home Office,South,Nashville,Technology,Machines,Machines - Model 673,1,0.0,292.34,93.55
4300,ORD-4350,2025-01-18,2025-01-24,Standard Class,Aisha Brown,Corporate,South,Charlotte,Furniture,Furnishings,Furnishings - Model 885,4,0.1,935.51,124.73
4301,ORD-4351,2023-09-27,2023-10-04,Standard Class,Ivy Garcia,Corporate,Central,Dallas,Office Supplies,Storage,Storage - Model 495,1,0.0,25.37,11.42
4302,ORD-4352,2025-05-25,2025-06-01,Standard Class,Yuki Chen,Consumer,South,Charlotte,Office Supplies,Labels,Labels - Model 398,1,0.1,32.29,12.56
4303,ORD-4353,2025-01-17,2025-01-19,First Class,Yuki Nguyen,Corporate,Central,Minneapolis,Office Supplies,Storage,Storage - Model 133,1,0.2,16.94,5.29
4304,ORD-4354,2023-04-10,2023-04-16,Standard Class,Omar Chen,Consumer,Central,Minneapolis,Technology,Phones,Phones - Model 257,2,0.4,203.51,-44.1
4305,ORD-4355,2025-05-20,2025-05-21,Same Day,Ethan Silva,Consumer,West,Seattle,Office Supplies,Labels,Labels - Model 178,1,0.2,37.06,11.58
4306,ORD-4356,2025-04-18,2025-04-25,Standard Class,Maria Patel,Consumer,East,Newark,Office Supplies,Storage,Storage - Model 202,2,0.1,49.78,19.36
4307,ORD-4357,2023-12-07,2023-12-14,Standard Class,Maria Silva,Corporate,West,Seattle,Technology,Copiers,Copiers - Model 217,3,0.0,1067.3,341.54
4308,ORD-4358,2024-12-12,2024-12-16,Second Class,Noah Khan,Home Office,South,Miami,Technology,Machines,Machines - Model 759,2,0.0,495.16,158.45
4309,ORD-4359,2024-10-27,2024-11-02,Standard Class,Carlos Garcia,Home Office,Central,Houston,Office Supplies,Binders,Binders - Model 399,2,0.0,78.86,35.48
4310,ORD-4360,2023-03-23,2023-03-24,Same Day,Fatima Smith,Corporate,South,Charlotte,Office Supplies,Binders,Binders - Model 486,1,0.4,20.51,0.0
4311,ORD-4361,2025-05-26,2025-06-01,Standard Class,Sofia Novak,Corporate,Central,Chicago,Technology,Copiers,Copiers - Model 234,5,0.3,1269.59,-54.41
4312,ORD-4362,2023-12-10,2023-12-12,First Class,Ivy Khan,Home Office,West,Seattle,Office Supplies,Art,Art - Model 655,1,0.1,10.59,4.12
4313,ORD-4362,2023-12-10,2023-12-12,First Class,Ivy Khan,Home Office,West,Seattle,Office Supplies,Art,Art - Model 275,1,0.0,30.23,13.61
4314,ORD-4362,2023-12-10,2023-12-12,First Class,Ivy Khan,Home Office,West,Seattle,Office Supplies,Art,Art - Model 872,1,0.0,33.76,15.19
4315,ORD-4363,2023-09-18,2023-09-25,Standard Class,Omar Müller,Corporate,South,Nashville,Office Supplies,Paper,Paper - Model 341,5,0.1,127.71,49.66
4316,ORD-4364,2024-11-29,2024-12-05,Standard Class,Maria Garcia,Corporate,West,Los Angeles,Technology,Accessories,Accessories - Model 821,1,0.1,312.91,76.49
4317,ORD-4365,2025-08-23,2025-08-28,Second Class,Wei Brown,Consumer,East,Boston,Office Supplies,Labels,Labels - Model 559,1,0.1,30.91,12.02
4318,ORD-4366,2025-05-16,2025-05-22,Standard Class,Ethan Müller,Consumer,Central,Chicago,Office Supplies,Art,Art - Model 326,3,0.0,169.87,76.44
4319,ORD-4367,2025-11-07,2025-11-08,Same Day,Wei Chen,Consumer,East,Philadelphia,Furniture,Chairs,Chairs - Model 122,2,0.1,473.72,63.16
4320,ORD-4368,2025-12-07,2025-12-12,Second Class,Sofia Rossi,Consumer,West,Phoenix,Office Supplies,Art,Art - Model 340,2,0.1,51.85,20.17
4321,ORD-4369,2023-08-26,2023-09-01,Standard Class,Noah Rossi,Consumer,Central,Houston,Office Supplies,Labels,Labels - Model 123,2,0.15,41.56,14.67
4322,ORD-4370,2023-12-06,2023-12-12,Standard Class,Fatima Smith,Consumer,West,San Francisco,Technology,Machines,Machines - Model 323,1,0.3,208.62,-8.94
4323,ORD-4370,2023-12-06,2023-12-12,Standard Class,Fatima Smith,Consumer,West,San Francisco,Technology,Machines,Machines - Model 658,4,0.0,2524.16,807.73
4324,ORD-4371,2025-08-03,2025-08-09,Standard Class,James Rossi,Consumer,South,Atlanta,Office Supplies,Art,Art - Model 986,1,0.1,26.25,10.21
4325,ORD-4372,2024-10-22,2024-10-27,Second Class,Liam Smith,Corporate,East,New York,Office Supplies,Storage,Storage - Model 897,1,0.2,29.76,9.3
4326,ORD-4372,2024-10-22,2024-10-27,Second Class,Liam Smith,Corporate,East,New York,Office Supplies,Storage,Storage - Model 171,3,0.0,56.35,25.36
4327,ORD-4373,2024-05-04,2024-05-09,Second Class,Ivy Silva,Consumer,Central,Chicago,Office Supplies,Labels,Labels - Model 843,2,0.1,98.52,38.31
4328,ORD-4373,2024-05-04,2024-05-09,Second Class,Ivy Silva,Consumer,Central,Chicago,Office Supplies,Labels,Labels - Model 989,1,0.0,13.73,6.18
4329,ORD-4374,2024-01-03,2024-01-09,Standard Class,Noah Rossi,Consumer,Central,Minneapolis,Office Supplies,Paper,Paper - Model 224,4,0.0,233.29,104.98
4330,ORD-4375,2025-04-20,2025-04-23,First Class,Ivy Garcia,Consumer,East,Boston,Office Supplies,Labels,Labels - Model 723,1,0.0,22.51,10.13
4331,ORD-4376,2023-08-28,2023-08-31,First Class,Omar Müller,Corporate,East,Newark,Furniture,Furnishings,Furnishings - Model 655,2,0.0,555.72,122.26
4332,ORD-4377,2023-04-23,2023-04-29,Standard Class,Noah Novak,Consumer,West,San Francisco,Office Supplies,Labels,Labels - Model 303,4,0.0,137.09,61.69
4333,ORD-4378,2023-11-10,2023-11-16,Standard Class,Maria Brown,Home Office,South,Charlotte,Office Supplies,Art,Art - Model 782,1,0.1,31.8,12.36
4334,ORD-4378,2023-11-10,2023-11-16,Standard Class,Maria Brown,Home Office,South,Charlotte,Office Supplies,Art,Art - Model 727,2,0.15,67.18,23.71
4335,ORD-4379,2024-01-24,2024-01-28,Second Class,Wei Okafor,Consumer,West,San Francisco,Office Supplies,Binders,Binders - Model 228,2,0.1,89.38,34.76
4336,ORD-4380,2023-12-26,2024-01-01,Standard Class,Sofia Khan,Home Office,Central,Houston,Furniture,Bookcases,Bookcases - Model 701,1,0.1,242.4,32.32
4337,ORD-4381,2023-05-12,2023-05-19,Standard Class,Wei Müller,Consumer,Central,Chicago,Technology,Copiers,Copiers - Model 240,1,0.0,431.12,137.96
4338,ORD-4382,2023-10-22,2023-10-29,Standard Class,Noah Müller,Consumer,Central,Dallas,Office Supplies,Storage,Storage - Model 185,1,0.0,27.84,12.53
4339,ORD-4382,2023-10-22,2023-10-29,Standard Class,Noah Müller,Consumer,Central,Dallas,Office Supplies,Storage,Storage - Model 596,1,0.0,45.56,20.5
4340,ORD-4383,2024-03-26,2024-03-27,Same Day,Yuki Chen,Consumer,West,Seattle,Technology,Phones,Phones - Model 277,1,0.0,445.68,142.62
4341,ORD-4384,2025-03-09,2025-03-13,Second Class,Liam Okafor,Corporate,Central,Chicago,Office Supplies,Binders,Binders - Model 835,3,0.2,130.89,40.9
4342,ORD-4385,2023-02-17,2023-02-19,First Class,Yuki Müller,Corporate,Central,Minneapolis,Office Supplies,Storage,Storage - Model 664,3,0.0,135.91,61.16
4343,ORD-4385,2023-02-17,2023-02-19,First Class,Yuki Müller,Corporate,Central,Minneapolis,Office Supplies,Storage,Storage - Model 769,1,0.0,27.72,12.47
4344,ORD-4385,2023-02-17,2023-02-19,First Class,Yuki Müller,Corporate,Central,Minneapolis,Office Supplies,Storage,Storage - Model 225,2,0.1,24.53,9.54
4345,ORD-4386,2025-12-28,2025-12-30,First Class,Aisha Chen,Consumer,East,New York,Technology,Accessories,Accessories - Model 732,3,0.15,575.96,115.19
4346,ORD-4387,2025-11-27,2025-12-04,Standard Class,Ivy Chen,Consumer,West,Seattle,Office Supplies,Paper,Paper - Model 457,1,0.0,24.61,11.08
4347,ORD-4388,2023-03-07,2023-03-14,Standard Class,Maria Garcia,Consumer,East,Philadelphia,Technology,Accessories,Accessories - Model 207,1,0.15,346.55,69.31
4348,ORD-4389,2023-12-19,2023-12-26,Standard Class,James Diaz,Home Office,Central,Chicago,Office Supplies,Labels,Labels - Model 675,3,0.0,72.88,32.79
4349,ORD-4390,2025-11-14,2025-11-20,Standard Class,Ivy Khan,Consumer,East,New York,Office Supplies,Storage,Storage - Model 718,1,0.0,44.89,20.2
4350,ORD-4391,2024-07-22,2024-07-24,First Class,Fatima Diaz,Consumer,West,Los Angeles,Office Supplies,Labels,Labels - Model 498,1,0.1,28.61,11.12
4351,ORD-4392,2024-04-18,2024-04-25,Standard Class,Wei Novak,Consumer,West,Seattle,Office Supplies,Storage,Storage - Model 935,3,0.2,59.8,18.68
4352,ORD-4393,2024-10-28,2024-10-29,Same Day,James Silva,Consumer,East,Newark,Office Supplies,Art,Art - Model 983,3,0.1,59.69,23.22
4353,ORD-4393,2024-10-28,2024-10-29,Same Day,James Silva,Consumer,East,Newark,Office Supplies,Art,Art - Model 819,2,0.0,66.66,30.0
4354,ORD-4394,2024-06-07,2024-06-10,First Class,Priya Kim,Corporate,Central,Dallas,Office Supplies,Art,Art - Model 874,1,0.2,28.21,8.82
4355,ORD-4395,2023-08-14,2023-08-21,Standard Class,James Novak,Consumer,Central,Chicago,Technology,Phones,Phones - Model 952,3,0.15,936.22,187.25
4356,ORD-4396,2023-12-11,2023-12-15,Second Class,Wei Garcia,Corporate,East,Newark,Furniture,Bookcases,Bookcases - Model 201,3,0.2,512.37,12.81
4357,ORD-4397,2023-10-23,2023-10-23,Same Day,Noah Müller,Home Office,Central,Houston,Technology,Accessories,Accessories - Model 115,1,0.0,732.53,234.41
4358,ORD-4398,2024-05-05,2024-05-11,Standard Class,Priya Okafor,Corporate,Central,Chicago,Technology,Accessories,Accessories - Model 736,5,0.1,1125.72,275.17
4359,ORD-4399,2025-01-15,2025-01-21,Standard Class,Wei Nguyen,Home Office,East,New York,Furniture,Bookcases,Bookcases - Model 544,2,0.1,555.14,74.02
4360,ORD-4400,2023-10-12,2023-10-19,Standard Class,Ethan Silva,Consumer,Central,Houston,Office Supplies,Paper,Paper - Model 704,1,0.15,34.19,12.07
4361,ORD-4401,2024-01-27,2024-02-02,Standard Class,Wei Khan,Corporate,West,San Francisco,Furniture,Tables,Tables - Model 544,5,0.1,1457.74,194.36
4362,ORD-4402,2024-10-26,2024-11-01,Standard Class,Omar Rossi,Home Office,West,Seattle,Technology,Machines,Machines - Model 843,2,0.0,818.57,261.94
4363,ORD-4403,2023-09-24,2023-09-30,Standard Class,Yuki Diaz,Home Office,East,Boston,Office Supplies,Storage,Storage - Model 418,1,0.0,31.32,14.09
4364,ORD-4404,2023-10-26,2023-11-01,Standard Class,Sofia Okafor,Corporate,Central,Houston,Office Supplies,Binders,Binders - Model 513,1,0.2,43.66,13.64
4365,ORD-4405,2023-10-04,2023-10-11,Standard Class,Sofia Rossi,Consumer,West,Phoenix,Office Supplies,Art,Art - Model 373,3,0.15,81.27,28.68
4366,ORD-4406,2025-12-16,2025-12-22,Standard Class,Sofia Müller,Home Office,South,Nashville,Furniture,Bookcases,Bookcases - Model 615,1,0.2,213.05,5.32
4367,ORD-4406,2025-12-16,2025-12-22,Standard Class,Sofia Müller,Home Office,South,Nashville,Furniture,Bookcases,Bookcases - Model 483,2,0.3,530.23,-98.47
4368,ORD-4407,2024-07-05,2024-07-09,Second Class,Fatima Garcia,Consumer,Central,Minneapolis,Furniture,Chairs,Chairs - Model 335,3,0.2,640.96,16.02
4369,ORD-4408,2025-01-30,2025-02-01,First Class,James Garcia,Corporate,South,Atlanta,Office Supplies,Storage,Storage - Model 775,4,0.4,86.37,0.0
4370,ORD-4409,2023-08-14,2023-08-20,Standard Class,Sofia Rossi,Consumer,West,Seattle,Office Supplies,Labels,Labels - Model 944,2,0.1,74.44,28.95
4371,ORD-4410,2025-01-31,2025-02-06,Standard Class,Omar Rossi,Consumer,West,San Francisco,Office Supplies,Storage,Storage - Model 795,1,0.0,39.07,17.58
4372,ORD-4411,2024-04-11,2024-04-17,Standard Class,Liam Kim,Consumer,West,Phoenix,Technology,Accessories,Accessories - Model 441,3,0.0,2192.25,701.52
4373,ORD-4412,2025-12-29,2026-01-04,Standard Class,Carlos Khan,Home Office,East,New York,Technology,Copiers,Copiers - Model 118,2,0.1,596.93,145.91
4374,ORD-4413,2024-03-31,2024-04-07,Standard Class,Carlos Rossi,Corporate,East,Boston,Office Supplies,Storage,Storage - Model 776,2,0.0,57.0,25.65
4375,ORD-4414,2025-03-29,2025-04-01,First Class,Priya Garcia,Corporate,Central,Chicago,Furniture,Tables,Tables - Model 735,1,0.1,109.59,14.61
4376,ORD-4415,2024-02-03,2024-02-10,Standard Class,Ivy Khan,Consumer,East,New York,Office Supplies,Binders,Binders - Model 532,1,0.0,48.29,21.73
4377,ORD-4416,2024-05-13,2024-05-20,Standard Class,Maria Kim,Consumer,South,Miami,Office Supplies,Paper,Paper - Model 107,3,0.2,105.48,32.96
4378,ORD-4417,2025-09-27,2025-09-30,First Class,Carlos Nguyen,Consumer,East,Newark,Office Supplies,Storage,Storage - Model 364,2,0.1,55.69,21.66
4379,ORD-4418,2023-07-22,2023-07-29,Standard Class,Fatima Diaz,Consumer,West,Seattle,Office Supplies,Labels,Labels - Model 272,2,0.15,32.36,11.42
4380,ORD-4419,2025-05-25,2025-05-31,Standard Class,Fatima Okafor,Consumer,East,New York,Office Supplies,Art,Art - Model 306,2,0.0,85.65,38.54
4381,ORD-4420,2023-12-14,2023-12-19,Second Class,Wei Diaz,Corporate,Central,Houston,Technology,Machines,Machines - Model 931,1,0.0,455.26,145.68
4382,ORD-4421,2023-08-02,2023-08-09,Standard Class,Aisha Patel,Consumer,South,Charlotte,Technology,Accessories,Accessories - Model 467,2,0.15,568.69,113.74
4383,ORD-4422,2023-09-20,2023-09-26,Standard Class,Sofia Okafor,Corporate,West,Seattle,Office Supplies,Binders,Binders - Model 849,1,0.0,46.7,21.01
4384,ORD-4422,2023-09-20,2023-09-26,Standard Class,Sofia Okafor,Corporate,West,Seattle,Office Supplies,Binders,Binders - Model 379,2,0.0,72.61,32.67
4385,ORD-4423,2025-02-09,2025-02-15,Standard Class,Omar Müller,Corporate,West,Phoenix,Office Supplies,Labels,Labels - Model 567,2,0.1,81.55,31.72
4386,ORD-4424,2024-03-07,2024-03-14,Standard Class,Aisha Smith,Consumer,West,Seattle,Technology,Copiers,Copiers - Model 151,1,0.1,430.91,105.33
4387,ORD-4425,2023-01-23,2023-01-27,Second Class,Carlos Chen,Consumer,West,Seattle,Furniture,Furnishings,Furnishings - Model 969,4,0.2,536.91,13.42
4388,ORD-4426,2025-11-21,2025-11-28,Standard Class,Noah Brown,Corporate,West,Phoenix,Office Supplies,Labels,Labels - Model 873,1,0.1,26.32,10.24
4389,ORD-4427,2024-12-15,2024-12-21,Standard Class,James Silva,Consumer,West,Phoenix,Furniture,Bookcases,Bookcases - Model 589,3,0.0,874.77,192.45
4390,ORD-4428,2025-07-13,2025-07-19,Standard Class,Maria Kim,Consumer,East,Newark,Technology,Accessories,Accessories - Model 301,2,0.15,791.05,158.21
4391,ORD-4428,2025-07-13,2025-07-19,Standard Class,Maria Kim,Consumer,East,Newark,Technology,Accessories,Accessories - Model 435,5,0.0,2373.19,759.42
4392,ORD-4429,2024-03-11,2024-03-18,Standard Class,Wei Chen,Consumer,East,Philadelphia,Technology,Machines,Machines - Model 776,2,0.0,1067.29,341.53
4393,ORD-4430,2025-09-29,2025-10-05,Standard Class,Priya Patel,Consumer,East,Philadelphia,Office Supplies,Binders,Binders - Model 211,1,0.0,26.0,11.7
4394,ORD-4431,2024-06-17,2024-06-21,Second Class,Maria Rossi,Consumer,East,New York,Office Supplies,Storage,Storage - Model 873,1,0.1,28.89,11.24
4395,ORD-4431,2024-06-17,2024-06-21,Second Class,Maria Rossi,Consumer,East,New York,Office Supplies,Storage,Storage - Model 823,1,0.0,33.29,14.98
4396,ORD-4432,2024-05-24,2024-05-27,First Class,Wei Müller,Corporate,South,Nashville,Office Supplies,Storage,Storage - Model 366,2,0.0,77.17,34.73
4397,ORD-4433,2025-08-26,2025-08-29,First Class,Fatima Kim,Consumer,Central,Minneapolis,Office Supplies,Storage,Storage - Model 976,2,0.0,107.09,48.19
4398,ORD-4434,2023-04-25,2023-05-02,Standard Class,Liam Müller,Corporate,East,Boston,Technology,Accessories,Accessories - Model 373,2,0.0,427.8,136.9
4399,ORD-4435,2025-12-10,2025-12-12,First Class,James Silva,Corporate,East,Newark,Office Supplies,Storage,Storage - Model 803,1,0.4,37.15,0.0
4400,ORD-4436,2025-11-22,2025-11-28,Standard Class,Maria Silva,Home Office,East,Newark,Furniture,Furnishings,Furnishings - Model 362,3,0.2,682.98,17.08
4401,ORD-4437,2023-10-14,2023-10-20,Standard Class,Priya Smith,Consumer,West,Seattle,Office Supplies,Labels,Labels - Model 368,4,0.0,120.84,54.38
4402,ORD-4438,2024-12-20,2024-12-25,Second Class,Noah Chen,Consumer,South,Charlotte,Furniture,Chairs,Chairs - Model 365,1,0.0,280.16,61.64
4403,ORD-4439,2024-04-06,2024-04-13,Standard Class,Sofia Novak,Corporate,Central,Minneapolis,Office Supplies,Art,Art - Model 582,1,0.3,18.6,2.65
4404,ORD-4439,2024-04-06,2024-04-13,Standard Class,Sofia Novak,Corporate,Central,Minneapolis,Office Supplies,Art,Art - Model 846,1,0.15,61.83,21.82
4405,ORD-4440,2024-05-15,2024-05-20,Second Class,Wei Okafor,Consumer,East,Newark,Office Supplies,Binders,Binders - Model 427,3,0.0,58.59,26.36
4406,ORD-4440,2024-05-15,2024-05-20,Second Class,Wei Okafor,Consumer,East,Newark,Office Supplies,Binders,Binders - Model 731,3,0.0,161.64,72.74
4407,ORD-4440,2024-05-15,2024-05-20,Second Class,Wei Okafor,Consumer,East,Newark,Office Supplies,Binders,Binders - Model 998,4,0.0,114.17,51.37
4408,ORD-4441,2023-02-21,2023-02-21,Same Day,James Silva,Corporate,Central,Chicago,Technology,Machines,Machines - Model 369,1,0.2,366.45,54.97
4409,ORD-4441,2023-02-21,2023-02-21,Same Day,James Silva,Corporate,Central,Chicago,Technology,Machines,Machines - Model 573,1,0.2,350.21,52.53
4410,ORD-4441,2023-02-21,2023-02-21,Same Day,James Silva,Corporate,Central,Chicago,Technology,Machines,Machines - Model 957,3,0.0,1656.79,530.17
4411,ORD-4442,2024-11-06,2024-11-12,Standard Class,Fatima Diaz,Consumer,South,Miami,Office Supplies,Art,Art - Model 802,3,0.0,69.92,31.46
4412,ORD-4443,2025-12-20,2025-12-25,Second Class,Aisha Patel,Consumer,Central,Dallas,Technology,Copiers,Copiers - Model 309,1,0.1,355.42,86.88
4413,ORD-4443,2025-12-20,2025-12-25,Second Class,Aisha Patel,Consumer,Central,Dallas,Technology,Copiers,Copiers - Model 442,1,0.0,187.67,60.06
4414,ORD-4444,2023-03-29,2023-04-02,Second Class,Ethan Novak,Consumer,West,Phoenix,Office Supplies,Storage,Storage - Model 884,2,0.0,102.19,45.99
4415,ORD-4445,2025-11-13,2025-11-19,Standard Class,Ethan Chen,Corporate,West,Los Angeles,Technology,Accessories,Accessories - Model 598,3,0.15,1006.56,201.31
4416,ORD-4446,2023-07-21,2023-07-24,First Class,Fatima Okafor,Consumer,Central,Minneapolis,Office Supplies,Art,Art - Model 996,3,0.0,12.0,5.4
4417,ORD-4447,2024-12-16,2024-12-17,Same Day,Ivy Chen,Home Office,East,Newark,Office Supplies,Paper,Paper - Model 889,3,0.0,112.48,50.62
4418,ORD-4448,2023-10-02,2023-10-07,Second Class,Maria Kim,Consumer,East,Newark,Office Supplies,Labels,Labels - Model 790,1,0.2,19.9,6.22
4419,ORD-4449,2024-08-16,2024-08-22,Standard Class,Omar Patel,Consumer,South,Charlotte,Technology,Phones,Phones - Model 327,1,0.0,429.11,137.31
4420,ORD-4450,2025-12-05,2025-12-12,Standard Class,Wei Chen,Corporate,South,Nashville,Office Supplies,Paper,Paper - Model 540,3,0.15,118.5,41.82
4421,ORD-4451,2025-03-18,2025-03-22,Second Class,Fatima Diaz,Corporate,Central,Chicago,Office Supplies,Storage,Storage - Model 425,3,0.1,70.03,27.24
4422,ORD-4452,2023-10-20,2023-10-27,Standard Class,Omar Chen,Corporate,Central,Chicago,Furniture,Chairs,Chairs - Model 519,3,0.0,779.68,171.53
4423,ORD-4452,2023-10-20,2023-10-27,Standard Class,Omar Chen,Corporate,Central,Chicago,Furniture,Chairs,Chairs - Model 792,2,0.0,426.85,93.91
4424,ORD-4452,2023-10-20,2023-10-27,Standard Class,Omar Chen,Corporate,Central,Chicago,Furniture,Chairs,Chairs - Model 707,4,0.15,977.81,80.53
4425,ORD-4453,2025-11-29,2025-12-03,Second Class,Maria Kim,Consumer,South,Charlotte,Office Supplies,Storage,Storage - Model 493,2,0.1,58.41,22.71
4426,ORD-4454,2023-09-14,2023-09-19,Second Class,James Novak,Consumer,East,Newark,Furniture,Bookcases,Bookcases - Model 450,3,0.0,772.94,170.04
4427,ORD-4455,2025-07-11,2025-07-17,Standard Class,Wei Okafor,Consumer,South,Miami,Office Supplies,Storage,Storage - Model 263,2,0.1,73.59,28.62
4428,ORD-4455,2025-07-11,2025-07-17,Standard Class,Wei Okafor,Consumer,South,Miami,Office Supplies,Storage,Storage - Model 587,2,0.0,52.74,23.74
4429,ORD-4456,2025-02-19,2025-02-23,Second Class,Aisha Diaz,Corporate,East,Newark,Technology,Copiers,Copiers - Model 366,5,0.0,2702.08,864.66
4430,ORD-4456,2025-02-19,2025-02-23,Second Class,Aisha Diaz,Corporate,East,Newark,Technology,Copiers,Copiers - Model 525,2,0.4,467.58,-101.3
4431,ORD-4457,2024-04-30,2024-05-02,First Class,Ivy Okafor,Consumer,West,Los Angeles,Technology,Phones,Phones - Model 572,1,0.0,283.48,90.71
4432,ORD-4458,2025-09-12,2025-09-19,Standard Class,Yuki Nguyen,Consumer,East,Philadelphia,Technology,Copiers,Copiers - Model 843,4,0.0,2139.12,684.52
4433,ORD-4458,2025-09-12,2025-09-19,Standard Class,Yuki Nguyen,Consumer,East,Philadelphia,Technology,Copiers,Copiers - Model 705,2,0.4,411.36,-89.13
4434,ORD-4459,2025-11-26,2025-12-03,Standard Class,Yuki Garcia,Home Office,West,San Francisco,Office Supplies,Labels,Labels - Model 559,1,0.1,16.35,6.36
4435,ORD-4460,2025-12-14,2025-12-19,Second Class,Sofia Chen,Consumer,South,Charlotte,Office Supplies,Binders,Binders - Model 300,2,0.15,68.67,24.24
4436,ORD-4461,2023-10-13,2023-10-20,Standard Class,Wei Novak,Consumer,East,Newark,Office Supplies,Paper,Paper - Model 370,1,0.15,28.14,9.93
4437,ORD-4462,2024-12-05,2024-12-11,Standard Class,Omar Khan,Corporate,East,Philadelphia,Office Supplies,Art,Art - Model 810,4,0.0,152.74,68.73
4438,ORD-4462,2024-12-05,2024-12-11,Standard Class,Omar Khan,Corporate,East,Philadelphia,Office Supplies,Art,Art - Model 231,1,0.0,61.96,27.88
4439,ORD-4463,2025-10-02,2025-10-09,Standard Class,James Garcia,Consumer,South,Atlanta,Office Supplies,Art,Art - Model 331,4,0.0,162.91,73.31
4440,ORD-4464,2023-12-05,2023-12-12,Standard Class,Aisha Patel,Consumer,Central,Minneapolis,Technology,Copiers,Copiers - Model 412,2,0.0,858.52,274.73
4441,ORD-4465,2024-07-13,2024-07-19,Standard Class,Yuki Diaz,Home Office,Central,Chicago,Furniture,Tables,Tables - Model 329,3,0.15,692.25,57.01
4442,ORD-4466,2025-11-21,2025-11-23,First Class,Liam Okafor,Home Office,West,San Francisco,Technology,Accessories,Accessories - Model 478,2,0.0,537.81,172.1
4443,ORD-4467,2023-03-09,2023-03-15,Standard Class,Omar Khan,Corporate,East,Boston,Furniture,Chairs,Chairs - Model 847,4,0.0,917.82,201.92
4444,ORD-4468,2025-07-01,2025-07-02,Same Day,Fatima Okafor,Consumer,Central,Minneapolis,Office Supplies,Storage,Storage - Model 157,3,0.1,108.52,42.2
4445,ORD-4469,2025-03-23,2025-03-30,Standard Class,Aisha Kim,Consumer,South,Charlotte,Technology,Accessories,Accessories - Model 577,1,0.15,310.39,62.08
4446,ORD-4470,2024-04-13,2024-04-20,Standard Class,Fatima Müller,Corporate,East,Boston,Office Supplies,Binders,Binders - Model 389,1,0.3,31.28,4.47
4447,ORD-4471,2025-11-22,2025-11-24,First Class,Aisha Silva,Corporate,South,Charlotte,Office Supplies,Paper,Paper - Model 820,2,0.15,34.23,12.08
4448,ORD-4471,2025-11-22,2025-11-24,First Class,Aisha Silva,Corporate,South,Charlotte,Office Supplies,Paper,Paper - Model 341,2,0.1,108.21,42.08
4449,ORD-4472,2023-01-16,2023-01-22,Standard Class,Wei Novak,Consumer,East,Philadelphia,Technology,Accessories,Accessories - Model 468,3,0.1,694.95,169.88
4450,ORD-4472,2023-01-16,2023-01-22,Standard Class,Wei Novak,Consumer,East,Philadelphia,Technology,Accessories,Accessories - Model 642,2,0.1,667.03,163.05
4451,ORD-4473,2023-12-31,2024-01-06,Standard Class,James Khan,Home Office,Central,Chicago,Office Supplies,Binders,Binders - Model 977,5,0.0,230.36,103.66
4452,ORD-4474,2025-11-12,2025-11-18,Standard Class,Wei Müller,Corporate,West,Los Angeles,Office Supplies,Labels,Labels - Model 180,1,0.1,19.46,7.57
4453,ORD-4475,2025-11-16,2025-11-23,Standard Class,Liam Nguyen,Home Office,West,San Francisco,Office Supplies,Binders,Binders - Model 409,2,0.0,99.45,44.75
4454,ORD-4476,2025-01-02,2025-01-02,Same Day,Fatima Brown,Consumer,East,Boston,Technology,Copiers,Copiers - Model 629,5,0.0,2401.83,768.59
4455,ORD-4477,2023-12-22,2023-12-26,Second Class,Carlos Nguyen,Corporate,West,Los Angeles,Technology,Machines,Machines - Model 183,1,0.15,390.3,78.06
4456,ORD-4478,2023-12-09,2023-12-15,Standard Class,Ivy Rossi,Consumer,South,Miami,Office Supplies,Binders,Binders - Model 554,2,0.0,48.98,22.04
4457,ORD-4479,2025-05-29,2025-06-03,Second Class,Liam Khan,Corporate,Central,Minneapolis,Technology,Copiers,Copiers - Model 411,1,0.0,532.66,170.45
4458,ORD-4480,2025-07-22,2025-07-26,Second Class,Omar Brown,Corporate,East,Boston,Furniture,Chairs,Chairs - Model 571,2,0.15,573.13,47.2
4459,ORD-4481,2024-11-28,2024-12-04,Standard Class,Maria Garcia,Consumer,West,San Francisco,Office Supplies,Binders,Binders - Model 133,5,0.2,72.82,22.76
4460,ORD-4482,2025-11-07,2025-11-13,Standard Class,Omar Garcia,Consumer,Central,Chicago,Furniture,Chairs,Chairs - Model 687,1,0.0,231.74,50.98
4461,ORD-4482,2025-11-07,2025-11-13,Standard Class,Omar Garcia,Consumer,Central,Chicago,Furniture,Chairs,Chairs - Model 364,3,0.1,1092.39,145.65
4462,ORD-4482,2025-11-07,2025-11-13,Standard Class,Omar Garcia,Consumer,Central,Chicago,Furniture,Chairs,Chairs - Model 287,2,0.2,296.73,7.42
4463,ORD-4483,2023-11-30,2023-12-01,Same Day,Ethan Diaz,Consumer,East,Newark,Technology,Accessories,Accessories - Model 586,4,0.1,1925.69,470.72
4464,ORD-4484,2024-02-10,2024-02-13,First Class,Omar Diaz,Corporate,South,Nashville,Furniture,Chairs,Chairs - Model 449,3,0.0,726.48,159.82
4465,ORD-4485,2024-10-14,2024-10-20,Standard Class,Noah Kim,Home Office,South,Charlotte,Office Supplies,Paper,Paper - Model 436,3,0.0,116.3,52.34
4466,ORD-4486,2024-04-03,2024-04-09,Standard Class,Ivy Silva,Corporate,West,Phoenix,Furniture,Furnishings,Furnishings - Model 314,2,0.0,502.92,110.64
4467,ORD-4487,2023-03-22,2023-03-24,First Class,Noah Smith,Consumer,Central,Chicago,Office Supplies,Storage,Storage - Model 241,1,0.0,32.52,14.63
4468,ORD-4488,2024-07-19,2024-07-25,Standard Class,Yuki Silva,Consumer,East,Newark,Technology,Machines,Machines - Model 917,1,0.0,427.13,136.68
4469,ORD-4489,2024-09-28,2024-10-04,Standard Class,Liam Müller,Consumer,South,Nashville,Office Supplies,Labels,Labels - Model 204,1,0.0,20.81,9.36
4470,ORD-4490,2023-12-05,2023-12-12,Standard Class,Aisha Smith,Consumer,South,Nashville,Office Supplies,Binders,Binders - Model 345,1,0.15,25.2,8.9
4471,ORD-4491,2023-02-10,2023-02-17,Standard Class,Ethan Garcia,Corporate,South,Charlotte,Technology,Machines,Machines - Model 296,1,0.0,315.9,101.09
4472,ORD-4492,2024-10-04,2024-10-11,Standard Class,Fatima Smith,Home Office,Central,Minneapolis,Furniture,Tables,Tables - Model 930,1,0.0,260.07,57.21
4473,ORD-4493,2025-07-07,2025-07-13,Standard Class,Wei Diaz,Home Office,Central,Dallas,Office Supplies,Paper,Paper - Model 313,1,0.3,37.26,5.32
4474,ORD-4494,2024-03-30,2024-04-03,Second Class,Ivy Patel,Corporate,South,Miami,Technology,Phones,Phones - Model 610,2,0.0,686.57,219.7
4475,ORD-4495,2023-03-14,2023-03-21,Standard Class,Maria Silva,Home Office,South,Charlotte,Technology,Phones,Phones - Model 580,3,0.3,1076.42,-46.14
4476,ORD-4496,2023-12-04,2023-12-06,First Class,James Khan,Corporate,East,New York,Furniture,Bookcases,Bookcases - Model 662,1,0.0,254.98,56.09
4477,ORD-4497,2024-01-17,2024-01-23,Standard Class,Sofia Okafor,Consumer,Central,Chicago,Office Supplies,Labels,Labels - Model 110,4,0.0,80.87,36.39
4478,ORD-4498,2023-04-17,2023-04-21,Second Class,Aisha Brown,Consumer,West,Los Angeles,Office Supplies,Labels,Labels - Model 459,2,0.15,26.91,9.5
4479,ORD-4499,2025-02-23,2025-03-01,Standard Class,Liam Khan,Consumer,West,San Francisco,Furniture,Chairs,Chairs - Model 633,2,0.1,518.47,69.13
4480,ORD-4500,2025-03-06,2025-03-10,Second Class,Wei Chen,Corporate,Central,Minneapolis,Office Supplies,Paper,Paper - Model 611,1,0.1,54.46,21.18
4481,ORD-4501,2025-04-01,2025-04-05,Second Class,Maria Khan,Corporate,East,Philadelphia,Technology,Phones,Phones - Model 665,1,0.15,311.28,62.26
4482,ORD-4502,2024-11-01,2024-11-07,Standard Class,Liam Okafor,Consumer,South,Charlotte,Office Supplies,Binders,Binders - Model 263,1,0.0,24.42,10.99
4483,ORD-4502,2024-11-01,2024-11-07,Standard Class,Liam Okafor,Consumer,South,Charlotte,Office Supplies,Binders,Binders - Model 997,2,0.3,40.96,5.85
4484,ORD-4503,2023-05-28,2023-06-04,Standard Class,Yuki Smith,Home Office,South,Nashville,Furniture,Furnishings,Furnishings - Model 734,2,0.15,535.21,44.07
4485,ORD-4504,2023-09-29,2023-10-06,Standard Class,Omar Patel,Consumer,West,Seattle,Office Supplies,Storage,Storage - Model 137,1,0.0,37.83,17.02
4486,ORD-4505,2023-11-05,2023-11-09,Second Class,Wei Müller,Consumer,East,Newark,Furniture,Bookcases,Bookcases - Model 805,3,0.0,739.07,162.6
4487,ORD-4505,2023-11-05,2023-11-09,Second Class,Wei Müller,Consumer,East,Newark,Furniture,Bookcases,Bookcases - Model 930,2,0.1,400.21,53.36
4488,ORD-4505,2023-11-05,2023-11-09,Second Class,Wei Müller,Consumer,East,Newark,Furniture,Bookcases,Bookcases - Model 827,5,0.0,1522.24,334.89
4489,ORD-4506,2025-11-11,2025-11-18,Standard Class,Wei Nguyen,Consumer,South,Nashville,Furniture,Bookcases,Bookcases - Model 369,2,0.0,482.03,106.05
4490,ORD-4507,2025-03-22,2025-03-28,Standard Class,Liam Smith,Consumer,East,Philadelphia,Office Supplies,Labels,Labels - Model 162,3,0.15,42.72,15.08
4491,ORD-4508,2025-12-21,2025-12-24,First Class,Omar Diaz,Corporate,South,Miami,Office Supplies,Labels,Labels - Model 625,4,0.0,213.11,95.9
4492,ORD-4508,2025-12-21,2025-12-24,First Class,Omar Diaz,Corporate,South,Miami,Office Supplies,Labels,Labels - Model 794,2,0.15,40.46,14.28
4493,ORD-4509,2024-04-17,2024-04-23,Standard Class,Liam Smith,Corporate,West,Phoenix,Furniture,Bookcases,Bookcases - Model 708,1,0.0,241.56,53.14
4494,ORD-4510,2025-08-10,2025-08-13,First Class,Wei Novak,Home Office,West,San Francisco,Office Supplies,Labels,Labels - Model 463,2,0.15,76.84,27.12
4495,ORD-4510,2025-08-10,2025-08-13,First Class,Wei Novak,Home Office,West,San Francisco,Office Supplies,Labels,Labels - Model 855,1,0.0,41.25,18.56
4496,ORD-4510,2025-08-10,2025-08-13,First Class,Wei Novak,Home Office,West,San Francisco,Office Supplies,Labels,Labels - Model 308,2,0.0,98.76,44.44
4497,ORD-4511,2024-11-27,2024-12-03,Standard Class,Aisha Khan,Corporate,East,New York,Office Supplies,Storage,Storage - Model 545,3,0.0,114.98,51.74
4498,ORD-4512,2025-08-31,2025-09-02,First Class,Yuki Chen,Corporate,Central,Dallas,Technology,Copiers,Copiers - Model 338,2,0.3,405.67,-17.39
4499,ORD-4513,2024-08-21,2024-08-28,Standard Class,James Chen,Consumer,Central,Minneapolis,Office Supplies,Art,Art - Model 628,1,0.3,28.27,4.03
4500,ORD-4514,2023-11-29,2023-12-06,Standard Class,Sofia Kim,Consumer,West,Los Angeles,Office Supplies,Paper,Paper - Model 407,2,0.3,82.54,11.79
4501,ORD-4515,2025-05-26,2025-05-28,First Class,Liam Nguyen,Consumer,West,Los Angeles,Office Supplies,Labels,Labels - Model 860,3,0.2,91.5,28.59
4502,ORD-4516,2024-12-21,2024-12-28,Standard Class,Yuki Brown,Consumer,West,Seattle,Technology,Phones,Phones - Model 829,1,0.3,264.79,-11.35
4503,ORD-4516,2024-12-21,2024-12-28,Standard Class,Yuki Brown,Consumer,West,Seattle,Technology,Phones,Phones - Model 452,1,0.0,480.54,153.78
4504,ORD-4517,2024-02-03,2024-02-10,Standard Class,James Garcia,Consumer,West,Seattle,Office Supplies,Art,Art - Model 485,1,0.15,12.84,4.53
4505,ORD-4518,2025-08-24,2025-08-31,Standard Class,Maria Kim,Home Office,Central,Chicago,Office Supplies,Paper,Paper - Model 471,2,0.15,50.46,17.81
4506,ORD-4519,2024-02-27,2024-03-01,First Class,James Khan,Corporate,South,Charlotte,Technology,Phones,Phones - Model 442,1,0.0,724.15,231.73
4507,ORD-4520,2025-09-25,2025-09-28,First Class,Fatima Silva,Corporate,South,Nashville,Office Supplies,Art,Art - Model 453,2,0.1,73.59,28.62
4508,ORD-4521,2023-11-02,2023-11-04,First Class,Wei Silva,Consumer,Central,Chicago,Furniture,Chairs,Chairs - Model 774,2,0.0,659.01,144.99
4509,ORD-4522,2025-04-29,2025-05-02,First Class,Aisha Garcia,Consumer,West,Seattle,Office Supplies,Labels,Labels - Model 919,3,0.0,69.55,31.3
4510,ORD-4523,2025-07-07,2025-07-10,First Class,Aisha Rossi,Consumer,West,Phoenix,Office Supplies,Storage,Storage - Model 545,2,0.0,28.53,12.84
4511,ORD-4524,2025-02-26,2025-03-04,Standard Class,Priya Patel,Home Office,West,Phoenix,Office Supplies,Binders,Binders - Model 543,3,0.2,62.99,19.69
4512,ORD-4524,2025-02-26,2025-03-04,Standard Class,Priya Patel,Home Office,West,Phoenix,Office Supplies,Binders,Binders - Model 501,1,0.0,41.32,18.59
4513,ORD-4525,2024-04-20,2024-04-27,Standard Class,Ethan Brown,Consumer,East,New York,Office Supplies,Storage,Storage - Model 191,2,0.3,61.77,8.83
4514,ORD-4526,2023-07-02,2023-07-09,Standard Class,Noah Patel,Consumer,Central,Houston,Office Supplies,Binders,Binders - Model 787,1,0.0,48.19,21.69
4515,ORD-4527,2024-04-01,2024-04-07,Standard Class,Aisha Chen,Corporate,Central,Minneapolis,Furniture,Chairs,Chairs - Model 541,5,0.15,559.33,46.06
4516,ORD-4527,2024-04-01,2024-04-07,Standard Class,Aisha Chen,Corporate,Central,Minneapolis,Furniture,Chairs,Chairs - Model 935,1,0.0,194.87,42.87
4517,ORD-4528,2024-05-29,2024-06-05,Standard Class,Sofia Müller,Corporate,West,Los Angeles,Office Supplies,Labels,Labels - Model 886,1,0.1,36.08,14.03
4518,ORD-4529,2024-03-31,2024-04-07,Standard Class,Ivy Rossi,Corporate,West,Los Angeles,Office Supplies,Storage,Storage - Model 984,3,0.0,97.04,43.67
4519,ORD-4530,2025-06-06,2025-06-10,Second Class,Noah Smith,Corporate,South,Atlanta,Office Supplies,Labels,Labels - Model 219,3,0.1,92.54,35.99
4520,ORD-4531,2024-10-11,2024-10-17,Standard Class,James Diaz,Consumer,Central,Minneapolis,Office Supplies,Binders,Binders - Model 528,2,0.0,98.98,44.54
4521,ORD-4532,2023-11-24,2023-11-28,Second Class,Sofia Müller,Home Office,Central,Minneapolis,Furniture,Tables,Tables - Model 713,1,0.15,215.61,17.76
4522,ORD-4533,2024-11-13,2024-11-20,Standard Class,Aisha Diaz,Corporate,West,Phoenix,Office Supplies,Storage,Storage - Model 177,2,0.1,103.53,40.26
4523,ORD-4534,2025-11-17,2025-11-24,Standard Class,Yuki Müller,Consumer,West,Phoenix,Office Supplies,Paper,Paper - Model 162,1,0.0,16.16,7.27
4524,ORD-4534,2025-11-17,2025-11-24,Standard Class,Yuki Müller,Consumer,West,Phoenix,Office Supplies,Paper,Paper - Model 983,2,0.3,32.61,4.66
4525,ORD-4534,2025-11-17,2025-11-24,Standard Class,Yuki Müller,Consumer,West,Phoenix,Office Supplies,Paper,Paper - Model 273,1,0.1,25.19,9.8
4526,ORD-4535,2025-05-15,2025-05-19,Second Class,Yuki Müller,Consumer,Central,Minneapolis,Office Supplies,Paper,Paper - Model 759,1,0.0,33.65,15.14
4527,ORD-4536,2024-05-28,2024-06-03,Standard Class,Ivy Chen,Corporate,South,Atlanta,Office Supplies,Art,Art - Model 920,3,0.4,83.52,0.0
4528,ORD-4537,2025-05-02,2025-05-07,Second Class,Yuki Kim,Consumer,South,Miami,Furniture,Bookcases,Bookcases - Model 868,3,0.0,568.76,125.13
4529,ORD-4538,2024-03-11,2024-03-16,Second Class,Fatima Kim,Consumer,West,Phoenix,Office Supplies,Storage,Storage - Model 793,1,0.0,26.52,11.93
4530,ORD-4539,2024-05-11,2024-05-12,Same Day,Priya Rossi,Consumer,Central,Chicago,Furniture,Bookcases,Bookcases - Model 477,1,0.0,326.26,71.78
4531,ORD-4540,2023-12-06,2023-12-06,Same Day,Priya Patel,Consumer,South,Miami,Office Supplies,Storage,Storage - Model 817,2,0.0,65.12,29.3
4532,ORD-4541,2023-04-21,2023-04-28,Standard Class,Priya Rossi,Corporate,Central,Chicago,Office Supplies,Art,Art - Model 417,2,0.15,51.33,18.12
4533,ORD-4542,2024-07-08,2024-07-11,First Class,Maria Smith,Home Office,Central,Chicago,Office Supplies,Binders,Binders - Model 754,1,0.1,23.92,9.3
4534,ORD-4543,2025-11-12,2025-11-16,Second Class,Omar Diaz,Home Office,South,Miami,Office Supplies,Binders,Binders - Model 242,2,0.4,53.27,0.0
4535,ORD-4544,2023-11-26,2023-12-02,Standard Class,Noah Smith,Consumer,South,Charlotte,Office Supplies,Storage,Storage - Model 173,2,0.1,50.33,19.57
4536,ORD-4545,2025-11-14,2025-11-16,First Class,Sofia Müller,Home Office,Central,Chicago,Furniture,Tables,Tables - Model 572,5,0.15,1023.75,84.31
4537,ORD-4546,2023-12-02,2023-12-06,Second Class,Carlos Müller,Consumer,Central,Houston,Office Supplies,Art,Art - Model 555,1,0.15,57.61,20.33
4538,ORD-4547,2025-08-01,2025-08-08,Standard Class,Yuki Nguyen,Consumer,South,Miami,Furniture,Tables,Tables - Model 274,2,0.0,285.73,62.86
4539,ORD-4548,2023-12-08,2023-12-15,Standard Class,Sofia Chen,Consumer,Central,Minneapolis,Technology,Accessories,Accessories - Model 429,4,0.0,1747.39,559.16
4540,ORD-4549,2025-09-06,2025-09-09,First Class,Liam Nguyen,Corporate,West,Los Angeles,Furniture,Chairs,Chairs - Model 255,1,0.15,86.28,7.11
4541,ORD-4550,2024-10-07,2024-10-13,Standard Class,James Brown,Corporate,East,Philadelphia,Office Supplies,Storage,Storage - Model 473,1,0.0,53.13,23.91
4542,ORD-4551,2023-03-11,2023-03-17,Standard Class,Omar Brown,Consumer,South,Atlanta,Office Supplies,Storage,Storage - Model 646,1,0.3,29.97,4.28
4543,ORD-4552,2024-07-03,2024-07-06,First Class,Noah Khan,Consumer,South,Atlanta,Furniture,Bookcases,Bookcases - Model 839,2,0.0,486.01,106.92
4544,ORD-4553,2023-07-01,2023-07-07,Standard Class,Maria Rossi,Home Office,Central,Chicago,Technology,Copiers,Copiers - Model 549,2,0.0,689.43,220.62
4545,ORD-4554,2025-12-02,2025-12-08,Standard Class,Liam Diaz,Home Office,South,Charlotte,Office Supplies,Storage,Storage - Model 591,2,0.0,78.81,35.47
4546,ORD-4555,2025-10-29,2025-11-04,Standard Class,Wei Garcia,Consumer,West,Phoenix,Furniture,Bookcases,Bookcases - Model 582,3,0.1,599.2,79.9
4547,ORD-4556,2024-12-09,2024-12-15,Standard Class,Omar Brown,Corporate,South,Charlotte,Furniture,Furnishings,Furnishings - Model 662,2,0.0,645.57,142.03
4548,ORD-4557,2023-11-19,2023-11-26,Standard Class,Wei Novak,Consumer,West,Los Angeles,Office Supplies,Labels,Labels - Model 244,1,0.0,47.31,21.29
4549,ORD-4558,2023-12-18,2023-12-25,Standard Class,Ivy Diaz,Corporate,South,Nashville,Office Supplies,Paper,Paper - Model 956,1,0.0,22.27,10.02
4550,ORD-4558,2023-12-18,2023-12-25,Standard Class,Ivy Diaz,Corporate,South,Nashville,Office Supplies,Paper,Paper - Model 102,1,0.0,30.63,13.78
4551,ORD-4559,2025-10-11,2025-10-17,Standard Class,Ivy Novak,Corporate,Central,Chicago,Technology,Accessories,Accessories - Model 544,2,0.0,701.9,224.61
4552,ORD-4560,2023-06-09,2023-06-16,Standard Class,Aisha Brown,Consumer,West,Seattle,Office Supplies,Storage,Storage - Model 407,5,0.3,146.92,20.99
4553,ORD-4561,2023-05-11,2023-05-17,Standard Class,Ethan Chen,Consumer,West,Phoenix,Office Supplies,Art,Art - Model 793,1,0.0,44.67,20.1
4554,ORD-4562,2024-12-23,2024-12-29,Standard Class,Aisha Kim,Consumer,East,Philadelphia,Office Supplies,Binders,Binders - Model 968,2,0.0,64.11,28.85
4555,ORD-4563,2023-07-02,2023-07-05,First Class,Aisha Brown,Consumer,East,New York,Office Supplies,Art,Art - Model 410,5,0.0,117.3,52.79
4556,ORD-4564,2023-11-24,2023-11-30,Standard Class,Wei Novak,Consumer,West,Seattle,Technology,Machines,Machines - Model 356,2,0.0,646.66,206.93
4557,ORD-4565,2025-02-04,2025-02-10,Standard Class,Wei Rossi,Corporate,South,Atlanta,Furniture,Furnishings,Furnishings - Model 736,1,0.0,225.33,49.57
4558,ORD-4566,2024-01-02,2024-01-02,Same Day,Omar Patel,Consumer,Central,Dallas,Office Supplies,Storage,Storage - Model 256,5,0.0,172.21,77.5
4559,ORD-4567,2025-11-25,2025-12-02,Standard Class,Ivy Brown,Consumer,Central,Chicago,Office Supplies,Paper,Paper - Model 424,3,0.1,70.53,27.43
4560,ORD-4568,2025-12-16,2025-12-23,Standard Class,Aisha Silva,Consumer,West,Los Angeles,Technology,Copiers,Copiers - Model 937,5,0.0,2205.92,705.89
4561,ORD-4569,2023-04-17,2023-04-24,Standard Class,Wei Khan,Home Office,South,Atlanta,Office Supplies,Binders,Binders - Model 933,2,0.3,43.03,6.15
4562,ORD-4570,2023-09-23,2023-09-29,Standard Class,Fatima Khan,Corporate,East,Philadelphia,Office Supplies,Binders,Binders - Model 112,2,0.0,93.61,42.13
4563,ORD-4571,2023-03-03,2023-03-09,Standard Class,Fatima Kim,Consumer,East,Newark,Office Supplies,Paper,Paper - Model 903,2,0.1,64.78,25.19
4564,ORD-4572,2025-04-28,2025-05-04,Standard Class,Priya Rossi,Consumer,East,Philadelphia,Office Supplies,Binders,Binders - Model 705,2,0.15,64.73,22.85
4565,ORD-4572,2025-04-28,2025-05-04,Standard Class,Priya Rossi,Consumer,East,Philadelphia,Office Supplies,Binders,Binders - Model 934,2,0.0,54.65,24.59
4566,ORD-4572,2025-04-28,2025-05-04,Standard Class,Priya Rossi,Consumer,East,Philadelphia,Office Supplies,Binders,Binders - Model 457,1,0.0,41.16,18.52
4567,ORD-4573,2023-07-23,2023-07-30,Standard Class,Sofia Novak,Home Office,Central,Houston,Office Supplies,Storage,Storage - Model 834,4,0.15,123.78,43.69
4568,ORD-4574,2024-09-04,2024-09-10,Standard Class,Aisha Brown,Corporate,East,Boston,Office Supplies,Paper,Paper - Model 706,5,0.3,128.06,18.29
4569,ORD-4575,2023-01-21,2023-01-27,Standard Class,Priya Chen,Home Office,Central,Houston,Office Supplies,Binders,Binders - Model 287,1,0.3,19.46,2.78
4570,ORD-4576,2025-09-02,2025-09-06,Second Class,Liam Khan,Consumer,West,San Francisco,Technology,Phones,Phones - Model 458,1,0.0,345.85,110.67
4571,ORD-4577,2025-03-16,2025-03-22,Standard Class,Aisha Müller,Corporate,Central,Houston,Technology,Phones,Phones - Model 813,4,0.15,975.96,195.19
4572,ORD-4578,2024-09-07,2024-09-13,Standard Class,Fatima Novak,Corporate,Central,Minneapolis,Furniture,Tables,Tables - Model 673,3,0.1,1156.75,154.24
4573,ORD-4579,2024-04-01,2024-04-08,Standard Class,Fatima Novak,Corporate,South,Charlotte,Office Supplies,Paper,Paper - Model 786,1,0.0,37.45,16.85
4574,ORD-4580,2024-10-18,2024-10-25,Standard Class,James Okafor,Home Office,South,Atlanta,Technology,Machines,Machines - Model 635,1,0.3,323.63,-13.87
4575,ORD-4581,2025-06-13,2025-06-17,Second Class,James Brown,Corporate,West,Los Angeles,Furniture,Bookcases,Bookcases - Model 693,2,0.0,402.87,88.63
4576,ORD-4582,2023-11-20,2023-11-26,Standard Class,Carlos Rossi,Consumer,East,Boston,Office Supplies,Paper,Paper - Model 100,1,0.2,31.14,9.73
4577,ORD-4583,2025-12-13,2025-12-20,Standard Class,Yuki Silva,Home Office,South,Nashville,Office Supplies,Binders,Binders - Model 573,2,0.4,29.08,0.0
4578,ORD-4584,2023-05-08,2023-05-14,Standard Class,Yuki Smith,Home Office,Central,Chicago,Furniture,Chairs,Chairs - Model 780,3,0.0,669.21,147.23
4579,ORD-4585,2025-09-09,2025-09-15,Standard Class,Carlos Rossi,Consumer,East,Newark,Office Supplies,Storage,Storage - Model 151,3,0.1,47.32,18.4
4580,ORD-4586,2023-11-11,2023-11-13,First Class,Yuki Müller,Consumer,East,New York,Office Supplies,Binders,Binders - Model 155,3,0.15,136.01,48.0
4581,ORD-4587,2025-10-17,2025-10-20,First Class,Wei Nguyen,Home Office,South,Miami,Technology,Copiers,Copiers - Model 385,2,0.0,1085.09,347.23
4582,ORD-4588,2025-12-09,2025-12-15,Standard Class,Noah Patel,Consumer,East,Boston,Technology,Phones,Phones - Model 847,1,0.0,525.81,168.26
4583,ORD-4589,2024-12-03,2024-12-10,Standard Class,Liam Nguyen,Home Office,Central,Dallas,Furniture,Bookcases,Bookcases - Model 481,1,0.1,220.04,29.34
4584,ORD-4590,2023-07-18,2023-07-25,Standard Class,Maria Khan,Consumer,East,New York,Office Supplies,Art,Art - Model 568,1,0.0,49.86,22.44
4585,ORD-4591,2023-04-20,2023-04-26,Standard Class,Carlos Diaz,Consumer,Central,Houston,Furniture,Chairs,Chairs - Model 344,1,0.0,385.47,84.8
4586,ORD-4592,2024-08-19,2024-08-20,Same Day,Ivy Smith,Consumer,Central,Dallas,Furniture,Furnishings,Furnishings - Model 504,1,0.15,97.61,8.04
4587,ORD-4593,2025-01-06,2025-01-13,Standard Class,Wei Müller,Consumer,East,Philadelphia,Office Supplies,Labels,Labels - Model 847,2,0.0,81.37,36.62
4588,ORD-4594,2024-05-08,2024-05-13,Second Class,Maria Silva,Consumer,South,Atlanta,Office Supplies,Labels,Labels - Model 735,3,0.1,107.79,41.92
4589,ORD-4595,2024-06-16,2024-06-20,Second Class,Omar Khan,Corporate,South,Miami,Office Supplies,Art,Art - Model 455,3,0.2,116.91,36.54
4590,ORD-4596,2025-12-09,2025-12-13,Second Class,Priya Khan,Home Office,South,Atlanta,Office Supplies,Labels,Labels - Model 635,1,0.0,22.99,10.35
4591,ORD-4597,2024-01-18,2024-01-24,Standard Class,Sofia Kim,Corporate,South,Nashville,Furniture,Chairs,Chairs - Model 902,1,0.0,174.2,38.32
4592,ORD-4598,2023-11-11,2023-11-15,Second Class,Omar Müller,Consumer,Central,Chicago,Office Supplies,Binders,Binders - Model 697,2,0.0,64.89,29.2
4593,ORD-4599,2023-12-21,2023-12-23,First Class,Liam Kim,Corporate,East,New York,Office Supplies,Art,Art - Model 360,2,0.2,44.78,13.99
4594,ORD-4600,2024-01-02,2024-01-09,Standard Class,Fatima Silva,Consumer,West,San Francisco,Furniture,Bookcases,Bookcases - Model 368,1,0.15,145.79,12.01
4595,ORD-4601,2025-12-23,2025-12-30,Standard Class,Ivy Müller,Home Office,West,Phoenix,Office Supplies,Art,Art - Model 230,1,0.3,32.3,4.61
4596,ORD-4602,2024-11-19,2024-11-24,Second Class,Ethan Silva,Consumer,West,San Francisco,Technology,Copiers,Copiers - Model 476,1,0.1,327.58,80.08
4597,ORD-4603,2025-12-10,2025-12-16,Standard Class,Liam Silva,Home Office,West,Los Angeles,Furniture,Bookcases,Bookcases - Model 144,1,0.1,197.16,26.29
4598,ORD-4604,2023-12-01,2023-12-03,First Class,Sofia Diaz,Consumer,South,Miami,Technology,Machines,Machines - Model 461,1,0.1,275.86,67.43
4599,ORD-4605,2025-12-15,2025-12-22,Standard Class,Yuki Smith,Corporate,East,Boston,Furniture,Chairs,Chairs - Model 794,1,0.0,233.46,51.36
4600,ORD-4606,2024-12-02,2024-12-04,First Class,Ivy Müller,Consumer,West,Phoenix,Office Supplies,Binders,Binders - Model 782,1,0.1,50.06,19.47
4601,ORD-4607,2025-01-10,2025-01-17,Standard Class,Ivy Brown,Corporate,Central,Houston,Technology,Accessories,Accessories - Model 624,1,0.0,342.45,109.58
4602,ORD-4608,2025-08-09,2025-08-15,Standard Class,Omar Brown,Consumer,Central,Chicago,Office Supplies,Labels,Labels - Model 140,1,0.0,21.97,9.88
4603,ORD-4609,2024-01-13,2024-01-20,Standard Class,Ethan Garcia,Consumer,East,Boston,Technology,Copiers,Copiers - Model 864,3,0.0,872.41,279.17
4604,ORD-4610,2024-12-14,2024-12-20,Standard Class,Noah Chen,Consumer,South,Atlanta,Technology,Accessories,Accessories - Model 586,3,0.3,852.75,-36.55
4605,ORD-4611,2024-03-04,2024-03-11,Standard Class,Ethan Müller,Corporate,West,San Francisco,Technology,Copiers,Copiers - Model 395,2,0.0,1159.45,371.02
4606,ORD-4612,2025-12-21,2025-12-23,First Class,Yuki Silva,Home Office,West,Seattle,Office Supplies,Storage,Storage - Model 654,2,0.0,71.54,32.19
4607,ORD-4613,2023-06-04,2023-06-11,Standard Class,Aisha Rossi,Home Office,South,Nashville,Furniture,Furnishings,Furnishings - Model 265,4,0.1,1041.37,138.85
4608,ORD-4614,2023-04-18,2023-04-24,Standard Class,Ethan Garcia,Home Office,Central,Dallas,Technology,Phones,Phones - Model 845,1,0.1,200.25,48.95
4609,ORD-4615,2025-01-01,2025-01-02,Same Day,Sofia Kim,Consumer,Central,Dallas,Office Supplies,Labels,Labels - Model 365,4,0.4,51.55,-0.01
4610,ORD-4616,2023-06-25,2023-07-01,Standard Class,Omar Müller,Consumer,East,Boston,Office Supplies,Storage,Storage - Model 526,2,0.0,31.11,14.0
4611,ORD-4616,2023-06-25,2023-07-01,Standard Class,Omar Müller,Consumer,East,Boston,Office Supplies,Storage,Storage - Model 647,1,0.0,23.7,10.66
4612,ORD-4617,2025-04-29,2025-05-04,Second Class,Liam Khan,Corporate,East,New York,Furniture,Bookcases,Bookcases - Model 244,2,0.0,558.99,122.98
4613,ORD-4618,2024-05-19,2024-05-26,Standard Class,Aisha Müller,Corporate,South,Miami,Furniture,Furnishings,Furnishings - Model 297,1,0.0,312.13,68.67
4614,ORD-4618,2024-05-19,2024-05-26,Standard Class,Aisha Müller,Corporate,South,Miami,Furniture,Furnishings,Furnishings - Model 116,3,0.1,633.25,84.43
4615,ORD-4619,2024-01-28,2024-02-01,Second Class,Wei Novak,Home Office,Central,Houston,Furniture,Chairs,Chairs - Model 600,2,0.0,542.92,119.44
4616,ORD-4620,2024-08-24,2024-08-31,Standard Class,James Garcia,Consumer,West,Los Angeles,Furniture,Furnishings,Furnishings - Model 117,3,0.1,843.19,112.43
4617,ORD-4621,2025-01-24,2025-01-29,Second Class,Aisha Khan,Home Office,Central,Minneapolis,Office Supplies,Storage,Storage - Model 640,3,0.3,106.52,15.22
4618,ORD-4622,2024-10-24,2024-10-28,Second Class,Ethan Khan,Consumer,West,San Francisco,Office Supplies,Labels,Labels - Model 837,3,0.0,105.44,47.45
4619,ORD-4623,2025-10-13,2025-10-19,Standard Class,Fatima Novak,Corporate,West,Phoenix,Office Supplies,Art,Art - Model 252,3,0.1,116.78,45.41
4620,ORD-4624,2024-05-30,2024-06-05,Standard Class,Aisha Smith,Consumer,East,New York,Office Supplies,Binders,Binders - Model 556,1,0.4,20.76,0.0
4621,ORD-4625,2023-12-28,2024-01-03,Standard Class,Fatima Brown,Consumer,West,Los Angeles,Office Supplies,Labels,Labels - Model 851,1,0.4,26.59,-0.01
4622,ORD-4626,2023-04-09,2023-04-15,Standard Class,Noah Rossi,Corporate,West,Phoenix,Office Supplies,Art,Art - Model 642,1,0.2,34.13,10.66
4623,ORD-4627,2024-03-10,2024-03-11,Same Day,Carlos Rossi,Corporate,South,Nashville,Office Supplies,Paper,Paper - Model 828,1,0.15,36.07,12.73
4624,ORD-4628,2025-09-25,2025-09-26,Same Day,James Rossi,Corporate,Central,Dallas,Office Supplies,Binders,Binders - Model 482,1,0.1,45.1,17.54
4625,ORD-4629,2023-06-19,2023-06-26,Standard Class,Omar Khan,Home Office,East,Newark,Technology,Accessories,Accessories - Model 755,2,0.15,1218.58,243.72
4626,ORD-4630,2023-12-24,2023-12-29,Second Class,Maria Kim,Corporate,East,Newark,Technology,Phones,Phones - Model 637,1,0.0,455.74,145.84
4627,ORD-4631,2025-05-04,2025-05-11,Standard Class,Noah Diaz,Corporate,Central,Houston,Furniture,Furnishings,Furnishings - Model 317,5,0.1,770.98,102.79
4628,ORD-4631,2025-05-04,2025-05-11,Standard Class,Noah Diaz,Corporate,Central,Houston,Furniture,Furnishings,Furnishings - Model 861,1,0.0,174.29,38.34
4629,ORD-4631,2025-05-04,2025-05-11,Standard Class,Noah Diaz,Corporate,Central,Houston,Furniture,Furnishings,Furnishings - Model 354,5,0.1,789.91,105.32
4630,ORD-4632,2024-03-01,2024-03-08,Standard Class,Wei Rossi,Corporate,Central,Minneapolis,Office Supplies,Storage,Storage - Model 974,2,0.3,56.43,8.06
4631,ORD-4633,2025-11-03,2025-11-09,Standard Class,Ethan Khan,Consumer,South,Nashville,Office Supplies,Art,Art - Model 519,2,0.0,38.54,17.34
4632,ORD-4634,2023-08-22,2023-08-29,Standard Class,Omar Diaz,Consumer,East,Newark,Technology,Phones,Phones - Model 250,1,0.4,189.13,-40.98
4633,ORD-4635,2025-12-06,2025-12-10,Second Class,Ethan Novak,Corporate,East,Boston,Office Supplies,Labels,Labels - Model 360,2,0.4,53.99,0.0
4634,ORD-4636,2024-12-18,2024-12-25,Standard Class,Noah Rossi,Consumer,South,Nashville,Furniture,Chairs,Chairs - Model 135,2,0.0,224.88,49.48
4635,ORD-4637,2024-06-23,2024-06-27,Second Class,Liam Patel,Home Office,East,Philadelphia,Office Supplies,Art,Art - Model 833,1,0.0,25.54,11.49
4636,ORD-4638,2023-12-06,2023-12-09,First Class,Liam Khan,Consumer,West,Seattle,Office Supplies,Storage,Storage - Model 898,5,0.0,160.04,72.02
4637,ORD-4638,2023-12-06,2023-12-09,First Class,Liam Khan,Consumer,West,Seattle,Office Supplies,Storage,Storage - Model 557,1,0.0,49.69,22.36
4638,ORD-4639,2024-10-03,2024-10-10,Standard Class,Liam Okafor,Corporate,West,Los Angeles,Technology,Machines,Machines - Model 959,2,0.2,523.66,78.55
4639,ORD-4640,2025-03-27,2025-03-30,First Class,Sofia Kim,Corporate,Central,Dallas,Office Supplies,Binders,Binders - Model 282,5,0.4,120.11,0.0
4640,ORD-4641,2024-02-09,2024-02-15,Standard Class,Aisha Okafor,Consumer,South,Nashville,Office Supplies,Binders,Binders - Model 973,4,0.15,99.74,35.2
4641,ORD-4642,2024-04-02,2024-04-08,Standard Class,James Khan,Consumer,West,Seattle,Office Supplies,Labels,Labels - Model 429,2,0.15,62.21,21.95
4642,ORD-4643,2024-06-03,2024-06-07,Second Class,Ethan Müller,Home Office,South,Charlotte,Office Supplies,Art,Art - Model 400,3,0.1,112.49,43.75
4643,ORD-4643,2024-06-03,2024-06-07,Second Class,Ethan Müller,Home Office,South,Charlotte,Office Supplies,Art,Art - Model 857,5,0.0,93.04,41.87
4644,ORD-4644,2023-12-14,2023-12-18,Second Class,Priya Kim,Corporate,Central,Dallas,Office Supplies,Paper,Paper - Model 660,2,0.2,69.58,21.75
4645,ORD-4644,2023-12-14,2023-12-18,Second Class,Priya Kim,Corporate,Central,Dallas,Office Supplies,Paper,Paper - Model 291,1,0.1,34.09,13.26
4646,ORD-4645,2025-11-10,2025-11-17,Standard Class,Priya Nguyen,Corporate,West,Seattle,Office Supplies,Paper,Paper - Model 217,2,0.1,42.63,16.58
4647,ORD-4646,2025-08-05,2025-08-11,Standard Class,Noah Patel,Corporate,West,Seattle,Technology,Copiers,Copiers - Model 471,1,0.0,442.77,141.68
4648,ORD-4647,2025-11-14,2025-11-21,Standard Class,Sofia Khan,Consumer,East,Philadelphia,Technology,Copiers,Copiers - Model 790,2,0.15,622.53,124.51
4649,ORD-4648,2023-09-26,2023-09-29,First Class,Priya Okafor,Consumer,South,Charlotte,Furniture,Chairs,Chairs - Model 107,2,0.0,350.26,77.06
4650,ORD-4649,2024-03-19,2024-03-26,Standard Class,James Rossi,Corporate,South,Nashville,Technology,Copiers,Copiers - Model 750,2,0.1,419.02,102.42
4651,ORD-4649,2024-03-19,2024-03-26,Standard Class,James Rossi,Corporate,South,Nashville,Technology,Copiers,Copiers - Model 932,2,0.2,669.69,100.45
4652,ORD-4650,2024-01-29,2024-02-05,Standard Class,Priya Nguyen,Consumer,East,Boston,Office Supplies,Storage,Storage - Model 437,3,0.0,56.11,25.25
4653,ORD-4651,2024-11-27,2024-12-02,Second Class,James Garcia,Corporate,West,Seattle,Office Supplies,Paper,Paper - Model 577,3,0.15,148.81,52.52
4654,ORD-4652,2024-12-06,2024-12-12,Standard Class,Carlos Nguyen,Corporate,West,Seattle,Office Supplies,Binders,Binders - Model 457,3,0.2,37.31,11.66
4655,ORD-4653,2023-09-27,2023-10-03,Standard Class,Ivy Brown,Consumer,Central,Chicago,Office Supplies,Paper,Paper - Model 216,2,0.1,53.96,20.99
4656,ORD-4654,2024-12-13,2024-12-20,Standard Class,Liam Chen,Corporate,Central,Dallas,Technology,Phones,Phones - Model 528,4,0.15,1377.08,275.42
4657,ORD-4654,2024-12-13,2024-12-20,Standard Class,Liam Chen,Corporate,Central,Dallas,Technology,Phones,Phones - Model 341,2,0.1,712.53,174.17
4658,ORD-4655,2025-11-28,2025-12-03,Second Class,Liam Khan,Corporate,Central,Chicago,Office Supplies,Paper,Paper - Model 589,3,0.0,79.14,35.61
4659,ORD-4655,2025-11-28,2025-12-03,Second Class,Liam Khan,Corporate,Central,Chicago,Office Supplies,Paper,Paper - Model 451,1,0.1,29.5,11.47
4660,ORD-4655,2025-11-28,2025-12-03,Second Class,Liam Khan,Corporate,Central,Chicago,Office Supplies,Paper,Paper - Model 976,1,0.2,14.09,4.4
4661,ORD-4656,2025-08-06,2025-08-12,Standard Class,Carlos Nguyen,Consumer,Central,Houston,Technology,Accessories,Accessories - Model 416,1,0.2,317.83,47.68
4662,ORD-4657,2025-10-20,2025-10-26,Standard Class,Yuki Diaz,Consumer,Central,Dallas,Furniture,Chairs,Chairs - Model 443,3,0.0,835.05,183.71
4663,ORD-4658,2023-02-20,2023-02-27,Standard Class,Noah Garcia,Consumer,East,New York,Office Supplies,Storage,Storage - Model 571,2,0.0,80.58,36.26
4664,ORD-4659,2024-05-06,2024-05-13,Standard Class,Omar Rossi,Consumer,South,Atlanta,Office Supplies,Paper,Paper - Model 971,1,0.0,46.77,21.05
4665,ORD-4659,2024-05-06,2024-05-13,Standard Class,Omar Rossi,Consumer,South,Atlanta,Office Supplies,Paper,Paper - Model 260,2,0.15,53.59,18.91
4666,ORD-4660,2023-03-17,2023-03-20,First Class,Priya Novak,Home Office,East,Philadelphia,Office Supplies,Storage,Storage - Model 846,1,0.0,34.41,15.49
4667,ORD-4661,2024-03-30,2024-04-05,Standard Class,Carlos Müller,Consumer,East,Boston,Furniture,Furnishings,Furnishings - Model 967,1,0.1,278.86,37.18
4668,ORD-4661,2024-03-30,2024-04-05,Standard Class,Carlos Müller,Consumer,East,Boston,Furniture,Furnishings,Furnishings - Model 702,4,0.0,856.11,188.35
4669,ORD-4661,2024-03-30,2024-04-05,Standard Class,Carlos Müller,Consumer,East,Boston,Furniture,Furnishings,Furnishings - Model 222,1,0.0,182.12,40.07
4670,ORD-4662,2024-09-24,2024-09-28,Second Class,Carlos Brown,Consumer,East,Newark,Office Supplies,Storage,Storage - Model 192,2,0.0,91.66,41.25
4671,ORD-4663,2025-02-17,2025-02-22,Second Class,Ethan Khan,Consumer,West,Seattle,Furniture,Chairs,Chairs - Model 814,1,0.15,202.84,16.7
4672,ORD-4664,2025-11-29,2025-12-02,First Class,Ethan Müller,Corporate,Central,Minneapolis,Technology,Machines,Machines - Model 101,1,0.2,345.0,51.75
4673,ORD-4665,2025-03-06,2025-03-09,First Class,Ivy Diaz,Home Office,East,New York,Furniture,Chairs,Chairs - Model 968,3,0.1,944.32,125.91
4674,ORD-4666,2025-05-08,2025-05-11,First Class,Wei Silva,Home Office,East,Newark,Technology,Machines,Machines - Model 426,1,0.0,431.19,137.98
4675,ORD-4666,2025-05-08,2025-05-11,First Class,Wei Silva,Home Office,East,Newark,Technology,Machines,Machines - Model 555,5,0.1,2428.65,593.67
4676,ORD-4666,2025-05-08,2025-05-11,First Class,Wei Silva,Home Office,East,Newark,Technology,Machines,Machines - Model 775,1,0.15,254.79,50.96
4677,ORD-4667,2023-06-10,2023-06-17,Standard Class,Yuki Nguyen,Home Office,Central,Dallas,Office Supplies,Paper,Paper - Model 365,3,0.0,115.44,51.95
4678,ORD-4668,2025-01-11,2025-01-13,First Class,Ivy Rossi,Home Office,South,Miami,Office Supplies,Paper,Paper - Model 666,2,0.0,102.2,45.99
4679,ORD-4669,2025-04-17,2025-04-24,Standard Class,Noah Smith,Corporate,Central,Houston,Furniture,Furnishings,Furnishings - Model 862,1,0.3,187.13,-34.76
4680,ORD-4670,2025-03-01,2025-03-08,Standard Class,Omar Smith,Consumer,South,Charlotte,Technology,Copiers,Copiers - Model 502,1,0.1,347.87,85.03
4681,ORD-4671,2024-05-01,2024-05-08,Standard Class,Noah Khan,Home Office,West,Seattle,Furniture,Chairs,Chairs - Model 986,2,0.2,519.04,12.97
4682,ORD-4672,2023-02-16,2023-02-22,Standard Class,Yuki Brown,Consumer,West,Seattle,Office Supplies,Binders,Binders - Model 134,1,0.1,18.6,7.23
4683,ORD-4672,2023-02-16,2023-02-22,Standard Class,Yuki Brown,Consumer,West,Seattle,Office Supplies,Binders,Binders - Model 470,2,0.2,65.18,20.37
4684,ORD-4673,2024-12-26,2024-12-29,First Class,Aisha Garcia,Home Office,Central,Houston,Furniture,Tables,Tables - Model 365,4,0.0,699.24,153.83
4685,ORD-4674,2023-05-21,2023-05-21,Same Day,Aisha Brown,Consumer,West,San Francisco,Office Supplies,Storage,Storage - Model 822,3,0.0,133.48,60.07
4686,ORD-4675,2025-06-13,2025-06-20,Standard Class,Priya Nguyen,Consumer,Central,Dallas,Office Supplies,Paper,Paper - Model 927,4,0.0,198.6,89.37
4687,ORD-4676,2023-01-07,2023-01-13,Standard Class,Ethan Nguyen,Consumer,East,New York,Office Supplies,Paper,Paper - Model 216,1,0.15,32.57,11.5
4688,ORD-4677,2025-11-25,2025-11-30,Second Class,James Silva,Corporate,South,Nashville,Furniture,Tables,Tables - Model 236,3,0.0,377.92,83.14
4689,ORD-4678,2023-02-05,2023-02-12,Standard Class,Omar Novak,Corporate,Central,Chicago,Technology,Accessories,Accessories - Model 917,4,0.1,1632.07,398.95
4690,ORD-4678,2023-02-05,2023-02-12,Standard Class,Omar Novak,Corporate,Central,Chicago,Technology,Accessories,Accessories - Model 485,5,0.0,1071.29,342.82
4691,ORD-4679,2023-11-09,2023-11-15,Standard Class,James Diaz,Consumer,Central,Houston,Furniture,Bookcases,Bookcases - Model 338,1,0.4,162.98,-62.47
4692,ORD-4680,2024-09-09,2024-09-16,Standard Class,Carlos Nguyen,Corporate,South,Nashville,Technology,Copiers,Copiers - Model 203,1,0.1,393.21,96.12
4693,ORD-4681,2025-09-21,2025-09-23,First Class,Yuki Silva,Corporate,Central,Minneapolis,Office Supplies,Art,Art - Model 705,1,0.1,3.6,1.4
4694,ORD-4682,2024-10-15,2024-10-21,Standard Class,Wei Khan,Consumer,West,Phoenix,Office Supplies,Labels,Labels - Model 723,2,0.15,47.79,16.87
4695,ORD-4683,2023-12-01,2023-12-05,Second Class,Ivy Smith,Consumer,West,Los Angeles,Office Supplies,Binders,Binders - Model 890,1,0.0,21.89,9.85
4696,ORD-4684,2025-12-09,2025-12-11,First Class,Liam Garcia,Corporate,East,Boston,Office Supplies,Binders,Binders - Model 607,2,0.2,60.74,18.98
4697,ORD-4685,2023-08-15,2023-08-16,Same Day,Omar Patel,Consumer,West,San Francisco,Technology,Phones,Phones - Model 901,1,0.0,394.22,126.15
4698,ORD-4686,2024-04-25,2024-05-01,Standard Class,Omar Smith,Consumer,West,Los Angeles,Office Supplies,Art,Art - Model 684,1,0.0,34.77,15.65
4699,ORD-4687,2023-12-25,2024-01-01,Standard Class,Aisha Brown,Consumer,South,Nashville,Office Supplies,Art,Art - Model 511,2,0.2,34.58,10.81
4700,ORD-4688,2023-05-29,2023-06-05,Standard Class,Omar Brown,Consumer,East,Boston,Office Supplies,Storage,Storage - Model 762,1,0.1,9.1,3.54
4701,ORD-4689,2023-02-04,2023-02-10,Standard Class,Wei Khan,Consumer,South,Atlanta,Office Supplies,Labels,Labels - Model 163,1,0.15,29.94,10.57
4702,ORD-4689,2023-02-04,2023-02-10,Standard Class,Wei Khan,Consumer,South,Atlanta,Office Supplies,Labels,Labels - Model 878,2,0.0,46.74,21.04
4703,ORD-4689,2023-02-04,2023-02-10,Standard Class,Wei Khan,Consumer,South,Atlanta,Office Supplies,Labels,Labels - Model 700,1,0.0,31.24,14.06
4704,ORD-4690,2023-08-20,2023-08-26,Standard Class,Maria Khan,Corporate,South,Atlanta,Technology,Accessories,Accessories - Model 315,1,0.0,284.24,90.96
4705,ORD-4691,2025-02-06,2025-02-10,Second Class,Yuki Smith,Corporate,Central,Dallas,Furniture,Bookcases,Bookcases - Model 662,3,0.1,640.41,85.39
4706,ORD-4691,2025-02-06,2025-02-10,Second Class,Yuki Smith,Corporate,Central,Dallas,Furniture,Bookcases,Bookcases - Model 324,2,0.0,312.09,68.66
4707,ORD-4691,2025-02-06,2025-02-10,Second Class,Yuki Smith,Corporate,Central,Dallas,Furniture,Bookcases,Bookcases - Model 385,2,0.3,346.83,-64.4
4708,ORD-4692,2023-01-10,2023-01-15,Second Class,Noah Patel,Corporate,South,Nashville,Furniture,Tables,Tables - Model 963,1,0.15,177.8,14.64
4709,ORD-4693,2025-07-01,2025-07-05,Second Class,Ivy Brown,Consumer,South,Charlotte,Technology,Copiers,Copiers - Model 968,4,0.15,2000.81,400.16
4710,ORD-4694,2024-12-21,2024-12-25,Second Class,Liam Diaz,Consumer,Central,Houston,Office Supplies,Storage,Storage - Model 648,3,0.1,41.13,15.99
4711,ORD-4695,2024-02-12,2024-02-17,Second Class,Ivy Khan,Consumer,South,Charlotte,Office Supplies,Art,Art - Model 695,4,0.15,92.51,32.65
4712,ORD-4696,2025-01-24,2025-01-30,Standard Class,Aisha Okafor,Consumer,West,San Francisco,Furniture,Chairs,Chairs - Model 219,2,0.0,661.3,145.49
4713,ORD-4697,2023-09-17,2023-09-17,Same Day,Maria Rossi,Home Office,West,San Francisco,Technology,Phones,Phones - Model 631,3,0.3,973.23,-41.71
4714,ORD-4698,2023-11-10,2023-11-17,Standard Class,Aisha Brown,Home Office,Central,Dallas,Office Supplies,Storage,Storage - Model 796,1,0.0,15.84,7.13
4715,ORD-4699,2024-07-04,2024-07-11,Standard Class,Fatima Diaz,Corporate,Central,Chicago,Office Supplies,Labels,Labels - Model 595,1,0.15,34.03,12.01
4716,ORD-4700,2025-09-04,2025-09-10,Standard Class,Sofia Nguyen,Home Office,West,Phoenix,Office Supplies,Storage,Storage - Model 148,1,0.0,22.09,9.94
4717,ORD-4701,2024-04-15,2024-04-19,Second Class,Liam Silva,Consumer,West,San Francisco,Office Supplies,Storage,Storage - Model 839,3,0.0,70.42,31.69
4718,ORD-4702,2025-09-06,2025-09-12,Standard Class,Liam Rossi,Consumer,East,New York,Office Supplies,Labels,Labels - Model 372,2,0.0,24.96,11.23
4719,ORD-4702,2025-09-06,2025-09-12,Standard Class,Liam Rossi,Consumer,East,New York,Office Supplies,Labels,Labels - Model 662,1,0.0,46.89,21.1
4720,ORD-4702,2025-09-06,2025-09-12,Standard Class,Liam Rossi,Consumer,East,New York,Office Supplies,Labels,Labels - Model 945,1,0.15,45.0,15.88
4721,ORD-4703,2025-10-13,2025-10-19,Standard Class,Priya Novak,Consumer,West,San Francisco,Technology,Phones,Phones - Model 788,3,0.0,137.97,44.15
4722,ORD-4703,2025-10-13,2025-10-19,Standard Class,Priya Novak,Consumer,West,San Francisco,Technology,Phones,Phones - Model 456,1,0.0,353.74,113.2
4723,ORD-4704,2025-03-26,2025-04-02,Standard Class,Ivy Patel,Consumer,Central,Chicago,Office Supplies,Labels,Labels - Model 914,2,0.3,51.4,7.34
4724,ORD-4705,2024-04-02,2024-04-09,Standard Class,Fatima Khan,Consumer,East,Philadelphia,Office Supplies,Binders,Binders - Model 554,1,0.0,21.79,9.81
4725,ORD-4706,2024-11-23,2024-11-30,Standard Class,Fatima Silva,Home Office,East,Boston,Office Supplies,Labels,Labels - Model 542,4,0.15,30.8,10.87
4726,ORD-4706,2024-11-23,2024-11-30,Standard Class,Fatima Silva,Home Office,East,Boston,Office Supplies,Labels,Labels - Model 622,4,0.0,122.32,55.04
4727,ORD-4706,2024-11-23,2024-11-30,Standard Class,Fatima Silva,Home Office,East,Boston,Office Supplies,Labels,Labels - Model 868,1,0.0,22.13,9.96
4728,ORD-4707,2024-05-17,2024-05-23,Standard Class,Sofia Kim,Consumer,East,New York,Office Supplies,Storage,Storage - Model 926,2,0.0,88.12,39.65
4729,ORD-4708,2024-06-11,2024-06-18,Standard Class,Carlos Patel,Home Office,West,Phoenix,Office Supplies,Binders,Binders - Model 784,3,0.0,85.56,38.5
4730,ORD-4709,2023-09-01,2023-09-07,Standard Class,Carlos Garcia,Corporate,Central,Houston,Office Supplies,Storage,Storage - Model 883,5,0.0,182.38,82.07
4731,ORD-4710,2025-05-15,2025-05-22,Standard Class,Aisha Chen,Corporate,Central,Houston,Technology,Copiers,Copiers - Model 394,4,0.3,791.56,-33.93
4732,ORD-4711,2025-05-21,2025-05-23,First Class,Omar Patel,Consumer,East,Boston,Furniture,Furnishings,Furnishings - Model 818,2,0.15,355.51,29.28
4733,ORD-4712,2023-07-12,2023-07-12,Same Day,Yuki Smith,Consumer,East,New York,Furniture,Tables,Tables - Model 914,2,0.0,594.75,130.84
4734,ORD-4713,2023-11-16,2023-11-22,Standard Class,Ethan Müller,Consumer,East,New York,Office Supplies,Labels,Labels - Model 329,5,0.0,227.23,102.25
4735,ORD-4714,2025-10-15,2025-10-19,Second Class,Priya Khan,Consumer,South,Atlanta,Technology,Machines,Machines - Model 897,2,0.3,573.59,-24.58
4736,ORD-4714,2025-10-15,2025-10-19,Second Class,Priya Khan,Consumer,South,Atlanta,Technology,Machines,Machines - Model 699,5,0.3,1334.34,-57.18
4737,ORD-4714,2025-10-15,2025-10-19,Second Class,Priya Khan,Consumer,South,Atlanta,Technology,Machines,Machines - Model 109,2,0.2,524.07,78.61
4738,ORD-4715,2024-07-30,2024-08-01,First Class,Aisha Brown,Consumer,West,Phoenix,Office Supplies,Labels,Labels - Model 185,5,0.15,221.75,78.27
4739,ORD-4715,2024-07-30,2024-08-01,First Class,Aisha Brown,Consumer,West,Phoenix,Office Supplies,Labels,Labels - Model 782,1,0.0,42.17,18.98
4740,ORD-4716,2023-03-05,2023-03-12,Standard Class,Omar Garcia,Consumer,West,San Francisco,Technology,Machines,Machines - Model 171,1,0.15,441.65,88.33
4741,ORD-4717,2023-12-04,2023-12-09,Second Class,Omar Brown,Corporate,West,Phoenix,Office Supplies,Art,Art - Model 319,1,0.0,28.91,13.01
4742,ORD-4718,2024-06-10,2024-06-16,Standard Class,Ivy Khan,Consumer,South,Charlotte,Office Supplies,Binders,Binders - Model 545,1,0.1,48.12,18.71
4743,ORD-4719,2025-01-26,2025-01-27,Same Day,Maria Kim,Consumer,East,New York,Technology,Accessories,Accessories - Model 572,2,0.3,537.82,-23.06
4744,ORD-4720,2024-09-02,2024-09-08,Standard Class,Aisha Okafor,Consumer,Central,Chicago,Office Supplies,Labels,Labels - Model 473,2,0.0,77.07,34.68
4745,ORD-4721,2023-02-12,2023-02-17,Second Class,Liam Rossi,Corporate,Central,Houston,Furniture,Furnishings,Furnishings - Model 372,1,0.15,349.33,28.77
4746,ORD-4722,2023-04-25,2023-05-01,Standard Class,Liam Patel,Consumer,East,New York,Furniture,Bookcases,Bookcases - Model 645,3,0.4,398.96,-152.93
4747,ORD-4723,2023-05-21,2023-05-26,Second Class,Aisha Khan,Corporate,South,Atlanta,Technology,Phones,Phones - Model 417,2,0.0,826.98,264.63
4748,ORD-4723,2023-05-21,2023-05-26,Second Class,Aisha Khan,Corporate,South,Atlanta,Technology,Phones,Phones - Model 312,3,0.15,327.19,65.44
4749,ORD-4724,2025-04-15,2025-04-22,Standard Class,Sofia Chen,Consumer,East,Boston,Technology,Copiers,Copiers - Model 561,2,0.15,648.96,129.79
4750,ORD-4725,2024-12-12,2024-12-16,Second Class,Noah Diaz,Corporate,South,Atlanta,Office Supplies,Storage,Storage - Model 895,1,0.3,31.7,4.54
4751,ORD-4725,2024-12-12,2024-12-16,Second Class,Noah Diaz,Corporate,South,Atlanta,Office Supplies,Storage,Storage - Model 159,2,0.0,62.28,28.03
4752,ORD-4725,2024-12-12,2024-12-16,Second Class,Noah Diaz,Corporate,South,Atlanta,Office Supplies,Storage,Storage - Model 238,1,0.2,29.84,9.32
4753,ORD-4726,2023-11-03,2023-11-10,Standard Class,Carlos Silva,Home Office,West,San Francisco,Furniture,Tables,Tables - Model 135,2,0.0,346.24,76.17
4754,ORD-4727,2023-12-20,2023-12-26,Standard Class,Noah Patel,Corporate,South,Nashville,Office Supplies,Binders,Binders - Model 734,2,0.0,97.78,44.0
4755,ORD-4728,2024-06-30,2024-07-07,Standard Class,James Chen,Corporate,West,Phoenix,Office Supplies,Binders,Binders - Model 313,1,0.1,33.69,13.1
4756,ORD-4729,2025-08-02,2025-08-06,Second Class,Omar Chen,Home Office,Central,Houston,Office Supplies,Labels,Labels - Model 222,3,0.2,73.66,23.02
4757,ORD-4730,2023-07-01,2023-07-08,Standard Class,Liam Rossi,Consumer,East,Newark,Office Supplies,Paper,Paper - Model 256,1,0.4,22.65,0.0
4758,ORD-4731,2024-09-14,2024-09-18,Second Class,Maria Kim,Consumer,South,Charlotte,Office Supplies,Storage,Storage - Model 675,2,0.2,42.01,13.13
4759,ORD-4732,2024-12-14,2024-12-19,Second Class,Carlos Chen,Consumer,West,Seattle,Office Supplies,Storage,Storage - Model 368,1,0.1,17.12,6.66
4760,ORD-4732,2024-12-14,2024-12-19,Second Class,Carlos Chen,Consumer,West,Seattle,Office Supplies,Storage,Storage - Model 982,1,0.2,31.72,9.91
4761,ORD-4733,2023-06-23,2023-06-30,Standard Class,Omar Rossi,Corporate,West,Los Angeles,Office Supplies,Labels,Labels - Model 167,2,0.1,62.15,24.17
4762,ORD-4733,2023-06-23,2023-06-30,Standard Class,Omar Rossi,Corporate,West,Los Angeles,Office Supplies,Labels,Labels - Model 441,3,0.0,104.38,46.97
4763,ORD-4733,2023-06-23,2023-06-30,Standard Class,Omar Rossi,Corporate,West,Los Angeles,Office Supplies,Labels,Labels - Model 853,3,0.0,74.82,33.67
4764,ORD-4734,2025-12-19,2025-12-26,Standard Class,Wei Khan,Corporate,East,Newark,Technology,Machines,Machines - Model 556,4,0.4,1092.45,-236.7
4765,ORD-4735,2024-10-15,2024-10-21,Standard Class,Maria Khan,Consumer,East,New York,Office Supplies,Labels,Labels - Model 910,2,0.3,64.61,9.22
4766,ORD-4736,2024-01-27,2024-01-31,Second Class,Aisha Chen,Corporate,West,Seattle,Office Supplies,Art,Art - Model 576,1,0.2,34.35,10.73
4767,ORD-4736,2024-01-27,2024-01-31,Second Class,Aisha Chen,Corporate,West,Seattle,Office Supplies,Art,Art - Model 416,2,0.0,48.5,21.83
4768,ORD-4737,2024-02-04,2024-02-10,Standard Class,Priya Khan,Consumer,Central,Dallas,Technology,Copiers,Copiers - Model 105,2,0.0,1193.33,381.86
4769,ORD-4738,2025-03-04,2025-03-08,Second Class,Ethan Müller,Consumer,East,Newark,Furniture,Furnishings,Furnishings - Model 760,4,0.0,716.39,157.6
4770,ORD-4739,2024-04-02,2024-04-08,Standard Class,Yuki Kim,Home Office,West,Phoenix,Office Supplies,Art,Art - Model 847,4,0.0,145.33,65.4
4771,ORD-4739,2024-04-02,2024-04-08,Standard Class,Yuki Kim,Home Office,West,Phoenix,Office Supplies,Art,Art - Model 640,2,0.2,52.0,16.25
4772,ORD-4740,2025-11-28,2025-12-05,Standard Class,James Garcia,Home Office,Central,Dallas,Furniture,Tables,Tables - Model 652,2,0.0,449.72,98.94
4773,ORD-4741,2024-12-28,2025-01-02,Second Class,Sofia Müller,Consumer,East,Philadelphia,Office Supplies,Storage,Storage - Model 191,1,0.1,36.49,14.19
4774,ORD-4741,2024-12-28,2025-01-02,Second Class,Sofia Müller,Consumer,East,Philadelphia,Office Supplies,Storage,Storage - Model 455,1,0.1,34.82,13.54
4775,ORD-4742,2024-05-13,2024-05-20,Standard Class,Yuki Garcia,Consumer,Central,Chicago,Office Supplies,Art,Art - Model 295,2,0.1,54.44,21.17
4776,ORD-4743,2025-12-22,2025-12-24,First Class,Yuki Garcia,Consumer,West,San Francisco,Office Supplies,Labels,Labels - Model 972,1,0.0,21.69,9.76
4777,ORD-4744,2025-12-17,2025-12-19,First Class,Ethan Müller,Consumer,West,Seattle,Office Supplies,Binders,Binders - Model 222,5,0.15,94.31,33.28
4778,ORD-4745,2025-12-14,2025-12-21,Standard Class,Ethan Garcia,Corporate,South,Atlanta,Office Supplies,Paper,Paper - Model 764,2,0.0,59.79,26.9
4779,ORD-4746,2025-10-02,2025-10-06,Second Class,Wei Khan,Corporate,East,New York,Office Supplies,Binders,Binders - Model 681,1,0.0,49.67,22.35
4780,ORD-4747,2025-10-21,2025-10-27,Standard Class,Omar Brown,Corporate,Central,Minneapolis,Office Supplies,Art,Art - Model 983,1,0.0,46.82,21.07
4781,ORD-4748,2025-11-09,2025-11-13,Second Class,Aisha Diaz,Home Office,South,Nashville,Office Supplies,Labels,Labels - Model 517,1,0.0,40.23,18.11
4782,ORD-4749,2025-06-25,2025-07-02,Standard Class,Wei Nguyen,Consumer,West,San Francisco,Technology,Machines,Machines - Model 811,1,0.0,558.28,178.65
4783,ORD-4750,2023-02-28,2023-03-06,Standard Class,Liam Smith,Consumer,Central,Dallas,Technology,Copiers,Copiers - Model 531,1,0.15,250.0,50.0
4784,ORD-4751,2025-01-07,2025-01-11,Second Class,Ethan Brown,Corporate,East,New York,Office Supplies,Labels,Labels - Model 141,1,0.0,20.08,9.04
4785,ORD-4752,2023-10-19,2023-10-25,Standard Class,Carlos Patel,Home Office,West,Phoenix,Furniture,Chairs,Chairs - Model 114,4,0.0,1108.36,243.84
4786,ORD-4753,2025-04-04,2025-04-11,Standard Class,Wei Novak,Corporate,Central,Houston,Technology,Phones,Phones - Model 713,1,0.0,416.66,133.33
4787,ORD-4754,2025-07-24,2025-07-30,Standard Class,Ethan Chen,Corporate,South,Charlotte,Office Supplies,Binders,Binders - Model 330,2,0.0,63.38,28.52
4788,ORD-4755,2024-08-19,2024-08-26,Standard Class,Ivy Brown,Consumer,Central,Minneapolis,Office Supplies,Labels,Labels - Model 916,1,0.1,32.03,12.46
4789,ORD-4755,2024-08-19,2024-08-26,Standard Class,Ivy Brown,Consumer,Central,Minneapolis,Office Supplies,Labels,Labels - Model 226,2,0.1,58.18,22.63
4790,ORD-4755,2024-08-19,2024-08-26,Standard Class,Ivy Brown,Consumer,Central,Minneapolis,Office Supplies,Labels,Labels - Model 609,4,0.0,113.51,51.08
4791,ORD-4756,2024-06-06,2024-06-12,Standard Class,Omar Silva,Home Office,East,Newark,Technology,Accessories,Accessories - Model 388,2,0.15,293.46,58.69
4792,ORD-4757,2025-06-18,2025-06-18,Same Day,Ivy Rossi,Consumer,East,Philadelphia,Office Supplies,Art,Art - Model 180,5,0.0,239.93,107.97
4793,ORD-4758,2023-10-21,2023-10-27,Standard Class,Ivy Silva,Consumer,South,Nashville,Office Supplies,Binders,Binders - Model 793,2,0.1,54.92,21.35
4794,ORD-4759,2024-10-24,2024-10-31,Standard Class,Priya Garcia,Corporate,West,Phoenix,Office Supplies,Binders,Binders - Model 651,3,0.0,49.33,22.2
4795,ORD-4760,2023-06-14,2023-06-20,Standard Class,Sofia Müller,Consumer,South,Miami,Office Supplies,Art,Art - Model 777,1,0.1,30.5,11.86
4796,ORD-4761,2024-10-04,2024-10-11,Standard Class,Ivy Silva,Consumer,South,Atlanta,Office Supplies,Labels,Labels - Model 153,1,0.0,31.82,14.32
4797,ORD-4762,2023-07-14,2023-07-15,Same Day,Carlos Smith,Home Office,South,Miami,Office Supplies,Binders,Binders - Model 437,2,0.15,44.68,15.77
4798,ORD-4763,2023-03-25,2023-04-01,Standard Class,Liam Silva,Consumer,West,Phoenix,Office Supplies,Paper,Paper - Model 424,2,0.2,88.03,27.51
4799,ORD-4764,2024-02-03,2024-02-07,Second Class,Aisha Khan,Consumer,South,Nashville,Furniture,Furnishings,Furnishings - Model 205,1,0.15,212.56,17.5
4800,ORD-4765,2023-06-10,2023-06-13,First Class,Ivy Okafor,Home Office,East,Philadelphia,Technology,Phones,Phones - Model 952,2,0.0,454.44,145.42
4801,ORD-4765,2023-06-10,2023-06-13,First Class,Ivy Okafor,Home Office,East,Philadelphia,Technology,Phones,Phones - Model 890,3,0.0,1517.91,485.73
4802,ORD-4765,2023-06-10,2023-06-13,First Class,Ivy Okafor,Home Office,East,Philadelphia,Technology,Phones,Phones - Model 819,2,0.0,729.9,233.57
4803,ORD-4766,2024-01-14,2024-01-16,First Class,Ethan Garcia,Corporate,South,Nashville,Technology,Accessories,Accessories - Model 240,2,0.2,913.73,137.06
4804,ORD-4767,2025-01-01,2025-01-06,Second Class,Aisha Chen,Home Office,East,New York,Furniture,Chairs,Chairs - Model 952,2,0.1,322.8,43.04
4805,ORD-4768,2024-02-20,2024-02-27,Standard Class,Noah Brown,Consumer,East,New York,Office Supplies,Storage,Storage - Model 513,1,0.1,33.14,12.89
4806,ORD-4769,2023-10-18,2023-10-24,Standard Class,Liam Khan,Consumer,East,New York,Furniture,Chairs,Chairs - Model 208,1,0.0,244.33,53.75
4807,ORD-4770,2025-09-05,2025-09-12,Standard Class,James Garcia,Consumer,South,Nashville,Office Supplies,Paper,Paper - Model 353,2,0.2,54.56,17.05
4808,ORD-4771,2024-01-13,2024-01-19,Standard Class,Noah Chen,Corporate,South,Miami,Office Supplies,Art,Art - Model 988,5,0.0,197.18,88.73
4809,ORD-4771,2024-01-13,2024-01-19,Standard Class,Noah Chen,Corporate,South,Miami,Office Supplies,Art,Art - Model 705,2,0.15,14.25,5.03
4810,ORD-4772,2023-08-20,2023-08-23,First Class,Carlos Smith,Corporate,West,Los Angeles,Office Supplies,Art,Art - Model 739,1,0.15,29.41,10.38
4811,ORD-4773,2024-11-04,2024-11-10,Standard Class,Ivy Patel,Corporate,East,Newark,Furniture,Tables,Tables - Model 360,1,0.1,152.22,20.29
4812,ORD-4773,2024-11-04,2024-11-10,Standard Class,Ivy Patel,Corporate,East,Newark,Furniture,Tables,Tables - Model 260,4,0.2,712.44,17.81
4813,ORD-4774,2023-09-25,2023-09-28,First Class,Carlos Khan,Consumer,South,Miami,Office Supplies,Labels,Labels - Model 962,2,0.15,69.43,24.51
4814,ORD-4775,2023-08-18,2023-08-20,First Class,Priya Novak,Home Office,South,Nashville,Furniture,Tables,Tables - Model 800,4,0.2,514.01,12.85
4815,ORD-4776,2023-10-03,2023-10-09,Standard Class,Priya Diaz,Corporate,South,Nashville,Furniture,Chairs,Chairs - Model 583,4,0.1,394.0,52.53
4816,ORD-4777,2023-06-19,2023-06-25,Standard Class,James Khan,Corporate,Central,Chicago,Furniture,Chairs,Chairs - Model 238,1,0.0,160.82,35.38
4817,ORD-4778,2025-09-15,2025-09-21,Standard Class,Ethan Khan,Home Office,South,Atlanta,Furniture,Chairs,Chairs - Model 245,1,0.0,309.87,68.17
4818,ORD-4779,2023-01-31,2023-02-06,Standard Class,Aisha Garcia,Corporate,West,Los Angeles,Technology,Copiers,Copiers - Model 512,1,0.1,336.66,82.29
4819,ORD-4780,2025-03-02,2025-03-09,Standard Class,Priya Khan,Corporate,South,Charlotte,Furniture,Furnishings,Furnishings - Model 447,2,0.15,284.82,23.45
4820,ORD-4781,2023-11-27,2023-12-04,Standard Class,Ivy Silva,Consumer,South,Charlotte,Office Supplies,Labels,Labels - Model 874,4,0.0,67.11,30.2
4821,ORD-4782,2023-08-29,2023-09-03,Second Class,Ethan Brown,Corporate,South,Miami,Furniture,Bookcases,Bookcases - Model 312,1,0.1,83.73,11.17
4822,ORD-4783,2025-01-14,2025-01-20,Standard Class,Carlos Rossi,Corporate,South,Nashville,Furniture,Tables,Tables - Model 657,2,0.0,385.65,84.84
4823,ORD-4784,2025-09-16,2025-09-20,Second Class,Priya Okafor,Consumer,East,Philadelphia,Office Supplies,Paper,Paper - Model 880,1,0.3,24.97,3.57
4824,ORD-4785,2023-10-20,2023-10-27,Standard Class,James Chen,Corporate,Central,Houston,Office Supplies,Paper,Paper - Model 246,1,0.0,56.12,25.25
4825,ORD-4785,2023-10-20,2023-10-27,Standard Class,James Chen,Corporate,Central,Houston,Office Supplies,Paper,Paper - Model 651,2,0.0,83.25,37.46
4826,ORD-4786,2024-11-10,2024-11-17,Standard Class,Priya Khan,Consumer,West,San Francisco,Technology,Machines,Machines - Model 735,2,0.1,19.73,4.82
4827,ORD-4787,2025-01-19,2025-01-25,Standard Class,Liam Rossi,Corporate,Central,Minneapolis,Technology,Copiers,Copiers - Model 167,2,0.2,342.73,51.41
4828,ORD-4788,2023-09-21,2023-09-25,Second Class,Ethan Chen,Consumer,Central,Chicago,Technology,Machines,Machines - Model 295,2,0.0,900.71,288.23
4829,ORD-4789,2024-08-19,2024-08-21,First Class,Carlos Garcia,Consumer,Central,Dallas,Furniture,Furnishings,Furnishings - Model 956,2,0.2,196.36,4.91
4830,ORD-4789,2024-08-19,2024-08-21,First Class,Carlos Garcia,Consumer,Central,Dallas,Furniture,Furnishings,Furnishings - Model 679,1,0.0,190.53,41.91
4831,ORD-4790,2024-03-23,2024-03-29,Standard Class,Ivy Nguyen,Consumer,West,Seattle,Furniture,Bookcases,Bookcases - Model 720,4,0.1,275.54,36.74
4832,ORD-4791,2023-12-13,2023-12-19,Standard Class,Noah Nguyen,Home Office,South,Miami,Office Supplies,Labels,Labels - Model 302,3,0.2,86.51,27.03
4833,ORD-4792,2025-12-17,2025-12-23,Standard Class,Noah Nguyen,Corporate,South,Charlotte,Technology,Machines,Machines - Model 647,2,0.1,638.79,156.15
4834,ORD-4793,2025-11-05,2025-11-12,Standard Class,Maria Khan,Consumer,Central,Houston,Office Supplies,Storage,Storage - Model 209,2,0.2,72.8,22.75
4835,ORD-4794,2025-09-14,2025-09-18,Second Class,Maria Novak,Consumer,West,San Francisco,Office Supplies,Labels,Labels - Model 196,3,0.3,94.9,13.55
4836,ORD-4795,2025-01-20,2025-01-24,Second Class,Wei Rossi,Corporate,Central,Chicago,Office Supplies,Binders,Binders - Model 938,2,0.0,28.18,12.68
4837,ORD-4795,2025-01-20,2025-01-24,Second Class,Wei Rossi,Corporate,Central,Chicago,Office Supplies,Binders,Binders - Model 187,1,0.1,21.29,8.28
4838,ORD-4795,2025-01-20,2025-01-24,Second Class,Wei Rossi,Corporate,Central,Chicago,Office Supplies,Binders,Binders - Model 100,1,0.0,19.13,8.61
4839,ORD-4796,2025-09-07,2025-09-13,Standard Class,Aisha Khan,Consumer,Central,Minneapolis,Furniture,Furnishings,Furnishings - Model 535,2,0.0,405.4,89.19
4840,ORD-4797,2023-08-11,2023-08-13,First Class,Aisha Garcia,Corporate,East,Philadelphia,Office Supplies,Paper,Paper - Model 786,2,0.3,40.59,5.8
4841,ORD-4798,2024-01-14,2024-01-20,Standard Class,Ivy Müller,Consumer,Central,Dallas,Furniture,Bookcases,Bookcases - Model 337,1,0.0,322.88,71.03
4842,ORD-4799,2023-10-06,2023-10-10,Second Class,James Chen,Corporate,South,Charlotte,Office Supplies,Binders,Binders - Model 214,2,0.0,69.99,31.5
4843,ORD-4800,2023-04-18,2023-04-23,Second Class,James Silva,Consumer,East,New York,Office Supplies,Binders,Binders - Model 562,1,0.15,25.58,9.03
4844,ORD-4801,2025-12-11,2025-12-18,Standard Class,James Okafor,Corporate,South,Miami,Office Supplies,Storage,Storage - Model 948,1,0.0,43.6,19.62
4845,ORD-4802,2023-03-31,2023-04-04,Second Class,Sofia Kim,Corporate,East,New York,Office Supplies,Storage,Storage - Model 844,3,0.0,149.26,67.17
4846,ORD-4803,2023-11-06,2023-11-12,Standard Class,Yuki Chen,Corporate,East,Boston,Furniture,Bookcases,Bookcases - Model 831,1,0.0,211.67,46.56
4847,ORD-4804,2024-01-10,2024-01-16,Standard Class,Carlos Chen,Corporate,West,Seattle,Technology,Accessories,Accessories - Model 133,1,0.0,379.59,121.47
4848,ORD-4804,2024-01-10,2024-01-16,Standard Class,Carlos Chen,Corporate,West,Seattle,Technology,Accessories,Accessories - Model 195,1,0.15,298.3,59.66
4849,ORD-4805,2025-04-06,2025-04-11,Second Class,Ethan Brown,Consumer,East,Newark,Office Supplies,Storage,Storage - Model 145,4,0.2,83.98,26.24
4850,ORD-4806,2024-08-13,2024-08-20,Standard Class,Ivy Patel,Corporate,South,Charlotte,Technology,Phones,Phones - Model 552,4,0.0,2239.0,716.48
4851,ORD-4806,2024-08-13,2024-08-20,Standard Class,Ivy Patel,Corporate,South,Charlotte,Technology,Phones,Phones - Model 527,2,0.0,439.27,140.57
4852,ORD-4806,2024-08-13,2024-08-20,Standard Class,Ivy Patel,Corporate,South,Charlotte,Technology,Phones,Phones - Model 620,1,0.0,396.92,127.01
4853,ORD-4807,2025-01-23,2025-01-29,Standard Class,Fatima Novak,Home Office,South,Nashville,Furniture,Bookcases,Bookcases - Model 544,1,0.4,126.73,-48.57
4854,ORD-4808,2024-04-28,2024-05-04,Standard Class,Sofia Kim,Corporate,East,Philadelphia,Office Supplies,Labels,Labels - Model 489,1,0.0,35.64,16.04
4855,ORD-4809,2024-04-10,2024-04-12,First Class,Liam Okafor,Corporate,Central,Minneapolis,Technology,Accessories,Accessories - Model 843,5,0.2,2139.14,320.87
4856,ORD-4810,2025-10-14,2025-10-21,Standard Class,Ethan Chen,Corporate,South,Nashville,Office Supplies,Art,Art - Model 897,4,0.15,118.82,41.94
4857,ORD-4811,2024-05-21,2024-05-27,Standard Class,Priya Garcia,Corporate,West,Phoenix,Office Supplies,Paper,Paper - Model 941,3,0.0,136.4,61.38
4858,ORD-4812,2025-03-01,2025-03-08,Standard Class,Maria Silva,Consumer,East,Newark,Office Supplies,Art,Art - Model 612,2,0.2,71.05,22.2
4859,ORD-4813,2025-06-23,2025-06-26,First Class,James Rossi,Corporate,South,Nashville,Office Supplies,Paper,Paper - Model 506,2,0.3,39.3,5.61
4860,ORD-4814,2025-05-04,2025-05-08,Second Class,James Khan,Consumer,Central,Dallas,Office Supplies,Art,Art - Model 382,1,0.0,37.27,16.77
4861,ORD-4815,2024-09-21,2024-09-27,Standard Class,Ivy Diaz,Corporate,East,Philadelphia,Technology,Machines,Machines - Model 504,1,0.2,515.3,77.29
4862,ORD-4816,2024-11-28,2024-12-05,Standard Class,Ivy Kim,Consumer,Central,Houston,Office Supplies,Binders,Binders - Model 443,3,0.0,191.72,86.27
4863,ORD-4817,2024-09-27,2024-10-03,Standard Class,Aisha Smith,Consumer,South,Atlanta,Furniture,Tables,Tables - Model 562,3,0.0,646.58,142.25
4864,ORD-4818,2024-08-10,2024-08-16,Standard Class,Priya Nguyen,Consumer,East,Newark,Office Supplies,Art,Art - Model 488,2,0.4,43.3,0.0
4865,ORD-4819,2023-06-10,2023-06-16,Standard Class,Sofia Müller,Home Office,Central,Dallas,Office Supplies,Binders,Binders - Model 662,3,0.1,67.73,26.34
4866,ORD-4820,2024-02-06,2024-02-12,Standard Class,Ivy Chen,Consumer,Central,Minneapolis,Office Supplies,Storage,Storage - Model 277,2,0.0,78.89,35.5
4867,ORD-4821,2024-07-17,2024-07-23,Standard Class,Liam Khan,Home Office,West,Seattle,Office Supplies,Labels,Labels - Model 337,1,0.0,39.44,17.75
4868,ORD-4822,2024-01-28,2024-02-03,Standard Class,Carlos Brown,Consumer,South,Atlanta,Office Supplies,Paper,Paper - Model 558,3,0.1,119.9,46.63
4869,ORD-4822,2024-01-28,2024-02-03,Standard Class,Carlos Brown,Consumer,South,Atlanta,Office Supplies,Paper,Paper - Model 280,2,0.15,35.97,12.7
4870,ORD-4823,2025-12-09,2025-12-15,Standard Class,Priya Rossi,Corporate,South,Miami,Technology,Copiers,Copiers - Model 992,3,0.15,1252.62,250.53
4871,ORD-4823,2025-12-09,2025-12-15,Standard Class,Priya Rossi,Corporate,South,Miami,Technology,Copiers,Copiers - Model 783,5,0.1,3027.7,740.1
4872,ORD-4824,2024-09-24,2024-09-26,First Class,Fatima Garcia,Consumer,South,Charlotte,Office Supplies,Paper,Paper - Model 983,3,0.15,100.56,35.49
4873,ORD-4825,2023-09-25,2023-10-02,Standard Class,Maria Novak,Home Office,Central,Dallas,Office Supplies,Paper,Paper - Model 470,2,0.15,91.78,32.4
4874,ORD-4826,2023-03-20,2023-03-27,Standard Class,Yuki Garcia,Consumer,West,Seattle,Office Supplies,Storage,Storage - Model 240,5,0.1,159.37,61.98
4875,ORD-4827,2024-11-10,2024-11-10,Same Day,Priya Chen,Consumer,East,Newark,Office Supplies,Art,Art - Model 688,2,0.0,85.05,38.27
4876,ORD-4827,2024-11-10,2024-11-10,Same Day,Priya Chen,Consumer,East,Newark,Office Supplies,Art,Art - Model 324,2,0.1,52.86,20.56
4877,ORD-4828,2023-07-05,2023-07-11,Standard Class,Fatima Silva,Home Office,South,Atlanta,Office Supplies,Labels,Labels - Model 639,2,0.1,30.06,11.69
4878,ORD-4828,2023-07-05,2023-07-11,Standard Class,Fatima Silva,Home Office,South,Atlanta,Office Supplies,Labels,Labels - Model 176,2,0.0,34.58,15.56
4879,ORD-4829,2025-07-29,2025-08-05,Standard Class,Ivy Rossi,Consumer,West,San Francisco,Office Supplies,Binders,Binders - Model 529,1,0.1,40.41,15.72
4880,ORD-4830,2025-07-09,2025-07-11,First Class,Yuki Chen,Consumer,East,New York,Furniture,Tables,Tables - Model 661,3,0.0,831.75,182.99
4881,ORD-4831,2024-05-23,2024-05-30,Standard Class,Yuki Chen,Home Office,East,Philadelphia,Furniture,Tables,Tables - Model 613,4,0.0,201.38,44.3
4882,ORD-4831,2024-05-23,2024-05-30,Standard Class,Yuki Chen,Home Office,East,Philadelphia,Furniture,Tables,Tables - Model 172,1,0.0,150.62,33.14
4883,ORD-4832,2023-02-13,2023-02-20,Standard Class,Wei Müller,Consumer,West,San Francisco,Office Supplies,Art,Art - Model 746,1,0.0,44.91,20.21
4884,ORD-4833,2024-12-17,2024-12-23,Standard Class,Ivy Rossi,Home Office,East,Newark,Office Supplies,Storage,Storage - Model 674,1,0.0,32.88,14.79
4885,ORD-4834,2023-09-29,2023-10-06,Standard Class,Fatima Rossi,Consumer,West,Phoenix,Office Supplies,Paper,Paper - Model 286,3,0.1,18.25,7.1
4886,ORD-4835,2023-02-20,2023-02-22,First Class,Maria Novak,Corporate,Central,Chicago,Furniture,Tables,Tables - Model 160,2,0.15,254.91,20.99
4887,ORD-4836,2023-12-29,2024-01-04,Standard Class,Sofia Khan,Consumer,West,Seattle,Technology,Machines,Machines - Model 777,2,0.2,444.9,66.73
4888,ORD-4837,2024-11-28,2024-12-02,Second Class,Ethan Brown,Corporate,Central,Houston,Office Supplies,Art,Art - Model 360,1,0.0,37.2,16.74
4889,ORD-4838,2023-09-19,2023-09-26,Standard Class,Liam Nguyen,Corporate,South,Nashville,Furniture,Tables,Tables - Model 906,4,0.15,940.39,77.45
4890,ORD-4839,2025-06-15,2025-06-22,Standard Class,Yuki Müller,Consumer,East,New York,Office Supplies,Labels,Labels - Model 530,2,0.0,113.37,51.01
4891,ORD-4840,2024-12-13,2024-12-18,Second Class,Noah Garcia,Home Office,Central,Houston,Office Supplies,Binders,Binders - Model 619,1,0.0,52.19,23.49
4892,ORD-4841,2025-06-01,2025-06-08,Standard Class,Fatima Garcia,Corporate,West,San Francisco,Office Supplies,Binders,Binders - Model 564,2,0.2,64.74,20.23
4893,ORD-4842,2024-07-21,2024-07-27,Standard Class,James Chen,Consumer,West,Los Angeles,Office Supplies,Labels,Labels - Model 570,3,0.0,154.92,69.72
4894,ORD-4843,2024-10-25,2024-11-01,Standard Class,Maria Silva,Home Office,East,Philadelphia,Furniture,Bookcases,Bookcases - Model 812,2,0.0,300.21,66.05
4895,ORD-4843,2024-10-25,2024-11-01,Standard Class,Maria Silva,Home Office,East,Philadelphia,Furniture,Bookcases,Bookcases - Model 831,5,0.1,1145.33,152.71
4896,ORD-4843,2024-10-25,2024-11-01,Standard Class,Maria Silva,Home Office,East,Philadelphia,Furniture,Bookcases,Bookcases - Model 913,3,0.0,440.72,96.96
4897,ORD-4844,2023-11-07,2023-11-08,Same Day,Priya Chen,Corporate,South,Nashville,Office Supplies,Art,Art - Model 501,1,0.1,46.49,18.08
4898,ORD-4845,2024-11-16,2024-11-23,Standard Class,Noah Diaz,Consumer,South,Nashville,Office Supplies,Labels,Labels - Model 486,1,0.0,45.75,20.59
4899,ORD-4846,2023-06-05,2023-06-11,Standard Class,Aisha Diaz,Corporate,South,Miami,Technology,Machines,Machines - Model 625,3,0.0,680.76,217.84
4900,ORD-4846,2023-06-05,2023-06-11,Standard Class,Aisha Diaz,Corporate,South,Miami,Technology,Machines,Machines - Model 830,3,0.0,954.46,305.43
4901,ORD-4847,2023-01-03,2023-01-10,Standard Class,Liam Khan,Consumer,East,Boston,Furniture,Furnishings,Furnishings - Model 364,2,0.3,177.87,-33.04
4902,ORD-4848,2024-04-06,2024-04-13,Standard Class,Wei Brown,Corporate,Central,Chicago,Office Supplies,Labels,Labels - Model 474,3,0.1,103.8,40.36
4903,ORD-4849,2024-09-25,2024-10-01,Standard Class,Aisha Müller,Consumer,West,Phoenix,Technology,Phones,Phones - Model 967,1,0.0,274.85,87.95
4904,ORD-4850,2024-11-01,2024-11-08,Standard Class,Noah Novak,Consumer,West,Los Angeles,Technology,Machines,Machines - Model 242,3,0.1,1081.72,264.42
4905,ORD-4850,2024-11-01,2024-11-08,Standard Class,Noah Novak,Consumer,West,Los Angeles,Technology,Machines,Machines - Model 702,3,0.1,882.63,215.76
4906,ORD-4850,2024-11-01,2024-11-08,Standard Class,Noah Novak,Consumer,West,Los Angeles,Technology,Machines,Machines - Model 803,3,0.0,726.87,232.6
4907,ORD-4851,2024-12-07,2024-12-09,First Class,Sofia Kim,Corporate,South,Miami,Technology,Copiers,Copiers - Model 125,4,0.1,1042.01,254.71
4908,ORD-4852,2023-11-08,2023-11-09,Same Day,Aisha Patel,Corporate,East,Newark,Technology,Phones,Phones - Model 634,2,0.0,578.3,185.05
4909,ORD-4852,2023-11-08,2023-11-09,Same Day,Aisha Patel,Corporate,East,Newark,Technology,Phones,Phones - Model 439,4,0.0,693.39,221.89
4910,ORD-4853,2024-12-11,2024-12-17,Standard Class,Yuki Chen,Corporate,South,Charlotte,Office Supplies,Storage,Storage - Model 248,1,0.0,36.56,16.45
4911,ORD-4854,2023-04-06,2023-04-13,Standard Class,Ethan Müller,Corporate,Central,Minneapolis,Technology,Accessories,Accessories - Model 505,1,0.0,359.55,115.06
4912,ORD-4854,2023-04-06,2023-04-13,Standard Class,Ethan Müller,Corporate,Central,Minneapolis,Technology,Accessories,Accessories - Model 478,2,0.2,274.68,41.2
4913,ORD-4855,2023-12-31,2024-01-06,Standard Class,Liam Patel,Corporate,Central,Chicago,Furniture,Chairs,Chairs - Model 643,4,0.4,949.69,-364.04
4914,ORD-4856,2023-02-01,2023-02-08,Standard Class,Noah Rossi,Consumer,Central,Chicago,Office Supplies,Art,Art - Model 179,2,0.15,55.98,19.76
4915,ORD-4857,2023-10-09,2023-10-15,Standard Class,Aisha Smith,Corporate,East,Newark,Office Supplies,Binders,Binders - Model 815,1,0.2,18.29,5.71
4916,ORD-4858,2023-05-27,2023-05-29,First Class,James Okafor,Home Office,South,Atlanta,Furniture,Bookcases,Bookcases - Model 920,1,0.2,218.34,5.46
4917,ORD-4858,2023-05-27,2023-05-29,First Class,James Okafor,Home Office,South,Atlanta,Furniture,Bookcases,Bookcases - Model 392,1,0.3,294.84,-54.76
4918,ORD-4858,2023-05-27,2023-05-29,First Class,James Okafor,Home Office,South,Atlanta,Furniture,Bookcases,Bookcases - Model 414,1,0.4,123.47,-47.33
4919,ORD-4859,2024-07-02,2024-07-09,Standard Class,Maria Garcia,Consumer,West,Seattle,Technology,Accessories,Accessories - Model 295,1,0.0,480.11,153.64
4920,ORD-4860,2025-06-25,2025-06-27,First Class,Wei Silva,Consumer,East,Philadelphia,Office Supplies,Storage,Storage - Model 959,2,0.15,60.41,21.32
4921,ORD-4861,2023-03-04,2023-03-09,Second Class,Ethan Chen,Home Office,East,New York,Furniture,Tables,Tables - Model 715,2,0.1,586.86,78.25
4922,ORD-4861,2023-03-04,2023-03-09,Second Class,Ethan Chen,Home Office,East,New York,Furniture,Tables,Tables - Model 307,1,0.3,139.05,-25.82
4923,ORD-4862,2024-08-08,2024-08-15,Standard Class,Liam Garcia,Corporate,Central,Dallas,Technology,Accessories,Accessories - Model 329,1,0.2,266.37,39.95
4924,ORD-4863,2024-01-13,2024-01-19,Standard Class,Carlos Chen,Corporate,West,Los Angeles,Technology,Accessories,Accessories - Model 708,2,0.0,933.19,298.62
4925,ORD-4864,2025-09-04,2025-09-10,Standard Class,Omar Patel,Consumer,West,Phoenix,Office Supplies,Storage,Storage - Model 952,3,0.15,86.19,30.42
4926,ORD-4864,2025-09-04,2025-09-10,Standard Class,Omar Patel,Consumer,West,Phoenix,Office Supplies,Storage,Storage - Model 816,2,0.3,54.8,7.83
4927,ORD-4865,2024-03-30,2024-04-06,Standard Class,Omar Rossi,Home Office,East,Newark,Office Supplies,Paper,Paper - Model 141,3,0.0,80.01,36.0
4928,ORD-4865,2024-03-30,2024-04-06,Standard Class,Omar Rossi,Home Office,East,Newark,Office Supplies,Paper,Paper - Model 954,4,0.0,198.54,89.34
4929,ORD-4865,2024-03-30,2024-04-06,Standard Class,Omar Rossi,Home Office,East,Newark,Office Supplies,Paper,Paper - Model 313,3,0.0,138.97,62.54
4930,ORD-4866,2024-04-18,2024-04-22,Second Class,Fatima Novak,Consumer,South,Nashville,Office Supplies,Binders,Binders - Model 521,2,0.0,86.97,39.13
4931,ORD-4867,2024-04-06,2024-04-10,Second Class,Wei Garcia,Consumer,East,Philadelphia,Furniture,Bookcases,Bookcases - Model 698,1,0.0,273.07,60.08
4932,ORD-4868,2025-12-02,2025-12-09,Standard Class,Noah Novak,Consumer,Central,Minneapolis,Furniture,Tables,Tables - Model 895,3,0.0,709.96,156.19
4933,ORD-4869,2023-08-23,2023-08-28,Second Class,Carlos Garcia,Home Office,Central,Chicago,Technology,Copiers,Copiers - Model 685,1,0.0,535.99,171.51
4934,ORD-4869,2023-08-23,2023-08-28,Second Class,Carlos Garcia,Home Office,Central,Chicago,Technology,Copiers,Copiers - Model 954,1,0.3,319.23,-13.68
4935,ORD-4870,2025-07-28,2025-08-01,Second Class,Maria Silva,Consumer,East,Philadelphia,Office Supplies,Art,Art - Model 711,1,0.0,23.02,10.36
4936,ORD-4871,2023-03-29,2023-04-05,Standard Class,Maria Garcia,Consumer,South,Charlotte,Furniture,Bookcases,Bookcases - Model 495,1,0.15,185.59,15.29
4937,ORD-4872,2023-01-08,2023-01-15,Standard Class,Aisha Khan,Consumer,West,Seattle,Office Supplies,Paper,Paper - Model 250,4,0.0,186.03,83.71
4938,ORD-4872,2023-01-08,2023-01-15,Standard Class,Aisha Khan,Consumer,West,Seattle,Office Supplies,Paper,Paper - Model 763,2,0.0,37.39,16.82
4939,ORD-4872,2023-01-08,2023-01-15,Standard Class,Aisha Khan,Consumer,West,Seattle,Office Supplies,Paper,Paper - Model 547,1,0.0,52.73,23.73
4940,ORD-4873,2024-03-04,2024-03-11,Standard Class,Fatima Silva,Corporate,South,Nashville,Office Supplies,Art,Art - Model 742,1,0.0,22.53,10.14
4941,ORD-4874,2025-08-31,2025-09-07,Standard Class,Aisha Silva,Consumer,East,Newark,Furniture,Bookcases,Bookcases - Model 845,1,0.0,263.42,57.95
4942,ORD-4875,2024-09-20,2024-09-26,Standard Class,Wei Garcia,Consumer,East,New York,Technology,Copiers,Copiers - Model 498,1,0.15,460.63,92.12
4943,ORD-4876,2023-11-09,2023-11-15,Standard Class,Liam Garcia,Corporate,Central,Dallas,Furniture,Bookcases,Bookcases - Model 394,1,0.0,254.72,56.04
4944,ORD-4877,2023-09-05,2023-09-07,First Class,Priya Nguyen,Home Office,South,Charlotte,Furniture,Chairs,Chairs - Model 213,5,0.1,1563.87,208.52
4945,ORD-4878,2023-03-06,2023-03-12,Standard Class,James Okafor,Corporate,Central,Houston,Office Supplies,Labels,Labels - Model 796,2,0.15,63.25,22.32
4946,ORD-4879,2024-07-16,2024-07-22,Standard Class,Noah Müller,Corporate,South,Charlotte,Furniture,Furnishings,Furnishings - Model 325,1,0.0,217.63,47.88
4947,ORD-4880,2023-12-31,2024-01-06,Standard Class,Ethan Rossi,Corporate,East,Philadelphia,Technology,Accessories,Accessories - Model 217,3,0.1,936.14,228.84
4948,ORD-4880,2023-12-31,2024-01-06,Standard Class,Ethan Rossi,Corporate,East,Philadelphia,Technology,Accessories,Accessories - Model 334,1,0.0,298.44,95.5
4949,ORD-4880,2023-12-31,2024-01-06,Standard Class,Ethan Rossi,Corporate,East,Philadelphia,Technology,Accessories,Accessories - Model 669,5,0.1,1418.34,346.7
4950,ORD-4881,2023-03-08,2023-03-09,Same Day,Priya Kim,Consumer,West,Seattle,Technology,Phones,Phones - Model 916,3,0.0,1571.46,502.87
4951,ORD-4882,2023-12-29,2024-01-05,Standard Class,Noah Rossi,Corporate,Central,Houston,Office Supplies,Storage,Storage - Model 879,1,0.0,37.98,17.09
4952,ORD-4882,2023-12-29,2024-01-05,Standard Class,Noah Rossi,Corporate,Central,Houston,Office Supplies,Storage,Storage - Model 418,1,0.1,19.89,7.74
4953,ORD-4882,2023-12-29,2024-01-05,Standard Class,Noah Rossi,Corporate,Central,Houston,Office Supplies,Storage,Storage - Model 853,1,0.2,17.68,5.52
4954,ORD-4883,2024-07-05,2024-07-11,Standard Class,Ivy Nguyen,Home Office,South,Miami,Furniture,Chairs,Chairs - Model 254,2,0.0,533.93,117.47
4955,ORD-4884,2023-02-01,2023-02-07,Standard Class,Omar Garcia,Home Office,West,Los Angeles,Office Supplies,Storage,Storage - Model 688,2,0.0,100.89,45.4
4956,ORD-4885,2024-05-10,2024-05-16,Standard Class,Sofia Chen,Consumer,Central,Chicago,Office Supplies,Art,Art - Model 675,5,0.0,245.3,110.39
4957,ORD-4886,2023-09-27,2023-10-01,Second Class,Liam Garcia,Consumer,West,Phoenix,Technology,Phones,Phones - Model 947,3,0.15,1790.28,358.06
4958,ORD-4887,2024-05-20,2024-05-26,Standard Class,Carlos Rossi,Consumer,West,Seattle,Furniture,Bookcases,Bookcases - Model 647,1,0.1,153.66,20.49
4959,ORD-4888,2023-11-19,2023-11-25,Standard Class,Maria Rossi,Corporate,South,Miami,Technology,Phones,Phones - Model 324,2,0.0,880.11,281.63
4960,ORD-4889,2023-03-17,2023-03-23,Standard Class,Carlos Khan,Consumer,West,Seattle,Technology,Copiers,Copiers - Model 949,5,0.0,2220.03,710.41
4961,ORD-4890,2023-11-18,2023-11-23,Second Class,Ethan Rossi,Consumer,East,Newark,Office Supplies,Storage,Storage - Model 103,2,0.1,53.04,20.63
4962,ORD-4891,2024-11-14,2024-11-18,Second Class,Ivy Nguyen,Corporate,West,Phoenix,Technology,Phones,Phones - Model 483,2,0.2,874.92,131.24
4963,ORD-4891,2024-11-14,2024-11-18,Second Class,Ivy Nguyen,Corporate,West,Phoenix,Technology,Phones,Phones - Model 270,3,0.2,1176.21,176.43
4964,ORD-4892,2023-10-27,2023-10-28,Same Day,Wei Diaz,Consumer,West,San Francisco,Furniture,Furnishings,Furnishings - Model 644,4,0.1,922.74,123.04
4965,ORD-4893,2025-02-23,2025-03-01,Standard Class,Priya Müller,Corporate,East,New York,Office Supplies,Paper,Paper - Model 253,2,0.2,100.66,31.46
4966,ORD-4894,2025-04-09,2025-04-16,Standard Class,Carlos Smith,Consumer,South,Atlanta,Office Supplies,Art,Art - Model 836,2,0.1,54.25,21.1
4967,ORD-4895,2024-09-02,2024-09-09,Standard Class,Aisha Kim,Consumer,South,Nashville,Office Supplies,Binders,Binders - Model 514,1,0.0,25.46,11.46
4968,ORD-4896,2023-08-12,2023-08-16,Second Class,Omar Müller,Consumer,East,Boston,Technology,Machines,Machines - Model 675,2,0.0,922.69,295.26
4969,ORD-4896,2023-08-12,2023-08-16,Second Class,Omar Müller,Consumer,East,Boston,Technology,Machines,Machines - Model 878,2,0.15,544.16,108.83
4970,ORD-4896,2023-08-12,2023-08-16,Second Class,Omar Müller,Consumer,East,Boston,Technology,Machines,Machines - Model 708,2,0.0,1056.74,338.16
4971,ORD-4897,2024-08-31,2024-09-07,Standard Class,Sofia Müller,Consumer,East,Philadelphia,Furniture,Tables,Tables - Model 656,1,0.3,135.11,-25.09
4972,ORD-4898,2023-01-09,2023-01-16,Standard Class,Fatima Okafor,Corporate,Central,Dallas,Technology,Machines,Machines - Model 246,1,0.1,400.07,97.79
4973,ORD-4899,2024-05-10,2024-05-12,First Class,Priya Novak,Consumer,Central,Chicago,Office Supplies,Labels,Labels - Model 115,2,0.0,61.55,27.7
4974,ORD-4900,2025-12-01,2025-12-02,Same Day,Fatima Brown,Home Office,East,Philadelphia,Furniture,Bookcases,Bookcases - Model 673,3,0.2,9.6,0.24
4975,ORD-4901,2024-07-14,2024-07-21,Standard Class,Ethan Novak,Consumer,West,Phoenix,Office Supplies,Labels,Labels - Model 665,2,0.0,71.29,32.08
4976,ORD-4902,2025-04-02,2025-04-06,Second Class,Aisha Garcia,Consumer,East,New York,Furniture,Bookcases,Bookcases - Model 784,3,0.0,779.47,171.48
4977,ORD-4903,2025-09-24,2025-09-30,Standard Class,Fatima Müller,Consumer,West,San Francisco,Office Supplies,Labels,Labels - Model 419,3,0.0,90.1,40.54
4978,ORD-4904,2023-03-04,2023-03-10,Standard Class,Sofia Kim,Corporate,East,Philadelphia,Office Supplies,Binders,Binders - Model 217,2,0.1,89.12,34.66
4979,ORD-4905,2024-11-06,2024-11-13,Standard Class,James Rossi,Consumer,South,Miami,Technology,Copiers,Copiers - Model 478,2,0.0,699.29,223.77
4980,ORD-4905,2024-11-06,2024-11-13,Standard Class,James Rossi,Consumer,South,Miami,Technology,Copiers,Copiers - Model 217,1,0.15,271.87,54.37
4981,ORD-4905,2024-11-06,2024-11-13,Standard Class,James Rossi,Consumer,South,Miami,Technology,Copiers,Copiers - Model 478,1,0.2,330.66,49.6
4982,ORD-4906,2023-11-04,2023-11-07,First Class,Omar Garcia,Consumer,Central,Minneapolis,Office Supplies,Binders,Binders - Model 192,3,0.0,35.32,15.89
4983,ORD-4907,2025-02-27,2025-03-04,Second Class,Aisha Garcia,Consumer,South,Nashville,Office Supplies,Labels,Labels - Model 991,3,0.15,83.18,29.36
4984,ORD-4908,2024-03-23,2024-03-30,Standard Class,Wei Kim,Home Office,Central,Dallas,Office Supplies,Paper,Paper - Model 699,5,0.2,185.84,58.07
4985,ORD-4909,2023-08-08,2023-08-14,Standard Class,Ivy Okafor,Home Office,East,Philadelphia,Furniture,Furnishings,Furnishings - Model 184,4,0.0,1150.33,253.07
4986,ORD-4910,2024-12-08,2024-12-14,Standard Class,Priya Garcia,Consumer,East,New York,Office Supplies,Labels,Labels - Model 457,1,0.0,43.28,19.48
4987,ORD-4911,2024-11-10,2024-11-16,Standard Class,Sofia Müller,Corporate,East,New York,Technology,Machines,Machines - Model 839,2,0.4,647.69,-140.32
4988,ORD-4912,2024-01-28,2024-02-03,Standard Class,Carlos Silva,Home Office,South,Miami,Office Supplies,Art,Art - Model 630,1,0.15,34.57,12.2
4989,ORD-4913,2024-03-15,2024-03-22,Standard Class,Maria Garcia,Consumer,Central,Houston,Furniture,Furnishings,Furnishings - Model 951,2,0.0,449.46,98.88
4990,ORD-4913,2024-03-15,2024-03-22,Standard Class,Maria Garcia,Consumer,Central,Houston,Furniture,Furnishings,Furnishings - Model 578,2,0.0,605.4,133.19
4991,ORD-4914,2023-02-08,2023-02-10,First Class,Liam Patel,Consumer,East,Newark,Office Supplies,Binders,Binders - Model 747,3,0.15,103.48,36.52
4992,ORD-4914,2023-02-08,2023-02-10,First Class,Liam Patel,Consumer,East,Newark,Office Supplies,Binders,Binders - Model 750,1,0.2,23.68,7.4
4993,ORD-4915,2025-01-29,2025-01-31,First Class,Wei Kim,Consumer,West,Phoenix,Furniture,Bookcases,Bookcases - Model 585,3,0.0,751.73,165.38
4994,ORD-4916,2025-06-06,2025-06-12,Standard Class,Fatima Diaz,Home Office,West,Phoenix,Office Supplies,Paper,Paper - Model 600,1,0.0,35.19,15.84
4995,ORD-4917,2025-07-03,2025-07-10,Standard Class,Wei Garcia,Consumer,East,Newark,Furniture,Furnishings,Furnishings - Model 718,2,0.0,564.59,124.21
4996,ORD-4918,2024-07-06,2024-07-08,First Class,Omar Garcia,Home Office,South,Charlotte,Technology,Accessories,Accessories - Model 121,1,0.2,459.37,68.9
4997,ORD-4919,2024-07-10,2024-07-16,Standard Class,Fatima Novak,Home Office,West,Los Angeles,Office Supplies,Labels,Labels - Model 273,2,0.0,30.62,13.78
4998,ORD-4920,2025-09-04,2025-09-11,Standard Class,Ivy Rossi,Consumer,West,Los Angeles,Office Supplies,Labels,Labels - Model 203,3,0.0,99.36,44.71
4999,ORD-4921,2024-11-24,2024-11-26,First Class,Fatima Silva,Consumer,West,Seattle,Office Supplies,Binders,Binders - Model 947,3,0.0,88.61,39.87
5000,ORD-4922,2023-09-08,2023-09-14,Standard Class,Ivy Müller,Corporate,South,Miami,Office Supplies,Binders,Binders - Model 427,2,0.0,48.3,21.74
5001,ORD-4923,2025-02-17,2025-02-22,Second Class,Carlos Nguyen,Corporate,East,Newark,Technology,Copiers,Copiers - Model 247,3,0.0,846.95,271.03
5002,ORD-4924,2023-02-08,2023-02-14,Standard Class,Aisha Khan,Corporate,Central,Chicago,Furniture,Bookcases,Bookcases - Model 261,4,0.2,767.41,19.18
5003,ORD-4925,2023-05-07,2023-05-10,First Class,Omar Silva,Consumer,West,Seattle,Office Supplies,Storage,Storage - Model 652,5,0.1,127.75,49.68
5004,ORD-4926,2025-01-23,2025-01-29,Standard Class,Ethan Rossi,Corporate,East,Boston,Technology,Copiers,Copiers - Model 704,1,0.0,298.35,95.47
5005,ORD-4927,2024-07-16,2024-07-18,First Class,James Khan,Consumer,South,Atlanta,Office Supplies,Labels,Labels - Model 424,1,0.15,34.33,12.12
5006,ORD-4928,2025-12-10,2025-12-17,Standard Class,Wei Silva,Corporate,Central,Chicago,Office Supplies,Labels,Labels - Model 447,1,0.0,35.66,16.04
5007,ORD-4929,2025-06-13,2025-06-16,First Class,Fatima Silva,Corporate,West,San Francisco,Office Supplies,Paper,Paper - Model 733,2,0.1,35.86,13.95
5008,ORD-4930,2023-02-27,2023-03-03,Second Class,Sofia Kim,Consumer,South,Charlotte,Furniture,Furnishings,Furnishings - Model 442,1,0.15,107.1,8.82
5009,ORD-4931,2023-01-27,2023-02-03,Standard Class,Priya Khan,Consumer,East,Boston,Office Supplies,Storage,Storage - Model 852,2,0.0,66.99,30.14
5010,ORD-4932,2025-08-21,2025-08-27,Standard Class,Noah Smith,Consumer,West,Los Angeles,Office Supplies,Paper,Paper - Model 711,2,0.15,52.14,18.41
5011,ORD-4933,2024-03-22,2024-03-26,Second Class,Priya Garcia,Corporate,West,Phoenix,Office Supplies,Binders,Binders - Model 399,3,0.1,93.04,36.18
5012,ORD-4934,2024-04-03,2024-04-07,Second Class,Priya Khan,Corporate,Central,Houston,Office Supplies,Art,Art - Model 409,2,0.3,63.04,9.01
5013,ORD-4935,2025-03-17,2025-03-20,First Class,Carlos Smith,Corporate,South,Miami,Technology,Machines,Machines - Model 285,2,0.3,462.36,-19.82
5014,ORD-4936,2023-12-01,2023-12-06,Second Class,Wei Müller,Consumer,Central,Chicago,Furniture,Furnishings,Furnishings - Model 400,4,0.0,1032.68,227.19
5015,ORD-4937,2025-06-12,2025-06-19,Standard Class,Omar Brown,Consumer,East,New York,Office Supplies,Labels,Labels - Model 177,3,0.0,123.57,55.61
5016,ORD-4938,2025-10-21,2025-10-27,Standard Class,Ethan Diaz,Home Office,West,San Francisco,Furniture,Furnishings,Furnishings - Model 467,3,0.0,820.04,180.41
5017,ORD-4939,2024-03-10,2024-03-12,First Class,Noah Diaz,Consumer,South,Miami,Furniture,Bookcases,Bookcases - Model 816,3,0.1,622.65,83.02
5018,ORD-4940,2024-08-07,2024-08-12,Second Class,Ivy Silva,Corporate,West,Seattle,Office Supplies,Storage,Storage - Model 223,3,0.0,141.73,63.78
5019,ORD-4941,2025-03-17,2025-03-23,Standard Class,Yuki Nguyen,Corporate,East,Newark,Office Supplies,Art,Art - Model 931,2,0.1,74.53,28.98
5020,ORD-4942,2023-07-21,2023-07-28,Standard Class,Yuki Garcia,Consumer,West,Seattle,Office Supplies,Labels,Labels - Model 108,1,0.0,60.58,27.26
5021,ORD-4943,2025-02-25,2025-03-03,Standard Class,Noah Patel,Corporate,West,Los Angeles,Office Supplies,Paper,Paper - Model 987,3,0.2,77.95,24.36
5022,ORD-4944,2024-04-16,2024-04-22,Standard Class,Ivy Chen,Consumer,Central,Dallas,Office Supplies,Binders,Binders - Model 623,2,0.4,38.73,-0.01
5023,ORD-4945,2025-07-03,2025-07-07,Second Class,Priya Müller,Home Office,Central,Houston,Furniture,Bookcases,Bookcases - Model 165,2,0.15,241.58,19.89
5024,ORD-4946,2024-12-19,2024-12-24,Second Class,Aisha Silva,Consumer,South,Charlotte,Furniture,Furnishings,Furnishings - Model 511,1,0.0,292.48,64.35
5025,ORD-4947,2024-01-16,2024-01-23,Standard Class,Ivy Patel,Consumer,West,Los Angeles,Technology,Machines,Machines - Model 340,1,0.4,333.49,-72.25
5026,ORD-4948,2025-07-03,2025-07-05,First Class,Noah Khan,Corporate,East,Boston,Furniture,Bookcases,Bookcases - Model 197,4,0.4,488.26,-187.17
5027,ORD-4949,2023-08-17,2023-08-24,Standard Class,Sofia Novak,Consumer,Central,Minneapolis,Office Supplies,Storage,Storage - Model 846,2,0.0,29.08,13.09
5028,ORD-4950,2023-04-11,2023-04-17,Standard Class,Wei Silva,Corporate,West,Phoenix,Office Supplies,Art,Art - Model 702,1,0.1,16.85,6.55
5029,ORD-4951,2023-03-27,2023-04-02,Standard Class,James Garcia,Consumer,West,Los Angeles,Technology,Phones,Phones - Model 351,1,0.0,249.74,79.91
5030,ORD-4952,2024-10-16,2024-10-20,Second Class,Liam Smith,Consumer,West,San Francisco,Technology,Machines,Machines - Model 909,5,0.0,2398.96,767.67
5031,ORD-4952,2024-10-16,2024-10-20,Second Class,Liam Smith,Consumer,West,San Francisco,Technology,Machines,Machines - Model 190,2,0.2,475.3,71.29
5032,ORD-4953,2023-06-07,2023-06-14,Standard Class,Wei Rossi,Corporate,West,San Francisco,Office Supplies,Art,Art - Model 313,1,0.1,39.79,15.47
5033,ORD-4954,2025-06-04,2025-06-10,Standard Class,Ethan Novak,Consumer,East,Newark,Office Supplies,Art,Art - Model 925,1,0.1,21.46,8.35
5034,ORD-4954,2025-06-04,2025-06-10,Standard Class,Ethan Novak,Consumer,East,Newark,Office Supplies,Art,Art - Model 475,2,0.1,55.34,21.52
5035,ORD-4955,2024-04-16,2024-04-23,Standard Class,Wei Novak,Consumer,West,Seattle,Technology,Accessories,Accessories - Model 125,4,0.0,1382.49,442.39
5036,ORD-4956,2025-07-26,2025-07-31,Second Class,Carlos Nguyen,Consumer,Central,Minneapolis,Office Supplies,Storage,Storage - Model 636,1,0.0,46.09,20.74
5037,ORD-4957,2025-01-20,2025-01-27,Standard Class,Ivy Khan,Consumer,East,Newark,Office Supplies,Art,Art - Model 196,2,0.15,63.12,22.28
5038,ORD-4958,2025-03-05,2025-03-08,First Class,Noah Smith,Consumer,Central,Minneapolis,Office Supplies,Labels,Labels - Model 381,5,0.0,289.7,130.36
5039,ORD-4958,2025-03-05,2025-03-08,First Class,Noah Smith,Consumer,Central,Minneapolis,Office Supplies,Labels,Labels - Model 761,4,0.0,150.64,67.79
5040,ORD-4959,2023-03-27,2023-04-03,Standard Class,Noah Müller,Home Office,East,Newark,Office Supplies,Paper,Paper - Model 309,3,0.0,166.29,74.83
5041,ORD-4960,2024-06-29,2024-07-02,First Class,Sofia Okafor,Consumer,West,Seattle,Office Supplies,Storage,Storage - Model 713,1,0.1,32.73,12.73
5042,ORD-4961,2025-11-14,2025-11-21,Standard Class,Wei Khan,Corporate,West,Seattle,Furniture,Chairs,Chairs - Model 168,5,0.0,938.16,206.4
5043,ORD-4962,2025-06-03,2025-06-09,Standard Class,Ivy Brown,Consumer,East,New York,Technology,Phones,Phones - Model 780,1,0.15,126.67,25.34
5044,ORD-4963,2024-05-03,2024-05-10,Standard Class,Aisha Khan,Corporate,Central,Dallas,Office Supplies,Storage,Storage - Model 365,1,0.1,65.22,25.36
5045,ORD-4963,2024-05-03,2024-05-10,Standard Class,Aisha Khan,Corporate,Central,Dallas,Office Supplies,Storage,Storage - Model 505,2,0.0,85.87,38.64
5046,ORD-4963,2024-05-03,2024-05-10,Standard Class,Aisha Khan,Corporate,Central,Dallas,Office Supplies,Storage,Storage - Model 723,1,0.15,7.74,2.73
5047,ORD-4964,2025-12-09,2025-12-16,Standard Class,Ivy Patel,Consumer,Central,Chicago,Office Supplies,Binders,Binders - Model 459,2,0.0,60.08,27.03
5048,ORD-4965,2023-11-20,2023-11-26,Standard Class,Carlos Chen,Consumer,East,New York,Office Supplies,Art,Art - Model 230,4,0.0,87.55,39.4
5049,ORD-4966,2023-11-30,2023-12-06,Standard Class,Ethan Okafor,Home Office,West,Phoenix,Office Supplies,Binders,Binders - Model 537,4,0.0,138.27,62.22
5050,ORD-4967,2024-09-18,2024-09-22,Second Class,Aisha Patel,Corporate,Central,Minneapolis,Technology,Copiers,Copiers - Model 922,1,0.1,565.76,138.29
5051,ORD-4967,2024-09-18,2024-09-22,Second Class,Aisha Patel,Corporate,Central,Minneapolis,Technology,Copiers,Copiers - Model 793,2,0.15,663.96,132.8
5052,ORD-4967,2024-09-18,2024-09-22,Second Class,Aisha Patel,Corporate,Central,Minneapolis,Technology,Copiers,Copiers - Model 119,2,0.15,755.63,151.12
5053,ORD-4968,2025-11-28,2025-12-04,Standard Class,Ivy Silva,Consumer,West,Phoenix,Technology,Accessories,Accessories - Model 622,2,0.15,923.8,184.76
5054,ORD-4969,2025-01-18,2025-01-24,Standard Class,Liam Khan,Home Office,East,Newark,Furniture,Furnishings,Furnishings - Model 798,1,0.1,227.87,30.38
5055,ORD-4969,2025-01-18,2025-01-24,Standard Class,Liam Khan,Home Office,East,Newark,Furniture,Furnishings,Furnishings - Model 985,5,0.1,805.66,107.42
5056,ORD-4969,2025-01-18,2025-01-24,Standard Class,Liam Khan,Home Office,East,Newark,Furniture,Furnishings,Furnishings - Model 327,1,0.0,115.55,25.42
5057,ORD-4970,2025-02-12,2025-02-18,Standard Class,Omar Rossi,Consumer,South,Charlotte,Technology,Machines,Machines - Model 945,1,0.15,355.13,71.02
5058,ORD-4970,2025-02-12,2025-02-18,Standard Class,Omar Rossi,Consumer,South,Charlotte,Technology,Machines,Machines - Model 687,3,0.0,1645.28,526.49
5059,ORD-4971,2024-12-15,2024-12-18,First Class,Priya Rossi,Consumer,East,Philadelphia,Technology,Phones,Phones - Model 903,2,0.0,839.1,268.51
5060,ORD-4972,2024-08-23,2024-08-30,Standard Class,Omar Rossi,Corporate,West,San Francisco,Office Supplies,Binders,Binders - Model 543,1,0.0,44.73,20.13
5061,ORD-4972,2024-08-23,2024-08-30,Standard Class,Omar Rossi,Corporate,West,San Francisco,Office Supplies,Binders,Binders - Model 851,1,0.0,28.29,12.73
5062,ORD-4973,2023-01-08,2023-01-14,Standard Class,Sofia Nguyen,Consumer,West,Phoenix,Furniture,Bookcases,Bookcases - Model 647,3,0.0,822.71,180.99
5063,ORD-4974,2024-11-15,2024-11-18,First Class,Priya Garcia,Corporate,South,Miami,Technology,Machines,Machines - Model 513,2,0.0,1045.46,334.55
5064,ORD-4975,2023-08-27,2023-09-01,Second Class,Fatima Smith,Consumer,South,Atlanta,Office Supplies,Art,Art - Model 527,2,0.15,64.85,22.89
5065,ORD-4976,2024-03-21,2024-03-28,Standard Class,Ethan Diaz,Consumer,East,New York,Technology,Copiers,Copiers - Model 706,1,0.0,428.47,137.11
5066,ORD-4977,2023-11-08,2023-11-14,Standard Class,Yuki Garcia,Home Office,Central,Dallas,Technology,Copiers,Copiers - Model 296,3,0.0,1587.63,508.04
5067,ORD-4978,2023-09-06,2023-09-08,First Class,Noah Diaz,Consumer,Central,Dallas,Technology,Copiers,Copiers - Model 641,5,0.0,2186.56,699.7
5068,ORD-4978,2023-09-06,2023-09-08,First Class,Noah Diaz,Consumer,Central,Dallas,Technology,Copiers,Copiers - Model 454,4,0.0,1821.22,582.79
5069,ORD-4979,2024-10-13,2024-10-17,Second Class,Ivy Chen,Consumer,West,San Francisco,Technology,Copiers,Copiers - Model 914,1,0.15,3.4,0.68
5070,ORD-4979,2024-10-13,2024-10-17,Second Class,Ivy Chen,Consumer,West,San Francisco,Technology,Copiers,Copiers - Model 498,1,0.0,368.34,117.87
5071,ORD-4980,2025-12-13,2025-12-20,Standard Class,Noah Okafor,Consumer,Central,Minneapolis,Office Supplies,Paper,Paper - Model 402,4,0.15,47.6,16.8
5072,ORD-4981,2024-12-28,2025-01-03,Standard Class,Fatima Diaz,Consumer,Central,Chicago,Furniture,Tables,Tables - Model 465,1,0.0,216.84,47.7
5073,ORD-4982,2024-08-03,2024-08-10,Standard Class,Maria Brown,Home Office,West,Seattle,Office Supplies,Paper,Paper - Model 698,2,0.0,67.68,30.45
5074,ORD-4983,2024-10-18,2024-10-24,Standard Class,Carlos Khan,Consumer,South,Miami,Furniture,Furnishings,Furnishings - Model 936,3,0.1,729.99,97.33
5075,ORD-4984,2024-10-06,2024-10-07,Same Day,Yuki Müller,Corporate,Central,Dallas,Furniture,Chairs,Chairs - Model 462,5,0.0,439.24,96.63
5076,ORD-4985,2025-01-09,2025-01-13,Second Class,Maria Nguyen,Consumer,South,Nashville,Office Supplies,Storage,Storage - Model 825,2,0.0,62.04,27.92
5077,ORD-4986,2023-01-18,2023-01-25,Standard Class,Noah Silva,Consumer,Central,Minneapolis,Office Supplies,Paper,Paper - Model 649,2,0.4,38.73,0.0
5078,ORD-4986,2023-01-18,2023-01-25,Standard Class,Noah Silva,Consumer,Central,Minneapolis,Office Supplies,Paper,Paper - Model 638,1,0.1,32.08,12.48
5079,ORD-4987,2025-08-21,2025-08-27,Standard Class,Ivy Khan,Corporate,South,Charlotte,Furniture,Bookcases,Bookcases - Model 133,3,0.0,464.3,102.15
5080,ORD-4988,2024-05-15,2024-05-21,Standard Class,Liam Silva,Consumer,East,Boston,Office Supplies,Storage,Storage - Model 419,1,0.0,32.83,14.77
5081,ORD-4988,2024-05-15,2024-05-21,Standard Class,Liam Silva,Consumer,East,Boston,Office Supplies,Storage,Storage - Model 188,1,0.3,27.51,3.92
5082,ORD-4989,2024-12-03,2024-12-07,Second Class,Maria Khan,Corporate,East,Philadelphia,Technology,Accessories,Accessories - Model 679,2,0.0,1203.4,385.09
5083,ORD-4989,2024-12-03,2024-12-07,Second Class,Maria Khan,Corporate,East,Philadelphia,Technology,Accessories,Accessories - Model 590,1,0.0,226.75,72.56
5084,ORD-4989,2024-12-03,2024-12-07,Second Class,Maria Khan,Corporate,East,Philadelphia,Technology,Accessories,Accessories - Model 223,1,0.15,373.8,74.76
5085,ORD-4990,2024-06-16,2024-06-22,Standard Class,Aisha Diaz,Consumer,South,Miami,Furniture,Tables,Tables - Model 891,1,0.0,144.62,31.81
5086,ORD-4990,2024-06-16,2024-06-22,Standard Class,Aisha Diaz,Consumer,South,Miami,Furniture,Tables,Tables - Model 853,2,0.0,472.77,104.01
5087,ORD-4990,2024-06-16,2024-06-22,Standard Class,Aisha Diaz,Consumer,South,Miami,Furniture,Tables,Tables - Model 346,1,0.0,199.47,43.89
5088,ORD-4991,2024-04-22,2024-04-22,Same Day,Ivy Nguyen,Consumer,Central,Houston,Office Supplies,Art,Art - Model 816,1,0.15,34.13,12.05
5089,ORD-4992,2024-01-15,2024-01-21,Standard Class,Maria Nguyen,Corporate,Central,Houston,Technology,Accessories,Accessories - Model 657,1,0.1,279.81,68.4
5090,ORD-4993,2025-11-10,2025-11-10,Same Day,Ivy Okafor,Home Office,South,Miami,Office Supplies,Paper,Paper - Model 680,2,0.2,66.49,20.78
5091,ORD-4994,2024-01-19,2024-01-26,Standard Class,Wei Müller,Corporate,West,Phoenix,Technology,Copiers,Copiers - Model 593,2,0.1,674.41,164.86
5092,ORD-4995,2025-04-06,2025-04-13,Standard Class,Ethan Nguyen,Corporate,West,Phoenix,Technology,Machines,Machines - Model 563,3,0.15,759.77,151.95
5093,ORD-4996,2025-07-26,2025-08-01,Standard Class,Omar Smith,Consumer,South,Atlanta,Office Supplies,Labels,Labels - Model 607,1,0.2,20.77,6.49
5094,ORD-4997,2023-10-18,2023-10-25,Standard Class,Yuki Silva,Home Office,West,San Francisco,Office Supplies,Paper,Paper - Model 991,2,0.15,42.72,15.08
5095,ORD-4998,2025-09-14,2025-09-18,Second Class,Yuki Nguyen,Corporate,Central,Dallas,Office Supplies,Binders,Binders - Model 161,1,0.0,44.34,19.96
5096,ORD-4999,2023-05-25,2023-05-30,Second Class,Ivy Garcia,Home Office,West,Phoenix,Furniture,Tables,Tables - Model 657,3,0.0,724.98,159.5
5097,ORD-4999,2023-05-25,2023-05-30,Second Class,Ivy Garcia,Home Office,West,Phoenix,Furniture,Tables,Tables - Model 800,1,0.15,141.14,11.63
5098,ORD-4999,2023-05-25,2023-05-30,Second Class,Ivy Garcia,Home Office,West,Phoenix,Furniture,Tables,Tables - Model 132,2,0.0,300.5,66.11
5099,ORD-5000,2025-11-30,2025-12-06,Standard Class,Yuki Garcia,Consumer,West,San Francisco,Office Supplies,Labels,Labels - Model 461,5,0.0,177.82,80.02
5100,ORD-5000,2025-11-30,2025-12-06,Standard Class,Yuki Garcia,Consumer,West,San Francisco,Office Supplies,Labels,Labels - Model 250,2,0.2,64.82,20.26
5101,ORD-5000,2025-11-30,2025-12-06,Standard Class,Yuki Garcia,Consumer,West,San Francisco,Office Supplies,Labels,Labels - Model 634,5,0.0,140.42,63.19
5102,ORD-5001,2025-05-01,2025-05-05,Second Class,Omar Silva,Consumer,South,Charlotte,Office Supplies,Art,Art - Model 487,2,0.0,64.03,28.82
5103,ORD-5002,2024-04-03,2024-04-08,Second Class,Carlos Silva,Corporate,Central,Minneapolis,Furniture,Tables,Tables - Model 334,1,0.0,421.14,92.65
5104,ORD-5003,2023-08-17,2023-08-24,Standard Class,James Chen,Consumer,Central,Minneapolis,Furniture,Bookcases,Bookcases - Model 919,1,0.0,286.28,62.98
5105,ORD-5003,2023-08-17,2023-08-24,Standard Class,James Chen,Consumer,Central,Minneapolis,Furniture,Bookcases,Bookcases - Model 883,1,0.15,171.73,14.14
5106,ORD-5003,2023-08-17,2023-08-24,Standard Class,James Chen,Consumer,Central,Minneapolis,Furniture,Bookcases,Bookcases - Model 199,3,0.0,694.9,152.88
5107,ORD-5004,2024-09-02,2024-09-08,Standard Class,Omar Chen,Consumer,Central,Houston,Office Supplies,Binders,Binders - Model 393,4,0.3,111.68,15.96
5108,ORD-5005,2024-06-10,2024-06-17,Standard Class,Yuki Müller,Consumer,South,Miami,Office Supplies,Storage,Storage - Model 341,3,0.0,73.94,33.27
5109,ORD-5006,2025-09-26,2025-10-03,Standard Class,Fatima Diaz,Corporate,South,Nashville,Furniture,Bookcases,Bookcases - Model 983,5,0.15,775.63,63.88
5110,ORD-5007,2023-02-09,2023-02-13,Second Class,James Okafor,Consumer,Central,Dallas,Furniture,Chairs,Chairs - Model 757,3,0.3,679.86,-126.26
5111,ORD-5007,2023-02-09,2023-02-13,Second Class,James Okafor,Consumer,Central,Dallas,Furniture,Chairs,Chairs - Model 372,1,0.15,103.18,8.5
5112,ORD-5008,2023-01-07,2023-01-14,Standard Class,Sofia Diaz,Corporate,East,Newark,Office Supplies,Paper,Paper - Model 237,1,0.15,35.16,12.41
5113,ORD-5009,2025-02-10,2025-02-16,Standard Class,James Khan,Consumer,South,Nashville,Office Supplies,Storage,Storage - Model 260,1,0.1,40.67,15.82
5114,ORD-5010,2025-07-15,2025-07-21,Standard Class,Liam Rossi,Consumer,Central,Chicago,Office Supplies,Paper,Paper - Model 386,2,0.0,48.62,21.88
5115,ORD-5010,2025-07-15,2025-07-21,Standard Class,Liam Rossi,Consumer,Central,Chicago,Office Supplies,Paper,Paper - Model 269,1,0.0,34.87,15.69
5116,ORD-5011,2025-06-02,2025-06-09,Standard Class,Maria Nguyen,Corporate,East,Philadelphia,Furniture,Chairs,Chairs - Model 536,1,0.1,262.83,35.04
5117,ORD-5012,2023-03-27,2023-04-03,Standard Class,Carlos Silva,Corporate,East,Boston,Furniture,Tables,Tables - Model 281,2,0.2,341.19,8.53
5118,ORD-5013,2025-04-07,2025-04-13,Standard Class,Maria Brown,Home Office,South,Nashville,Office Supplies,Labels,Labels - Model 196,3,0.0,76.82,34.57
5119,ORD-5014,2025-11-28,2025-12-03,Second Class,Noah Okafor,Consumer,West,Phoenix,Technology,Machines,Machines - Model 142,1,0.0,475.93,152.3
5120,ORD-5015,2023-08-31,2023-09-04,Second Class,Wei Novak,Corporate,West,Phoenix,Office Supplies,Storage,Storage - Model 135,1,0.2,12.45,3.89
5121,ORD-5016,2023-11-27,2023-12-04,Standard Class,James Khan,Consumer,Central,Houston,Furniture,Furnishings,Furnishings - Model 507,1,0.0,188.64,41.5
5122,ORD-5017,2024-04-24,2024-04-30,Standard Class,Liam Kim,Corporate,South,Charlotte,Furniture,Chairs,Chairs - Model 104,5,0.0,1364.5,300.19
5123,ORD-5018,2023-06-16,2023-06-20,Second Class,Omar Müller,Consumer,West,Seattle,Furniture,Chairs,Chairs - Model 307,1,0.0,225.87,49.69
5124,ORD-5019,2025-12-22,2025-12-28,Standard Class,Aisha Silva,Home Office,West,San Francisco,Technology,Accessories,Accessories - Model 611,4,0.1,1422.95,347.83
5125,ORD-5020,2025-04-17,2025-04-22,Second Class,Carlos Brown,Consumer,East,Newark,Office Supplies,Art,Art - Model 356,3,0.3,67.28,9.61
5126,ORD-5021,2023-12-06,2023-12-13,Standard Class,Liam Okafor,Consumer,Central,Dallas,Office Supplies,Paper,Paper - Model 434,3,0.1,127.94,49.75
5127,ORD-5021,2023-12-06,2023-12-13,Standard Class,Liam Okafor,Consumer,Central,Dallas,Office Supplies,Paper,Paper - Model 599,4,0.15,188.12,66.4
5128,ORD-5021,2023-12-06,2023-12-13,Standard Class,Liam Okafor,Consumer,Central,Dallas,Office Supplies,Paper,Paper - Model 471,1,0.2,24.52,7.66
5129,ORD-5022,2024-02-16,2024-02-22,Standard Class,Sofia Diaz,Consumer,South,Atlanta,Office Supplies,Storage,Storage - Model 107,1,0.1,40.41,15.71
5130,ORD-5023,2024-10-06,2024-10-13,Standard Class,Carlos Patel,Home Office,Central,Houston,Furniture,Tables,Tables - Model 589,4,0.0,1140.53,250.91
5131,ORD-5023,2024-10-06,2024-10-13,Standard Class,Carlos Patel,Home Office,Central,Houston,Furniture,Tables,Tables - Model 939,1,0.1,337.38,44.98
5132,ORD-5023,2024-10-06,2024-10-13,Standard Class,Carlos Patel,Home Office,Central,Houston,Furniture,Tables,Tables - Model 383,1,0.1,185.38,24.72
5133,ORD-5024,2025-10-14,2025-10-19,Second Class,James Okafor,Corporate,South,Atlanta,Furniture,Chairs,Chairs - Model 720,2,0.15,612.87,50.47
5134,ORD-5025,2023-11-18,2023-11-23,Second Class,Carlos Rossi,Home Office,West,Seattle,Office Supplies,Binders,Binders - Model 585,2,0.1,89.35,34.75
5135,ORD-5026,2024-09-29,2024-10-05,Standard Class,Maria Novak,Consumer,South,Charlotte,Office Supplies,Paper,Paper - Model 949,3,0.1,118.64,46.14
5136,ORD-5027,2023-09-19,2023-09-22,First Class,Omar Silva,Home Office,South,Miami,Office Supplies,Art,Art - Model 474,3,0.1,99.61,38.74
5137,ORD-5027,2023-09-19,2023-09-22,First Class,Omar Silva,Home Office,South,Miami,Office Supplies,Art,Art - Model 959,1,0.0,29.66,13.35
5138,ORD-5028,2023-05-18,2023-05-25,Standard Class,Priya Chen,Corporate,East,New York,Technology,Phones,Phones - Model 516,2,0.4,426.7,-92.45
5139,ORD-5029,2024-05-11,2024-05-14,First Class,Maria Brown,Consumer,Central,Houston,Office Supplies,Art,Art - Model 459,2,0.0,65.34,29.4
5140,ORD-5030,2025-11-11,2025-11-17,Standard Class,Noah Garcia,Consumer,West,Seattle,Technology,Machines,Machines - Model 673,4,0.1,1829.36,447.18
5141,ORD-5031,2024-09-09,2024-09-16,Standard Class,Ethan Khan,Consumer,Central,Houston,Furniture,Furnishings,Furnishings - Model 295,2,0.2,211.65,5.3
5142,ORD-5031,2024-09-09,2024-09-16,Standard Class,Ethan Khan,Consumer,Central,Houston,Furniture,Furnishings,Furnishings - Model 344,4,0.0,1069.08,235.19
5143,ORD-5032,2023-07-12,2023-07-19,Standard Class,Yuki Kim,Consumer,Central,Chicago,Office Supplies,Labels,Labels - Model 774,2,0.1,77.74,30.23
5144,ORD-5033,2024-06-28,2024-07-05,Standard Class,Aisha Khan,Corporate,South,Charlotte,Office Supplies,Binders,Binders - Model 976,2,0.15,83.1,29.33
5145,ORD-5034,2025-07-31,2025-08-06,Standard Class,Wei Garcia,Consumer,West,Los Angeles,Office Supplies,Binders,Binders - Model 991,3,0.0,133.55,60.1
5146,ORD-5034,2025-07-31,2025-08-06,Standard Class,Wei Garcia,Consumer,West,Los Angeles,Office Supplies,Binders,Binders - Model 676,3,0.0,103.81,46.71
5147,ORD-5035,2024-11-15,2024-11-15,Same Day,Yuki Garcia,Corporate,West,San Francisco,Office Supplies,Binders,Binders - Model 885,1,0.0,32.48,14.62
5148,ORD-5036,2023-11-03,2023-11-07,Second Class,Omar Rossi,Consumer,East,Boston,Technology,Accessories,Accessories - Model 322,1,0.0,500.18,160.06
5149,ORD-5036,2023-11-03,2023-11-07,Second Class,Omar Rossi,Consumer,East,Boston,Technology,Accessories,Accessories - Model 839,1,0.0,548.15,175.41
5150,ORD-5037,2025-12-28,2025-12-31,First Class,Maria Garcia,Corporate,South,Atlanta,Office Supplies,Paper,Paper - Model 634,2,0.0,27.78,12.5
5151,ORD-5038,2023-08-15,2023-08-22,Standard Class,Aisha Müller,Corporate,Central,Chicago,Technology,Accessories,Accessories - Model 491,1,0.0,434.41,139.01
5152,ORD-5039,2024-11-14,2024-11-21,Standard Class,Carlos Müller,Home Office,South,Atlanta,Office Supplies,Binders,Binders - Model 285,2,0.0,21.27,9.57
5153,ORD-5039,2024-11-14,2024-11-21,Standard Class,Carlos Müller,Home Office,South,Atlanta,Office Supplies,Binders,Binders - Model 714,3,0.0,103.41,46.53
5154,ORD-5040,2023-11-19,2023-11-23,Second Class,Priya Nguyen,Corporate,West,Seattle,Technology,Machines,Machines - Model 403,1,0.0,489.68,156.7
5155,ORD-5041,2025-02-26,2025-03-02,Second Class,Ivy Okafor,Home Office,Central,Chicago,Office Supplies,Storage,Storage - Model 743,1,0.2,43.95,13.73
5156,ORD-5042,2025-04-02,2025-04-07,Second Class,Fatima Brown,Consumer,West,Phoenix,Furniture,Chairs,Chairs - Model 573,1,0.1,393.99,52.53
5157,ORD-5043,2024-12-31,2025-01-07,Standard Class,Noah Kim,Consumer,Central,Houston,Technology,Phones,Phones - Model 418,3,0.2,572.96,85.95
5158,ORD-5044,2023-11-19,2023-11-20,Same Day,Priya Khan,Home Office,West,Phoenix,Office Supplies,Paper,Paper - Model 359,2,0.15,40.8,14.4
5159,ORD-5045,2023-06-30,2023-07-02,First Class,Omar Diaz,Consumer,Central,Minneapolis,Technology,Accessories,Accessories - Model 889,3,0.4,485.66,-105.23
5160,ORD-5046,2025-04-08,2025-04-14,Standard Class,Fatima Diaz,Consumer,Central,Chicago,Office Supplies,Storage,Storage - Model 255,1,0.0,61.02,27.46
5161,ORD-5046,2025-04-08,2025-04-14,Standard Class,Fatima Diaz,Consumer,Central,Chicago,Office Supplies,Storage,Storage - Model 499,1,0.1,22.35,8.69
5162,ORD-5047,2025-11-03,2025-11-10,Standard Class,Priya Okafor,Consumer,Central,Minneapolis,Office Supplies,Paper,Paper - Model 795,1,0.0,33.52,15.08
5163,ORD-5048,2025-02-17,2025-02-23,Standard Class,Ivy Garcia,Home Office,Central,Minneapolis,Technology,Copiers,Copiers - Model 414,3,0.3,726.42,-31.13
5164,ORD-5049,2025-07-06,2025-07-11,Second Class,Liam Rossi,Corporate,West,Phoenix,Technology,Phones,Phones - Model 333,5,0.0,2222.01,711.04
5165,ORD-5049,2025-07-06,2025-07-11,Second Class,Liam Rossi,Corporate,West,Phoenix,Technology,Phones,Phones - Model 944,1,0.2,261.61,39.24
5166,ORD-5050,2023-03-08,2023-03-15,Standard Class,Wei Garcia,Consumer,South,Charlotte,Office Supplies,Paper,Paper - Model 200,1,0.1,20.06,7.8
5167,ORD-5051,2025-06-03,2025-06-10,Standard Class,Fatima Brown,Consumer,East,New York,Furniture,Bookcases,Bookcases - Model 234,1,0.2,196.38,4.91
5168,ORD-5051,2025-06-03,2025-06-10,Standard Class,Fatima Brown,Consumer,East,New York,Furniture,Bookcases,Bookcases - Model 180,1,0.3,197.0,-36.58
5169,ORD-5051,2025-06-03,2025-06-10,Standard Class,Fatima Brown,Consumer,East,New York,Furniture,Bookcases,Bookcases - Model 565,1,0.1,331.14,44.15
5170,ORD-5052,2025-09-28,2025-10-03,Second Class,Wei Garcia,Consumer,East,Newark,Office Supplies,Binders,Binders - Model 505,1,0.0,33.94,15.27
5171,ORD-5053,2024-09-15,2024-09-20,Second Class,Wei Novak,Corporate,South,Atlanta,Technology,Phones,Phones - Model 941,3,0.0,1293.23,413.83
5172,ORD-5054,2023-11-10,2023-11-16,Standard Class,Carlos Khan,Consumer,Central,Chicago,Office Supplies,Art,Art - Model 653,3,0.0,143.8,64.71
5173,ORD-5055,2025-03-04,2025-03-09,Second Class,Carlos Khan,Consumer,West,Phoenix,Office Supplies,Art,Art - Model 739,2,0.3,50.5,7.21
5174,ORD-5056,2024-04-01,2024-04-04,First Class,Liam Smith,Corporate,Central,Dallas,Furniture,Tables,Tables - Model 412,1,0.1,109.62,14.62
5175,ORD-5057,2024-12-19,2024-12-25,Standard Class,Ethan Brown,Consumer,West,Seattle,Office Supplies,Storage,Storage - Model 584,5,0.0,197.58,88.91
5176,ORD-5057,2024-12-19,2024-12-25,Standard Class,Ethan Brown,Consumer,West,Seattle,Office Supplies,Storage,Storage - Model 434,2,0.1,84.26,32.77
5177,ORD-5057,2024-12-19,2024-12-25,Standard Class,Ethan Brown,Consumer,West,Seattle,Office Supplies,Storage,Storage - Model 906,1,0.15,33.12,11.69
5178,ORD-5058,2023-05-20,2023-05-26,Standard Class,Aisha Brown,Corporate,South,Atlanta,Technology,Accessories,Accessories - Model 973,2,0.15,735.73,147.14
5179,ORD-5059,2023-06-19,2023-06-25,Standard Class,Liam Müller,Corporate,West,Phoenix,Office Supplies,Labels,Labels - Model 215,1,0.3,28.38,4.05
5180,ORD-5060,2024-08-13,2024-08-15,First Class,Priya Khan,Consumer,East,Philadelphia,Technology,Copiers,Copiers - Model 612,2,0.1,865.79,211.64
5181,ORD-5060,2024-08-13,2024-08-15,First Class,Priya Khan,Consumer,East,Philadelphia,Technology,Copiers,Copiers - Model 420,3,0.0,992.69,317.66
5182,ORD-5060,2024-08-13,2024-08-15,First Class,Priya Khan,Consumer,East,Philadelphia,Technology,Copiers,Copiers - Model 922,1,0.0,428.69,137.18
5183,ORD-5061,2023-01-08,2023-01-14,Standard Class,Carlos Patel,Consumer,East,Boston,Furniture,Tables,Tables - Model 384,4,0.0,853.39,187.74
5184,ORD-5062,2025-02-01,2025-02-05,Second Class,Sofia Rossi,Corporate,West,Los Angeles,Office Supplies,Binders,Binders - Model 313,1,0.15,26.97,9.52
5185,ORD-5063,2025-01-20,2025-01-26,Standard Class,Ethan Brown,Corporate,Central,Houston,Technology,Copiers,Copiers - Model 224,5,0.0,1899.59,607.87
5186,ORD-5063,2025-01-20,2025-01-26,Standard Class,Ethan Brown,Corporate,Central,Houston,Technology,Copiers,Copiers - Model 658,1,0.0,342.34,109.55
5187,ORD-5064,2024-08-23,2024-08-30,Standard Class,Omar Brown,Corporate,South,Nashville,Technology,Copiers,Copiers - Model 316,1,0.1,524.06,128.1
5188,ORD-5064,2024-08-23,2024-08-30,Standard Class,Omar Brown,Corporate,South,Nashville,Technology,Copiers,Copiers - Model 154,5,0.0,1955.0,625.6
5189,ORD-5064,2024-08-23,2024-08-30,Standard Class,Omar Brown,Corporate,South,Nashville,Technology,Copiers,Copiers - Model 484,2,0.15,515.22,103.04
5190,ORD-5065,2024-08-20,2024-08-27,Standard Class,Aisha Patel,Consumer,East,Philadelphia,Furniture,Chairs,Chairs - Model 477,3,0.0,585.62,128.84
5191,ORD-5066,2023-03-27,2023-03-31,Second Class,Carlos Diaz,Consumer,East,Philadelphia,Furniture,Chairs,Chairs - Model 341,3,0.0,903.56,198.78
5192,ORD-5067,2025-10-02,2025-10-08,Standard Class,Noah Smith,Home Office,South,Charlotte,Furniture,Tables,Tables - Model 545,1,0.0,214.75,47.25
5193,ORD-5067,2025-10-02,2025-10-08,Standard Class,Noah Smith,Home Office,South,Charlotte,Furniture,Tables,Tables - Model 832,1,0.15,215.84,17.77
5194,ORD-5068,2025-12-04,2025-12-05,Same Day,Maria Khan,Consumer,Central,Minneapolis,Office Supplies,Storage,Storage - Model 627,3,0.1,116.28,45.22
5195,ORD-5069,2024-03-10,2024-03-17,Standard Class,Noah Rossi,Consumer,East,New York,Office Supplies,Labels,Labels - Model 152,1,0.15,18.74,6.61
5196,ORD-5070,2023-06-01,2023-06-05,Second Class,Carlos Nguyen,Consumer,South,Miami,Furniture,Chairs,Chairs - Model 174,1,0.0,303.02,66.66
5197,ORD-5071,2024-11-16,2024-11-18,First Class,Omar Patel,Consumer,East,Newark,Technology,Machines,Machines - Model 431,2,0.2,1085.85,162.88
5198,ORD-5072,2023-08-02,2023-08-09,Standard Class,Ethan Brown,Corporate,West,Seattle,Furniture,Furnishings,Furnishings - Model 605,1,0.0,231.24,50.87
5199,ORD-5072,2023-08-02,2023-08-09,Standard Class,Ethan Brown,Corporate,West,Seattle,Furniture,Furnishings,Furnishings - Model 657,1,0.15,144.91,11.93
5200,ORD-5073,2024-11-20,2024-11-27,Standard Class,Carlos Smith,Home Office,West,Los Angeles,Office Supplies,Binders,Binders - Model 121,2,0.0,61.46,27.66
5201,ORD-5074,2023-11-16,2023-11-22,Standard Class,Ivy Kim,Home Office,East,New York,Office Supplies,Art,Art - Model 246,2,0.0,83.16,37.42
5202,ORD-5075,2025-03-30,2025-04-06,Standard Class,Ivy Okafor,Corporate,Central,Houston,Office Supplies,Paper,Paper - Model 446,1,0.1,31.55,12.27
5203,ORD-5076,2025-06-18,2025-06-20,First Class,Omar Silva,Consumer,East,New York,Office Supplies,Paper,Paper - Model 119,1,0.2,29.98,9.37
5204,ORD-5077,2023-10-05,2023-10-12,Standard Class,Liam Patel,Consumer,West,Seattle,Office Supplies,Storage,Storage - Model 476,1,0.0,43.14,19.42
5205,ORD-5078,2023-12-31,2024-01-03,First Class,James Novak,Consumer,East,Philadelphia,Office Supplies,Binders,Binders - Model 222,1,0.0,20.48,9.22
5206,ORD-5079,2025-12-22,2025-12-27,Second Class,Omar Smith,Corporate,West,Los Angeles,Technology,Copiers,Copiers - Model 321,1,0.1,237.64,58.09
5207,ORD-5080,2024-11-15,2024-11-22,Standard Class,Omar Brown,Consumer,Central,Chicago,Office Supplies,Art,Art - Model 662,4,0.0,123.21,55.45
5208,ORD-5080,2024-11-15,2024-11-22,Standard Class,Omar Brown,Consumer,Central,Chicago,Office Supplies,Art,Art - Model 395,2,0.3,29.69,4.24
5209,ORD-5081,2025-09-28,2025-10-05,Standard Class,Wei Khan,Corporate,Central,Chicago,Office Supplies,Binders,Binders - Model 355,2,0.2,54.49,17.03
5210,ORD-5082,2025-09-30,2025-10-06,Standard Class,Noah Silva,Corporate,West,Phoenix,Office Supplies,Labels,Labels - Model 169,1,0.3,46.76,6.68
5211,ORD-5083,2023-10-24,2023-10-30,Standard Class,Aisha Chen,Consumer,West,Los Angeles,Furniture,Chairs,Chairs - Model 983,1,0.1,225.31,30.04
5212,ORD-5084,2024-07-05,2024-07-09,Second Class,Noah Nguyen,Consumer,West,Los Angeles,Technology,Phones,Phones - Model 879,1,0.0,225.62,72.2
5213,ORD-5085,2025-05-10,2025-05-16,Standard Class,Wei Novak,Consumer,East,Boston,Office Supplies,Storage,Storage - Model 776,3,0.15,85.77,30.27
5214,ORD-5086,2025-12-18,2025-12-24,Standard Class,Priya Müller,Home Office,East,Newark,Office Supplies,Paper,Paper - Model 961,2,0.0,72.24,32.51
5215,ORD-5086,2025-12-18,2025-12-24,Standard Class,Priya Müller,Home Office,East,Newark,Office Supplies,Paper,Paper - Model 943,2,0.0,112.48,50.61
5216,ORD-5087,2025-01-11,2025-01-16,Second Class,Priya Nguyen,Consumer,East,Philadelphia,Furniture,Tables,Tables - Model 707,4,0.4,547.47,-209.86
5217,ORD-5088,2024-06-03,2024-06-05,First Class,Liam Novak,Home Office,East,Newark,Office Supplies,Paper,Paper - Model 572,1,0.0,46.08,20.73
5218,ORD-5089,2025-12-13,2025-12-15,First Class,Priya Garcia,Home Office,East,Newark,Furniture,Tables,Tables - Model 449,1,0.0,235.46,51.8
5219,ORD-5089,2025-12-13,2025-12-15,First Class,Priya Garcia,Home Office,East,Newark,Furniture,Tables,Tables - Model 789,1,0.0,231.94,51.02
5220,ORD-5090,2024-01-04,2024-01-06,First Class,James Garcia,Consumer,East,Newark,Office Supplies,Binders,Binders - Model 247,1,0.1,45.48,17.69
5221,ORD-5090,2024-01-04,2024-01-06,First Class,James Garcia,Consumer,East,Newark,Office Supplies,Binders,Binders - Model 770,1,0.3,22.78,3.25
5222,ORD-5090,2024-01-04,2024-01-06,First Class,James Garcia,Consumer,East,Newark,Office Supplies,Binders,Binders - Model 702,2,0.1,46.43,18.06
5223,ORD-5091,2024-11-05,2024-11-12,Standard Class,Fatima Smith,Consumer,Central,Dallas,Office Supplies,Art,Art - Model 405,1,0.3,38.73,5.53
5224,ORD-5092,2025-02-02,2025-02-04,First Class,Yuki Kim,Consumer,East,New York,Furniture,Furnishings,Furnishings - Model 835,1,0.0,267.97,58.95
5225,ORD-5092,2025-02-02,2025-02-04,First Class,Yuki Kim,Consumer,East,New York,Furniture,Furnishings,Furnishings - Model 525,1,0.3,203.03,-37.71
5226,ORD-5092,2025-02-02,2025-02-04,First Class,Yuki Kim,Consumer,East,New York,Furniture,Furnishings,Furnishings - Model 319,3,0.1,648.67,86.49
5227,ORD-5093,2025-11-15,2025-11-18,First Class,Aisha Müller,Home Office,South,Nashville,Office Supplies,Art,Art - Model 202,4,0.1,100.71,39.17
5228,ORD-5093,2025-11-15,2025-11-18,First Class,Aisha Müller,Home Office,South,Nashville,Office Supplies,Art,Art - Model 857,3,0.0,175.6,79.02
5229,ORD-5094,2023-11-15,2023-11-21,Standard Class,Noah Diaz,Corporate,Central,Minneapolis,Office Supplies,Storage,Storage - Model 337,3,0.0,112.78,50.75
5230,ORD-5094,2023-11-15,2023-11-21,Standard Class,Noah Diaz,Corporate,Central,Minneapolis,Office Supplies,Storage,Storage - Model 564,2,0.15,79.41,28.03
5231,ORD-5095,2023-09-03,2023-09-06,First Class,Carlos Rossi,Corporate,East,Philadelphia,Furniture,Furnishings,Furnishings - Model 858,3,0.0,624.11,137.3
5232,ORD-5096,2024-11-10,2024-11-16,Standard Class,Carlos Patel,Consumer,Central,Chicago,Office Supplies,Labels,Labels - Model 256,1,0.2,26.46,8.27
5233,ORD-5097,2025-05-06,2025-05-13,Standard Class,Carlos Nguyen,Home Office,Central,Minneapolis,Technology,Accessories,Accessories - Model 491,1,0.15,314.74,62.95
5234,ORD-5098,2025-10-30,2025-11-05,Standard Class,Maria Rossi,Consumer,West,Seattle,Office Supplies,Art,Art - Model 123,1,0.2,25.95,8.11
5235,ORD-5098,2025-10-30,2025-11-05,Standard Class,Maria Rossi,Consumer,West,Seattle,Office Supplies,Art,Art - Model 542,3,0.3,85.66,12.24
5236,ORD-5099,2025-09-25,2025-09-27,First Class,Carlos Brown,Home Office,East,Boston,Technology,Accessories,Accessories - Model 348,1,0.0,537.23,171.91
5237,ORD-5100,2024-01-12,2024-01-18,Standard Class,Ivy Chen,Corporate,West,Seattle,Office Supplies,Storage,Storage - Model 203,4,0.0,102.83,46.28
5238,ORD-5101,2024-01-08,2024-01-10,First Class,Liam Smith,Consumer,South,Nashville,Furniture,Furnishings,Furnishings - Model 414,1,0.0,170.35,37.48
5239,ORD-5101,2024-01-08,2024-01-10,First Class,Liam Smith,Consumer,South,Nashville,Furniture,Furnishings,Furnishings - Model 826,2,0.15,287.89,23.71
5240,ORD-5101,2024-01-08,2024-01-10,First Class,Liam Smith,Consumer,South,Nashville,Furniture,Furnishings,Furnishings - Model 666,1,0.1,240.19,32.02
5241,ORD-5102,2024-12-03,2024-12-08,Second Class,Wei Diaz,Consumer,East,Newark,Furniture,Chairs,Chairs - Model 508,2,0.0,365.76,80.46
5242,ORD-5103,2025-10-11,2025-10-18,Standard Class,Aisha Patel,Home Office,West,Los Angeles,Technology,Copiers,Copiers - Model 810,1,0.15,497.2,99.44
5243,ORD-5104,2025-12-29,2026-01-05,Standard Class,Wei Chen,Home Office,West,Los Angeles,Technology,Machines,Machines - Model 165,1,0.15,400.84,80.17
5244,ORD-5105,2023-10-02,2023-10-09,Standard Class,James Diaz,Consumer,Central,Houston,Technology,Accessories,Accessories - Model 974,3,0.1,685.44,167.55
5245,ORD-5106,2025-04-18,2025-04-24,Standard Class,Liam Silva,Corporate,South,Charlotte,Furniture,Chairs,Chairs - Model 845,4,0.0,924.64,203.42
5246,ORD-5106,2025-04-18,2025-04-24,Standard Class,Liam Silva,Corporate,South,Charlotte,Furniture,Chairs,Chairs - Model 938,2,0.1,609.5,81.26
5247,ORD-5107,2023-11-18,2023-11-19,Same Day,James Okafor,Home Office,East,Newark,Office Supplies,Binders,Binders - Model 156,1,0.1,23.2,9.02
5248,ORD-5108,2024-08-30,2024-09-05,Standard Class,Carlos Nguyen,Consumer,West,Phoenix,Furniture,Tables,Tables - Model 639,5,0.4,710.55,-272.38
5249,ORD-5109,2025-08-22,2025-08-25,First Class,Priya Khan,Consumer,West,San Francisco,Office Supplies,Storage,Storage - Model 157,1,0.0,17.99,8.1
5250,ORD-5110,2024-12-14,2024-12-21,Standard Class,Omar Patel,Consumer,West,San Francisco,Furniture,Chairs,Chairs - Model 170,1,0.0,213.26,46.91
5251,ORD-5111,2023-10-15,2023-10-21,Standard Class,Noah Rossi,Consumer,Central,Chicago,Furniture,Furnishings,Furnishings - Model 735,3,0.0,695.0,152.9
5252,ORD-5112,2024-04-04,2024-04-10,Standard Class,Omar Chen,Consumer,East,New York,Furniture,Bookcases,Bookcases - Model 930,2,0.0,616.8,135.69
5253,ORD-5113,2025-08-16,2025-08-18,First Class,Omar Brown,Consumer,South,Nashville,Furniture,Furnishings,Furnishings - Model 866,4,0.15,527.39,43.43
5254,ORD-5113,2025-08-16,2025-08-18,First Class,Omar Brown,Consumer,South,Nashville,Furniture,Furnishings,Furnishings - Model 289,4,0.1,574.94,76.66
5255,ORD-5113,2025-08-16,2025-08-18,First Class,Omar Brown,Consumer,South,Nashville,Furniture,Furnishings,Furnishings - Model 470,3,0.0,296.82,65.3
5256,ORD-5114,2024-12-05,2024-12-11,Standard Class,Aisha Smith,Consumer,East,Boston,Furniture,Chairs,Chairs - Model 694,2,0.0,478.89,105.35
5257,ORD-5115,2024-12-25,2024-12-31,Standard Class,Ivy Garcia,Consumer,South,Charlotte,Technology,Phones,Phones - Model 243,1,0.15,478.79,95.76
5258,ORD-5115,2024-12-25,2024-12-31,Standard Class,Ivy Garcia,Consumer,South,Charlotte,Technology,Phones,Phones - Model 412,4,0.0,2198.92,703.65
5259,ORD-5116,2023-07-03,2023-07-09,Standard Class,Ethan Silva,Consumer,West,Seattle,Office Supplies,Art,Art - Model 502,2,0.0,86.09,38.74
5260,ORD-5117,2023-05-28,2023-06-03,Standard Class,Noah Chen,Corporate,Central,Chicago,Office Supplies,Art,Art - Model 640,4,0.1,139.13,54.11
5261,ORD-5117,2023-05-28,2023-06-03,Standard Class,Noah Chen,Corporate,Central,Chicago,Office Supplies,Art,Art - Model 570,2,0.15,29.84,10.53
5262,ORD-5117,2023-05-28,2023-06-03,Standard Class,Noah Chen,Corporate,Central,Chicago,Office Supplies,Art,Art - Model 986,1,0.2,23.98,7.49
5263,ORD-5118,2024-10-19,2024-10-23,Second Class,Aisha Patel,Consumer,Central,Houston,Furniture,Chairs,Chairs - Model 570,1,0.0,249.22,54.83
5264,ORD-5119,2025-04-20,2025-04-26,Standard Class,Wei Rossi,Consumer,West,Seattle,Office Supplies,Art,Art - Model 304,2,0.1,63.93,24.86
5265,ORD-5120,2024-01-06,2024-01-13,Standard Class,Fatima Diaz,Consumer,South,Miami,Technology,Phones,Phones - Model 123,1,0.1,533.15,130.32
5266,ORD-5121,2025-01-17,2025-01-24,Standard Class,Noah Smith,Corporate,West,San Francisco,Furniture,Chairs,Chairs - Model 624,4,0.0,492.73,108.4
5267,ORD-5122,2023-04-27,2023-05-04,Standard Class,Priya Chen,Consumer,East,Newark,Office Supplies,Art,Art - Model 870,1,0.0,48.66,21.9
5268,ORD-5122,2023-04-27,2023-05-04,Standard Class,Priya Chen,Consumer,East,Newark,Office Supplies,Art,Art - Model 645,2,0.1,46.05,17.91
5269,ORD-5123,2024-10-05,2024-10-11,Standard Class,Aisha Khan,Consumer,South,Atlanta,Office Supplies,Art,Art - Model 876,1,0.0,37.69,16.96
5270,ORD-5124,2025-10-17,2025-10-22,Second Class,Priya Novak,Corporate,West,Seattle,Office Supplies,Labels,Labels - Model 636,2,0.0,85.57,38.51
5271,ORD-5125,2025-12-14,2025-12-20,Standard Class,James Garcia,Corporate,Central,Minneapolis,Office Supplies,Art,Art - Model 405,3,0.1,50.35,19.58
5272,ORD-5126,2023-12-02,2023-12-07,Second Class,Carlos Rossi,Consumer,East,Philadelphia,Technology,Machines,Machines - Model 449,3,0.3,1271.19,-54.48
5273,ORD-5127,2024-08-27,2024-08-31,Second Class,Carlos Patel,Corporate,East,Philadelphia,Office Supplies,Paper,Paper - Model 858,1,0.3,20.15,2.87
5274,ORD-5128,2024-03-20,2024-03-20,Same Day,Ethan Rossi,Corporate,Central,Dallas,Office Supplies,Storage,Storage - Model 601,1,0.0,12.05,5.42
5275,ORD-5129,2023-03-16,2023-03-22,Standard Class,Ivy Patel,Corporate,South,Charlotte,Technology,Phones,Phones - Model 812,1,0.1,323.14,78.99
5276,ORD-5129,2023-03-16,2023-03-22,Standard Class,Ivy Patel,Corporate,South,Charlotte,Technology,Phones,Phones - Model 381,2,0.1,231.33,56.54
5277,ORD-5130,2025-03-12,2025-03-18,Standard Class,Fatima Kim,Corporate,East,Philadelphia,Office Supplies,Art,Art - Model 566,1,0.0,27.26,12.27
5278,ORD-5131,2025-11-27,2025-12-03,Standard Class,Omar Brown,Consumer,Central,Minneapolis,Furniture,Furnishings,Furnishings - Model 607,1,0.15,202.49,16.68
5279,ORD-5132,2025-07-12,2025-07-12,Same Day,Noah Novak,Home Office,South,Nashville,Office Supplies,Binders,Binders - Model 137,4,0.0,165.24,74.36
5280,ORD-5133,2025-04-19,2025-04-24,Second Class,Maria Kim,Consumer,West,San Francisco,Technology,Machines,Machines - Model 720,2,0.15,507.67,101.53
5281,ORD-5134,2023-12-13,2023-12-20,Standard Class,Maria Rossi,Corporate,East,Newark,Office Supplies,Storage,Storage - Model 486,1,0.15,4.75,1.67
5282,ORD-5135,2024-06-19,2024-06-25,Standard Class,Yuki Diaz,Corporate,South,Miami,Office Supplies,Paper,Paper - Model 545,2,0.0,49.01,22.05
5283,ORD-5135,2024-06-19,2024-06-25,Standard Class,Yuki Diaz,Corporate,South,Miami,Office Supplies,Paper,Paper - Model 979,1,0.1,19.8,7.7
5284,ORD-5136,2023-09-19,2023-09-22,First Class,Ivy Chen,Corporate,Central,Dallas,Technology,Phones,Phones - Model 149,1,0.0,524.57,167.86
5285,ORD-5137,2024-02-20,2024-02-27,Standard Class,Liam Okafor,Consumer,West,Phoenix,Office Supplies,Paper,Paper - Model 970,1,0.0,30.05,13.52
5286,ORD-5138,2025-12-29,2026-01-05,Standard Class,Yuki Smith,Consumer,South,Nashville,Furniture,Furnishings,Furnishings - Model 878,1,0.0,103.44,22.75
5287,ORD-5139,2023-05-20,2023-05-26,Standard Class,Maria Khan,Consumer,Central,Dallas,Office Supplies,Art,Art - Model 537,3,0.1,65.65,25.53
5288,ORD-5140,2025-06-01,2025-06-07,Standard Class,Aisha Chen,Corporate,South,Atlanta,Technology,Phones,Phones - Model 631,2,0.0,956.34,306.03
5289,ORD-5141,2023-01-01,2023-01-05,Second Class,Wei Okafor,Corporate,West,Los Angeles,Furniture,Tables,Tables - Model 950,5,0.2,990.27,24.76
5290,ORD-5142,2023-11-10,2023-11-12,First Class,Fatima Müller,Consumer,East,Philadelphia,Office Supplies,Storage,Storage - Model 374,1,0.0,39.68,17.86
5291,ORD-5143,2024-10-16,2024-10-21,Second Class,Omar Brown,Corporate,East,Boston,Office Supplies,Art,Art - Model 108,1,0.15,23.57,8.32
5292,ORD-5144,2024-06-28,2024-06-30,First Class,Wei Rossi,Corporate,South,Atlanta,Technology,Phones,Phones - Model 461,1,0.2,247.89,37.18
5293,ORD-5145,2025-04-17,2025-04-22,Second Class,Maria Silva,Consumer,East,New York,Office Supplies,Art,Art - Model 260,1,0.0,36.87,16.59
5294,ORD-5146,2023-02-16,2023-02-23,Standard Class,Ivy Patel,Consumer,East,New York,Office Supplies,Art,Art - Model 615,5,0.15,216.2,76.31
5295,ORD-5146,2023-02-16,2023-02-23,Standard Class,Ivy Patel,Consumer,East,New York,Office Supplies,Art,Art - Model 119,1,0.15,32.13,11.34
5296,ORD-5147,2025-03-25,2025-03-30,Second Class,Sofia Diaz,Corporate,East,Boston,Furniture,Tables,Tables - Model 158,2,0.0,300.99,66.22
5297,ORD-5148,2024-07-21,2024-07-28,Standard Class,Maria Kim,Corporate,Central,Minneapolis,Furniture,Tables,Tables - Model 810,1,0.15,271.75,22.38
5298,ORD-5149,2024-02-18,2024-02-25,Standard Class,Fatima Silva,Consumer,West,Seattle,Office Supplies,Storage,Storage - Model 235,2,0.0,61.18,27.53
5299,ORD-5150,2023-11-13,2023-11-15,First Class,Aisha Müller,Home Office,West,Phoenix,Office Supplies,Labels,Labels - Model 934,2,0.0,98.44,44.3
5300,ORD-5151,2024-08-08,2024-08-15,Standard Class,Fatima Kim,Consumer,West,San Francisco,Office Supplies,Storage,Storage - Model 213,1,0.2,27.27,8.52
5301,ORD-5152,2024-08-25,2024-08-31,Standard Class,Yuki Nguyen,Consumer,South,Miami,Office Supplies,Paper,Paper - Model 433,2,0.0,35.3,15.88
5302,ORD-5152,2024-08-25,2024-08-31,Standard Class,Yuki Nguyen,Consumer,South,Miami,Office Supplies,Paper,Paper - Model 902,2,0.0,80.86,36.39
5303,ORD-5152,2024-08-25,2024-08-31,Standard Class,Yuki Nguyen,Consumer,South,Miami,Office Supplies,Paper,Paper - Model 346,2,0.3,74.48,10.64
5304,ORD-5153,2024-12-17,2024-12-24,Standard Class,Aisha Rossi,Consumer,East,Philadelphia,Technology,Phones,Phones - Model 353,1,0.2,201.12,30.17
5305,ORD-5154,2024-09-24,2024-09-30,Standard Class,Aisha Rossi,Corporate,South,Miami,Technology,Phones,Phones - Model 567,3,0.0,688.22,220.23
5306,ORD-5154,2024-09-24,2024-09-30,Standard Class,Aisha Rossi,Corporate,South,Miami,Technology,Phones,Phones - Model 965,2,0.1,747.76,182.79
5307,ORD-5154,2024-09-24,2024-09-30,Standard Class,Aisha Rossi,Corporate,South,Miami,Technology,Phones,Phones - Model 430,2,0.4,490.15,-106.2
5308,ORD-5155,2024-11-23,2024-11-30,Standard Class,Fatima Diaz,Corporate,West,Phoenix,Office Supplies,Art,Art - Model 372,1,0.1,44.66,17.37
5309,ORD-5156,2023-09-08,2023-09-13,Second Class,Liam Rossi,Consumer,Central,Minneapolis,Technology,Phones,Phones - Model 690,1,0.0,217.53,69.61
5310,ORD-5157,2025-10-26,2025-11-01,Standard Class,Sofia Okafor,Consumer,East,Newark,Office Supplies,Labels,Labels - Model 157,3,0.0,48.75,21.94
5311,ORD-5158,2024-12-25,2025-01-01,Standard Class,Liam Khan,Corporate,South,Miami,Technology,Accessories,Accessories - Model 351,1,0.0,393.67,125.97
5312,ORD-5158,2024-12-25,2025-01-01,Standard Class,Liam Khan,Corporate,South,Miami,Technology,Accessories,Accessories - Model 468,3,0.1,649.74,158.83
5313,ORD-5158,2024-12-25,2025-01-01,Standard Class,Liam Khan,Corporate,South,Miami,Technology,Accessories,Accessories - Model 312,2,0.0,791.13,253.16
5314,ORD-5159,2023-06-01,2023-06-07,Standard Class,Liam Rossi,Home Office,Central,Houston,Furniture,Bookcases,Bookcases - Model 760,2,0.0,313.52,68.98
5315,ORD-5160,2024-10-19,2024-10-22,First Class,Sofia Müller,Consumer,West,San Francisco,Furniture,Tables,Tables - Model 679,1,0.2,170.41,4.26
5316,ORD-5161,2024-08-15,2024-08-20,Second Class,Liam Garcia,Home Office,East,New York,Technology,Phones,Phones - Model 148,1,0.4,141.29,-30.61
5317,ORD-5162,2024-09-15,2024-09-18,First Class,Maria Rossi,Home Office,West,Phoenix,Office Supplies,Storage,Storage - Model 185,1,0.15,29.58,10.44
5318,ORD-5162,2024-09-15,2024-09-18,First Class,Maria Rossi,Home Office,West,Phoenix,Office Supplies,Storage,Storage - Model 261,1,0.15,14.61,5.16
5319,ORD-5162,2024-09-15,2024-09-18,First Class,Maria Rossi,Home Office,West,Phoenix,Office Supplies,Storage,Storage - Model 665,4,0.0,142.06,63.93
5320,ORD-5163,2024-10-01,2024-10-03,First Class,Wei Chen,Consumer,Central,Chicago,Office Supplies,Labels,Labels - Model 259,1,0.1,43.45,16.9
5321,ORD-5164,2023-11-07,2023-11-14,Standard Class,James Chen,Consumer,South,Nashville,Office Supplies,Art,Art - Model 520,1,0.0,7.55,3.4
5322,ORD-5165,2025-04-01,2025-04-07,Standard Class,Carlos Khan,Corporate,South,Nashville,Office Supplies,Binders,Binders - Model 309,2,0.2,85.54,26.73
5323,ORD-5165,2025-04-01,2025-04-07,Standard Class,Carlos Khan,Corporate,South,Nashville,Office Supplies,Binders,Binders - Model 278,1,0.0,35.14,15.81
5324,ORD-5165,2025-04-01,2025-04-07,Standard Class,Carlos Khan,Corporate,South,Nashville,Office Supplies,Binders,Binders - Model 300,2,0.1,49.71,19.33
5325,ORD-5166,2025-08-13,2025-08-19,Standard Class,Sofia Novak,Consumer,South,Nashville,Furniture,Furnishings,Furnishings - Model 705,1,0.15,167.0,13.75
5326,ORD-5167,2023-06-04,2023-06-10,Standard Class,Aisha Okafor,Corporate,South,Nashville,Technology,Phones,Phones - Model 995,2,0.15,775.02,155.0
5327,ORD-5168,2023-12-29,2024-01-03,Second Class,Noah Khan,Consumer,West,Phoenix,Furniture,Bookcases,Bookcases - Model 379,1,0.0,66.72,14.67
5328,ORD-5169,2025-06-27,2025-07-04,Standard Class,Priya Okafor,Consumer,East,New York,Technology,Accessories,Accessories - Model 445,1,0.2,80.01,12.0
5329,ORD-5170,2023-04-18,2023-04-25,Standard Class,Sofia Nguyen,Corporate,South,Miami,Office Supplies,Art,Art - Model 936,1,0.0,33.38,15.02
5330,ORD-5170,2023-04-18,2023-04-25,Standard Class,Sofia Nguyen,Corporate,South,Miami,Office Supplies,Art,Art - Model 871,1,0.15,28.87,10.19
5331,ORD-5171,2025-03-09,2025-03-11,First Class,Fatima Silva,Corporate,West,Los Angeles,Office Supplies,Binders,Binders - Model 166,3,0.1,98.85,38.44
5332,ORD-5172,2025-07-29,2025-08-03,Second Class,Ivy Okafor,Home Office,South,Atlanta,Office Supplies,Binders,Binders - Model 730,2,0.0,82.12,36.96
5333,ORD-5173,2025-11-02,2025-11-05,First Class,Maria Smith,Home Office,West,Seattle,Office Supplies,Binders,Binders - Model 634,1,0.2,8.66,2.7
5334,ORD-5174,2025-08-25,2025-09-01,Standard Class,Ethan Garcia,Corporate,East,Philadelphia,Office Supplies,Paper,Paper - Model 795,2,0.2,61.28,19.15
5335,ORD-5174,2025-08-25,2025-09-01,Standard Class,Ethan Garcia,Corporate,East,Philadelphia,Office Supplies,Paper,Paper - Model 451,2,0.0,72.47,32.61
5336,ORD-5175,2024-08-05,2024-08-12,Standard Class,Sofia Okafor,Home Office,East,New York,Furniture,Chairs,Chairs - Model 986,1,0.0,311.42,68.51
5337,ORD-5176,2024-10-29,2024-11-03,Second Class,Wei Diaz,Corporate,West,Phoenix,Office Supplies,Art,Art - Model 222,2,0.0,91.35,41.11
5338,ORD-5176,2024-10-29,2024-11-03,Second Class,Wei Diaz,Corporate,West,Phoenix,Office Supplies,Art,Art - Model 117,1,0.1,59.6,23.18
5339,ORD-5176,2024-10-29,2024-11-03,Second Class,Wei Diaz,Corporate,West,Phoenix,Office Supplies,Art,Art - Model 764,1,0.0,55.0,24.75
5340,ORD-5177,2024-09-18,2024-09-24,Standard Class,Omar Garcia,Corporate,Central,Houston,Technology,Accessories,Accessories - Model 142,1,0.2,228.41,34.26
5341,ORD-5178,2025-03-27,2025-04-02,Standard Class,Fatima Silva,Corporate,West,San Francisco,Office Supplies,Art,Art - Model 757,3,0.0,112.16,50.47
5342,ORD-5179,2025-07-23,2025-07-23,Same Day,Aisha Smith,Consumer,West,Phoenix,Office Supplies,Labels,Labels - Model 464,5,0.2,209.92,65.6
5343,ORD-5180,2024-05-07,2024-05-14,Standard Class,Ivy Chen,Consumer,West,Los Angeles,Office Supplies,Binders,Binders - Model 671,1,0.0,37.58,16.91
5344,ORD-5181,2024-07-17,2024-07-23,Standard Class,Priya Okafor,Consumer,South,Miami,Technology,Copiers,Copiers - Model 328,2,0.0,597.0,191.04
5345,ORD-5182,2025-07-27,2025-08-02,Standard Class,Priya Müller,Consumer,South,Charlotte,Technology,Phones,Phones - Model 394,2,0.0,1005.26,321.69
5346,ORD-5182,2025-07-27,2025-08-02,Standard Class,Priya Müller,Consumer,South,Charlotte,Technology,Phones,Phones - Model 219,1,0.1,320.73,78.4
5347,ORD-5182,2025-07-27,2025-08-02,Standard Class,Priya Müller,Consumer,South,Charlotte,Technology,Phones,Phones - Model 654,4,0.2,1437.59,215.64
5348,ORD-5183,2025-03-15,2025-03-21,Standard Class,Priya Khan,Consumer,East,New York,Office Supplies,Paper,Paper - Model 613,3,0.0,50.47,22.71
5349,ORD-5184,2024-06-07,2024-06-14,Standard Class,Omar Garcia,Corporate,South,Charlotte,Office Supplies,Labels,Labels - Model 776,2,0.0,110.45,49.7
5350,ORD-5185,2024-11-24,2024-12-01,Standard Class,Carlos Brown,Consumer,Central,Minneapolis,Office Supplies,Binders,Binders - Model 277,2,0.1,63.35,24.64
5351,ORD-5185,2024-11-24,2024-12-01,Standard Class,Carlos Brown,Consumer,Central,Minneapolis,Office Supplies,Binders,Binders - Model 392,1,0.0,39.03,17.56
5352,ORD-5186,2024-12-18,2024-12-24,Standard Class,Noah Khan,Corporate,East,New York,Office Supplies,Paper,Paper - Model 173,1,0.1,29.29,11.39
5353,ORD-5186,2024-12-18,2024-12-24,Standard Class,Noah Khan,Corporate,East,New York,Office Supplies,Paper,Paper - Model 557,4,0.0,101.02,45.46
5354,ORD-5186,2024-12-18,2024-12-24,Standard Class,Noah Khan,Corporate,East,New York,Office Supplies,Paper,Paper - Model 767,2,0.0,79.29,35.68
5355,ORD-5187,2023-07-14,2023-07-20,Standard Class,Maria Garcia,Home Office,Central,Houston,Furniture,Tables,Tables - Model 126,1,0.0,232.75,51.2
5356,ORD-5188,2025-04-23,2025-04-27,Second Class,Wei Khan,Consumer,South,Nashville,Furniture,Furnishings,Furnishings - Model 664,1,0.3,177.65,-33.0
5357,ORD-5188,2025-04-23,2025-04-27,Second Class,Wei Khan,Consumer,South,Nashville,Furniture,Furnishings,Furnishings - Model 259,2,0.2,393.39,9.84
5358,ORD-5188,2025-04-23,2025-04-27,Second Class,Wei Khan,Consumer,South,Nashville,Furniture,Furnishings,Furnishings - Model 474,1,0.4,209.51,-80.32
5359,ORD-5189,2025-12-20,2025-12-26,Standard Class,Ivy Brown,Consumer,West,Los Angeles,Furniture,Chairs,Chairs - Model 609,1,0.1,186.82,24.91
5360,ORD-5190,2023-12-10,2023-12-16,Standard Class,Noah Silva,Corporate,East,New York,Technology,Machines,Machines - Model 888,1,0.15,399.86,79.97
5361,ORD-5190,2023-12-10,2023-12-16,Standard Class,Noah Silva,Corporate,East,New York,Technology,Machines,Machines - Model 165,2,0.1,750.33,183.42
5362,ORD-5191,2025-04-21,2025-04-28,Standard Class,Priya Müller,Consumer,South,Nashville,Office Supplies,Art,Art - Model 965,1,0.0,35.28,15.88
5363,ORD-5192,2023-05-05,2023-05-10,Second Class,James Chen,Consumer,Central,Minneapolis,Technology,Accessories,Accessories - Model 156,5,0.0,1884.64,603.08
5364,ORD-5193,2024-02-13,2024-02-19,Standard Class,Liam Nguyen,Corporate,East,Philadelphia,Furniture,Furnishings,Furnishings - Model 870,1,0.2,364.91,9.13
5365,ORD-5194,2023-08-05,2023-08-11,Standard Class,Aisha Smith,Home Office,South,Nashville,Office Supplies,Art,Art - Model 925,4,0.1,87.87,34.17
5366,ORD-5195,2023-01-08,2023-01-13,Second Class,Liam Kim,Consumer,West,San Francisco,Office Supplies,Labels,Labels - Model 620,2,0.0,53.23,23.95
5367,ORD-5195,2023-01-08,2023-01-13,Second Class,Liam Kim,Consumer,West,San Francisco,Office Supplies,Labels,Labels - Model 904,1,0.15,37.71,13.31
5368,ORD-5196,2025-05-07,2025-05-13,Standard Class,Noah Rossi,Consumer,West,Los Angeles,Technology,Machines,Machines - Model 729,2,0.1,1119.39,273.63
5369,ORD-5196,2025-05-07,2025-05-13,Standard Class,Noah Rossi,Consumer,West,Los Angeles,Technology,Machines,Machines - Model 974,1,0.4,165.8,-35.93
5370,ORD-5196,2025-05-07,2025-05-13,Standard Class,Noah Rossi,Consumer,West,Los Angeles,Technology,Machines,Machines - Model 610,1,0.0,291.89,93.41
5371,ORD-5197,2025-08-14,2025-08-20,Standard Class,Ethan Okafor,Corporate,Central,Chicago,Office Supplies,Binders,Binders - Model 694,1,0.3,19.53,2.78
5372,ORD-5198,2023-12-26,2023-12-31,Second Class,Carlos Rossi,Consumer,East,Boston,Office Supplies,Paper,Paper - Model 342,1,0.0,28.43,12.8
5373,ORD-5199,2023-03-16,2023-03-21,Second Class,Ivy Rossi,Consumer,West,Los Angeles,Office Supplies,Labels,Labels - Model 280,4,0.2,153.68,48.03
